============================================================
   Tang Dynasty, V5.6.71036
      Copyright (c) 2012-2023 Anlogic Inc.
   Executable = D:/TD/bin/td.exe
   Built at =   20:34:38 Mar 21 2023
   Run by =     lyw15
   Run Date =   Fri Oct 31 22:50:19 2025

   Run on =     -001
============================================================
RUN-1002 : start command "open_project ES8388.prj"
RUN-1001 : Print Global Property
RUN-1001 : ---------------------------------------------------------------
RUN-1001 :        Parameters        |  Settings  |  Default Values  |  Note  
RUN-1001 : ---------------------------------------------------------------
RUN-1001 :          message         |  standard  |     standard     |        
RUN-1001 :   mixed_pack_place_flow  |     on     |        on        |        
RUN-1001 :        qor_monitor       |    off     |       off        |        
RUN-1001 :        syn_ip_flow       |    off     |       off        |        
RUN-1001 :          thread          |    auto    |       auto       |        
RUN-1001 : ---------------------------------------------------------------
RUN-1001 : Print Design Property
RUN-1001 : --------------------------------------------------------------
RUN-1001 :        Parameters       |  Settings  |  Default Values  |  Note  
RUN-1001 : --------------------------------------------------------------
RUN-1001 :   default_reg_initial   |    auto    |       auto       |        
RUN-1001 :        infer_add        |     on     |        on        |        
RUN-1001 :        infer_fsm        |    off     |       off        |        
RUN-1001 :        infer_mult       |     on     |        on        |        
RUN-1001 :        infer_ram        |     on     |        on        |        
RUN-1001 :        infer_reg        |     on     |        on        |        
RUN-1001 :   infer_reg_init_value  |     on     |        on        |        
RUN-1001 :        infer_rom        |     on     |        on        |        
RUN-1001 :      infer_shifter      |     on     |        on        |        
RUN-1001 : --------------------------------------------------------------
RUN-1001 : Print Rtl Property
RUN-1001 : --------------------------------------------------------------
RUN-1001 :        Parameters       |  Settings  |  Default Values  |  Note  
RUN-1001 : --------------------------------------------------------------
RUN-1001 :       compress_add      |   ripple   |      ripple      |        
RUN-1001 :        elf_sload        |    off     |       off        |        
RUN-1001 :       fix_undriven      |     0      |        0         |        
RUN-1001 :         flatten         |    off     |       off        |        
RUN-1001 :       gate_sharing      |     on     |        on        |        
RUN-1001 :    hdl_warning_level    |   normal   |      normal      |        
RUN-1001 :   impl_internal_tribuf  |     on     |        on        |        
RUN-1001 :      impl_set_reset     |     on     |        on        |        
RUN-1001 :        infer_gsr        |    off     |       off        |        
RUN-1001 :      keep_hierarchy     |    auto    |       auto       |        
RUN-1001 :        max_fanout       |    9999    |       9999       |        
RUN-1001 :      max_oh2bin_len     |     10     |        10        |        
RUN-1001 :       merge_equal       |     on     |        on        |        
RUN-1001 :       merge_equiv       |     on     |        on        |        
RUN-1001 :        merge_mux        |    off     |       off        |        
RUN-1001 :     min_control_set     |     8      |        8         |        
RUN-1001 :      min_ripple_len     |    auto    |       auto       |        
RUN-1001 :       oh2bin_ratio      |    0.08    |       0.08       |        
RUN-1001 :     opt_adder_fanout    |     on     |        on        |        
RUN-1001 :        opt_arith        |     on     |        on        |        
RUN-1001 :       opt_big_gate      |    off     |       off        |        
RUN-1001 :        opt_const        |     on     |        on        |        
RUN-1001 :      opt_const_mult     |     on     |        on        |        
RUN-1001 :       opt_lessthan      |     on     |        on        |        
RUN-1001 :         opt_mux         |    off     |       off        |        
RUN-1001 :         opt_ram         |    high    |       high       |        
RUN-1001 :      rtl_sim_model      |    off     |       off        |        
RUN-1001 :         seq_syn         |     on     |        on        |        
RUN-1001 : --------------------------------------------------------------
HDL-1007 : analyze verilog file ../../al_ip/clk_wiz_0.v
HDL-1007 : undeclared symbol 'open', assumed default net type 'wire' in ../../al_ip/clk_wiz_0.v(80)
HDL-1007 : analyze verilog file ../../../RTL/audio_receive.v
HDL-1007 : analyze verilog file ../../../RTL/audio_send.v
HDL-1007 : analyze verilog file ../../../RTL/audio_speak.v
HDL-1007 : undeclared symbol 'processed_audio_1s', assumed default net type 'wire' in ../../../RTL/audio_speak.v(229)
HDL-1007 : analyze verilog file ../../../RTL/es8388_config.v
HDL-1007 : analyze verilog file ../../../RTL/es8388_ctrl.v
HDL-1007 : analyze verilog file ../../../RTL/i2c_dri.v
HDL-1007 : analyze verilog file ../../../RTL/i2c_reg_cfg.v
HDL-1007 : analyze verilog file ../../../RTL/spar_4mic_localization.v
HDL-1007 : analyze verilog file ../../../RTL/noise_suppress.v
HDL-1007 : analyze verilog file ../../../RTL/pitch_shift.v
HDL-5007 WARNING: loop variable declaration is not allowed in this mode of Verilog in ../../../RTL/pitch_shift.v(30)
HDL-1007 : analyze verilog file ../../../RTL/simple_denoise.v
RUN-1001 : Project manager successfully analyzed 12 source files.
RUN-1002 : start command "import_device eagle_s20.db -package EG4S20BG256"
ARC-1001 : Device Initialization.
ARC-1001 : ------------------------------------------------------------------
ARC-1001 :            OPTION            |          IO          |   SETTING   
ARC-1001 : ------------------------------------------------------------------
ARC-1001 :   cso_b/cclk/mosi/miso/dout  |  T3/R11/T10/P10/S11  |    gpio    
ARC-1001 :             done             |         P13          |    gpio    
ARC-1001 :           program_b          |          T2          |  dedicate  
ARC-1001 :        tdi/tms/tck/tdo       |   C12/A15/C14/E14    |  dedicate  
ARC-1001 : ------------------------------------------------------------------
ARC-1004 : Device setting, marked 5 dedicate IOs in total.
RUN-1002 : start command "import_db ../syn_1/ES8388_gate.db"
RUN-1001 : Importing database generated by Tang Dynasty, V5.6.71036.
RUN-1001 : Database version number 46146.
RUN-1001 : Import flow parameters
RUN-1001 : Import IO constraints
RUN-1001 : Import Inst constraints
RUN-1001 : Import design success TD_VERSION=5.6.71036 , DB_VERSION=46146
RUN-1002 : start command "place"
RUN-1001 : Open license file D:/TD/license/Anlogic.lic
RUN-1001 : Print Global Property
RUN-1001 : ---------------------------------------------------------------
RUN-1001 :        Parameters        |  Settings  |  Default Values  |  Note  
RUN-1001 : ---------------------------------------------------------------
RUN-1001 :          message         |  standard  |     standard     |        
RUN-1001 :   mixed_pack_place_flow  |     on     |        on        |        
RUN-1001 :        qor_monitor       |    off     |       off        |        
RUN-1001 :        syn_ip_flow       |    off     |       off        |        
RUN-1001 :          thread          |    auto    |       auto       |        
RUN-1001 : ---------------------------------------------------------------
RUN-1001 : Print Place Property
RUN-1001 : --------------------------------------------------------------
RUN-1001 :        Parameters       |  Settings  |  Default Values  |  Note  
RUN-1001 : --------------------------------------------------------------
RUN-1001 :      detailed_place     |     on     |        on        |        
RUN-1001 :          effort         |   medium   |      medium      |        
RUN-1001 :         fix_hold        |    off     |       off        |        
RUN-1001 :       legalization      |    ori     |       ori        |        
RUN-1001 :      new_spreading      |     on     |        on        |        
RUN-1001 :        opt_timing       |   medium   |      medium      |        
RUN-1001 :   post_clock_route_opt  |    off     |       off        |        
RUN-1001 :       pr_strategy       |     1      |        1         |        
RUN-1001 :        relaxation       |    1.00    |       1.00       |        
RUN-1001 :         retiming        |    off     |       off        |        
RUN-1001 : --------------------------------------------------------------
PHY-3001 : Placer runs in 24 thread(s).
RUN-1002 : start command "legalize_phy_inst"
SYN-1011 : Flatten model audio_speak
RUN-1002 : start command "phys_opt -simplify_lut"
SYN-4016 : Net ilaclk_1_dup_1 driven by BUFG (0 clock/control pins, 2 other pins).
SYN-4016 : Net ilaclk_2_dup_1 driven by BUFG (0 clock/control pins, 2 other pins).
SYN-4016 : Net ilaclk_3_dup_1 driven by BUFG (0 clock/control pins, 2 other pins).
SYN-4016 : Net ilaclk_dup_1 driven by BUFG (0 clock/control pins, 2 other pins).
SYN-4027 : Net aud_mclk_1_dup_1 is clkc1 of pll u1_pll_clk/pll_inst.
SYN-4019 : Net sys_clk_dup_1 is refclk of pll u1_pll_clk/pll_inst.
SYN-4020 : Net sys_clk_dup_1 is fbclk of pll u1_pll_clk/pll_inst.
SYN-4027 : Net aud_mclk_2_dup_1 is clkc1 of pll u2_pll_clk/pll_inst.
SYN-4019 : Net sys_clk_dup_1 is refclk of pll u2_pll_clk/pll_inst.
SYN-4020 : Net sys_clk_dup_1 is fbclk of pll u2_pll_clk/pll_inst.
SYN-4027 : Net aud_mclk_3_dup_1 is clkc1 of pll u3_pll_clk/pll_inst.
SYN-4019 : Net sys_clk_dup_1 is refclk of pll u3_pll_clk/pll_inst.
SYN-4020 : Net sys_clk_dup_1 is fbclk of pll u3_pll_clk/pll_inst.
SYN-4027 : Net aud_mclk_dup_1 is clkc1 of pll u_pll_clk/pll_inst.
SYN-4019 : Net sys_clk_dup_1 is refclk of pll u_pll_clk/pll_inst.
SYN-4020 : Net sys_clk_dup_1 is fbclk of pll u_pll_clk/pll_inst.
SYN-4024 : Net "aud_bclk_1_dup_1" drives clk pins.
SYN-4024 : Net "aud_bclk_3_dup_1" drives clk pins.
SYN-4024 : Net "aud_bclk_dup_1" drives clk pins.
SYN-4024 : Net "u1_es8388_ctrl/u_es8388_config/u_i2c_dri/dri_clk" drives clk pins.
SYN-4024 : Net "u2_es8388_ctrl/u_es8388_config/u_i2c_dri/dri_clk" drives clk pins.
SYN-4024 : Net "u3_es8388_ctrl/u_es8388_config/u_i2c_dri/dri_clk" drives clk pins.
SYN-4024 : Net "u_es8388_ctrl/u_es8388_config/u_i2c_dri/dri_clk" drives clk pins.
SYN-7503 WARNING: Net "aud_bclk_2_dup_1" drives clk pins. However it will not be tagged as clk net, for there's no more slots.
SYN-4025 : Tag rtl::Net aud_bclk_1_dup_1 as clock net
SYN-4025 : Tag rtl::Net aud_bclk_3_dup_1 as clock net
SYN-4025 : Tag rtl::Net aud_bclk_dup_1 as clock net
SYN-4025 : Tag rtl::Net aud_mclk_1_dup_1 as clock net
SYN-4025 : Tag rtl::Net aud_mclk_2_dup_1 as clock net
SYN-4025 : Tag rtl::Net aud_mclk_3_dup_1 as clock net
SYN-4025 : Tag rtl::Net aud_mclk_dup_1 as clock net
SYN-4025 : Tag rtl::Net ilaclk_1_dup_1 as clock net
SYN-4025 : Tag rtl::Net ilaclk_2_dup_1 as clock net
SYN-4025 : Tag rtl::Net ilaclk_3_dup_1 as clock net
SYN-4025 : Tag rtl::Net ilaclk_dup_1 as clock net
SYN-4025 : Tag rtl::Net sys_clk_dup_1 as clock net
SYN-4025 : Tag rtl::Net u1_es8388_ctrl/u_es8388_config/u_i2c_dri/dri_clk as clock net
SYN-4025 : Tag rtl::Net u2_es8388_ctrl/u_es8388_config/u_i2c_dri/dri_clk as clock net
SYN-4025 : Tag rtl::Net u3_es8388_ctrl/u_es8388_config/u_i2c_dri/dri_clk as clock net
SYN-4025 : Tag rtl::Net u_es8388_ctrl/u_es8388_config/u_i2c_dri/dri_clk as clock net
SYN-4026 : Tagged 16 rtl::Net as clock net
SYN-4015 : Create BUFG instance for clk Net aud_bclk_1_dup_1 to drive 83 clock pins.
SYN-4015 : Create BUFG instance for clk Net aud_bclk_3_dup_1 to drive 83 clock pins.
SYN-4015 : Create BUFG instance for clk Net aud_bclk_dup_1 to drive 80 clock pins.
SYN-4015 : Create BUFG instance for clk Net u1_es8388_ctrl/u_es8388_config/u_i2c_dri/dri_clk to drive 59 clock pins.
SYN-4015 : Create BUFG instance for clk Net u2_es8388_ctrl/u_es8388_config/u_i2c_dri/dri_clk to drive 59 clock pins.
SYN-4015 : Create BUFG instance for clk Net u3_es8388_ctrl/u_es8388_config/u_i2c_dri/dri_clk to drive 59 clock pins.
SYN-4015 : Create BUFG instance for clk Net u_es8388_ctrl/u_es8388_config/u_i2c_dri/dri_clk to drive 56 clock pins.
PHY-1001 : Populate physical database on model audio_speak.
RUN-1001 : There are total 13944 instances
RUN-0007 : 5748 luts, 7211 seqs, 593 mslices, 317 lslices, 55 pads, 0 brams, 2 dsps
RUN-1001 : There are total 15942 nets
RUN-1001 : 13621 nets have 2 pins
RUN-1001 : 1510 nets have [3 - 5] pins
RUN-1001 : 325 nets have [6 - 10] pins
RUN-1001 : 131 nets have [11 - 20] pins
RUN-1001 : 311 nets have [21 - 99] pins
RUN-1001 : 44 nets have 100+ pins
RUN-1001 : Report Control nets information:
RUN-1001 : DFF Distribution
RUN-1001 : ----------------------------------
RUN-1001 :   CE   |  SSR  |  ASR  |  DFF Count  
RUN-1001 : ----------------------------------
RUN-1001 :   No   |  No   |  No   |     24      
RUN-1001 :   No   |  No   |  Yes  |     671     
RUN-1001 :   No   |  Yes  |  No   |     27      
RUN-1001 :   Yes  |  No   |  No   |      0      
RUN-1001 :   Yes  |  No   |  Yes  |    6457     
RUN-1001 :   Yes  |  Yes  |  No   |     32      
RUN-1001 : ----------------------------------
RUN-0007 : Control Group Statistic
RUN-0007 : ---------------------------
RUN-0007 :   #CLK  |  #CE  |  #SSR/ASR  
RUN-0007 : ---------------------------
RUN-0007 :    9    |  277  |     11     
RUN-0007 : ---------------------------
RUN-0007 : Control Set = 292
PHY-3001 : Initial placement ...
PHY-3001 : design contains 13942 instances, 5748 luts, 7211 seqs, 910 slices, 188 macros(910 instances: 593 mslices 317 lslices)
PHY-3001 : Huge net led_dup_1 with 6372 pins
PHY-3001 : Huge net u_pitch_shift/read_ptr[1] with 3095 pins
PHY-3001 : Huge net u_pitch_shift/read_ptr[0] with 1650 pins
PHY-0007 : Cell area utilization is 38%
PHY-3001 : Global placement ...
PHY-3001 : Initial: Len = 2.85531e+06
PHY-3001 : Clustering ...
PHY-3001 : Level 0 #clusters 13942.
PHY-3001 : Level 1 #clusters 1423.
PHY-3001 : End clustering;  0.084810s wall, 0.125000s user + 0.015625s system = 0.140625s CPU (165.8%)

PHY-3001 : Run with size of 4
PHY-3001 : Cell area utilization is 38%
PHY-3001 : :::0::: Try harder cell spreading with beta_ = 0
PHY-3002 : Step(1): len = 597400, overlap = 217
PHY-3002 : Step(2): len = 540437, overlap = 286.781
PHY-3002 : Step(3): len = 381298, overlap = 444.812
PHY-3002 : Step(4): len = 347350, overlap = 496.25
PHY-3002 : Step(5): len = 278025, overlap = 625.312
PHY-3002 : Step(6): len = 245847, overlap = 692
PHY-3002 : Step(7): len = 198135, overlap = 745.875
PHY-3002 : Step(8): len = 176026, overlap = 788.594
PHY-3002 : Step(9): len = 150605, overlap = 832.656
PHY-3002 : Step(10): len = 138140, overlap = 884.375
PHY-3002 : Step(11): len = 119592, overlap = 944.344
PHY-3002 : Step(12): len = 109655, overlap = 967.688
PHY-3002 : Step(13): len = 96057.2, overlap = 1006.97
PHY-3002 : Step(14): len = 88584.1, overlap = 1058.34
PHY-3002 : Step(15): len = 77313.9, overlap = 1084.19
PHY-3002 : Step(16): len = 70982.5, overlap = 1094.03
PHY-3002 : Step(17): len = 63309.6, overlap = 1097.62
PHY-3001 : :::1::: Try harder cell spreading with beta_ = 4.26821e-07
PHY-3002 : Step(18): len = 76747.9, overlap = 1074.56
PHY-3002 : Step(19): len = 121776, overlap = 941.219
PHY-3002 : Step(20): len = 119504, overlap = 854.906
PHY-3002 : Step(21): len = 120928, overlap = 808.312
PHY-3002 : Step(22): len = 112864, overlap = 812.344
PHY-3002 : Step(23): len = 109358, overlap = 814.438
PHY-3002 : Step(24): len = 104248, overlap = 817.969
PHY-3002 : Step(25): len = 101840, overlap = 820.062
PHY-3002 : Step(26): len = 100329, overlap = 835.969
PHY-3002 : Step(27): len = 99506, overlap = 827
PHY-3002 : Step(28): len = 97564.7, overlap = 831.938
PHY-3002 : Step(29): len = 96314.4, overlap = 846.188
PHY-3002 : Step(30): len = 95271.3, overlap = 847.938
PHY-3002 : Step(31): len = 94213.9, overlap = 851.844
PHY-3002 : Step(32): len = 93299.5, overlap = 851.312
PHY-3002 : Step(33): len = 93158.3, overlap = 866.094
PHY-3002 : Step(34): len = 92432, overlap = 872.438
PHY-3002 : Step(35): len = 92079.1, overlap = 865.594
PHY-3002 : Step(36): len = 92004.7, overlap = 877.469
PHY-3002 : Step(37): len = 89871.9, overlap = 876.75
PHY-3002 : Step(38): len = 89621.9, overlap = 846.406
PHY-3002 : Step(39): len = 88711.9, overlap = 819.031
PHY-3002 : Step(40): len = 88957.7, overlap = 812.25
PHY-3002 : Step(41): len = 87965.4, overlap = 813.188
PHY-3002 : Step(42): len = 87492.7, overlap = 813.188
PHY-3002 : Step(43): len = 86191.3, overlap = 804.25
PHY-3002 : Step(44): len = 85896.2, overlap = 795
PHY-3002 : Step(45): len = 85198.3, overlap = 812.594
PHY-3002 : Step(46): len = 84771.2, overlap = 819.844
PHY-3002 : Step(47): len = 83439.4, overlap = 844.562
PHY-3001 : :::2::: Try harder cell spreading with beta_ = 8.53643e-07
PHY-3002 : Step(48): len = 90008.1, overlap = 833.875
PHY-3002 : Step(49): len = 94596.8, overlap = 820.344
PHY-3002 : Step(50): len = 95792.2, overlap = 807.438
PHY-3002 : Step(51): len = 96170.6, overlap = 803
PHY-3002 : Step(52): len = 96386.7, overlap = 793.594
PHY-3002 : Step(53): len = 96004, overlap = 787
PHY-3001 : :::3::: Try harder cell spreading with beta_ = 1.70729e-06
PHY-3002 : Step(54): len = 106106, overlap = 768.438
PHY-3002 : Step(55): len = 117009, overlap = 686.406
PHY-3002 : Step(56): len = 120874, overlap = 598.156
PHY-3002 : Step(57): len = 123165, overlap = 579.406
PHY-3002 : Step(58): len = 123504, overlap = 575.719
PHY-3002 : Step(59): len = 123165, overlap = 571.781
PHY-3002 : Step(60): len = 121272, overlap = 585.75
PHY-3002 : Step(61): len = 119095, overlap = 611.031
PHY-3002 : Step(62): len = 118158, overlap = 618.375
PHY-3002 : Step(63): len = 117918, overlap = 620.25
PHY-3002 : Step(64): len = 117106, overlap = 621.375
PHY-3001 : :::4::: Try harder cell spreading with beta_ = 3.41457e-06
PHY-3002 : Step(65): len = 128564, overlap = 562.562
PHY-3002 : Step(66): len = 139324, overlap = 410.406
PHY-3002 : Step(67): len = 143240, overlap = 392.125
PHY-3002 : Step(68): len = 144087, overlap = 384.875
PHY-3002 : Step(69): len = 143573, overlap = 403.344
PHY-3002 : Step(70): len = 142039, overlap = 398.094
PHY-3002 : Step(71): len = 141880, overlap = 418.031
PHY-3002 : Step(72): len = 141633, overlap = 428.094
PHY-3001 : :::5::: Try harder cell spreading with beta_ = 6.82914e-06
PHY-3002 : Step(73): len = 152370, overlap = 355.25
PHY-3002 : Step(74): len = 159673, overlap = 288.438
PHY-3002 : Step(75): len = 159547, overlap = 267.938
PHY-3002 : Step(76): len = 160441, overlap = 260.375
PHY-3002 : Step(77): len = 160515, overlap = 260.625
PHY-3002 : Step(78): len = 161271, overlap = 267.125
PHY-3002 : Step(79): len = 159631, overlap = 250.094
PHY-3002 : Step(80): len = 159532, overlap = 274.969
PHY-3002 : Step(81): len = 159253, overlap = 291.094
PHY-3002 : Step(82): len = 159208, overlap = 292.781
PHY-3002 : Step(83): len = 158614, overlap = 290.125
PHY-3001 : :::6::: Try harder cell spreading with beta_ = 1.36583e-05
PHY-3002 : Step(84): len = 166548, overlap = 286.719
PHY-3002 : Step(85): len = 173611, overlap = 234.406
PHY-3002 : Step(86): len = 174706, overlap = 187.969
PHY-3002 : Step(87): len = 176440, overlap = 177.25
PHY-3002 : Step(88): len = 177391, overlap = 156.938
PHY-3002 : Step(89): len = 179548, overlap = 142.594
PHY-3002 : Step(90): len = 179750, overlap = 137.281
PHY-3002 : Step(91): len = 179548, overlap = 141.531
PHY-3002 : Step(92): len = 178589, overlap = 159.281
PHY-3002 : Step(93): len = 179270, overlap = 172.094
PHY-3002 : Step(94): len = 179013, overlap = 175.094
PHY-3002 : Step(95): len = 178123, overlap = 193.75
PHY-3002 : Step(96): len = 177711, overlap = 211.375
PHY-3001 : :::7::: Try harder cell spreading with beta_ = 2.73166e-05
PHY-3002 : Step(97): len = 186354, overlap = 194.406
PHY-3002 : Step(98): len = 191758, overlap = 166.781
PHY-3002 : Step(99): len = 191073, overlap = 148.562
PHY-3002 : Step(100): len = 191256, overlap = 129.188
PHY-3002 : Step(101): len = 192398, overlap = 112.188
PHY-3002 : Step(102): len = 193519, overlap = 106.938
PHY-3002 : Step(103): len = 192749, overlap = 115.469
PHY-3002 : Step(104): len = 192387, overlap = 105.969
PHY-3002 : Step(105): len = 192521, overlap = 114.812
PHY-3001 : :::8::: Try harder cell spreading with beta_ = 5.46331e-05
PHY-3002 : Step(106): len = 199417, overlap = 76.5312
PHY-3002 : Step(107): len = 204778, overlap = 70.25
PHY-3002 : Step(108): len = 205239, overlap = 61.2812
PHY-3002 : Step(109): len = 205292, overlap = 62.4375
PHY-3002 : Step(110): len = 205940, overlap = 72.6562
PHY-3002 : Step(111): len = 206406, overlap = 68.2188
PHY-3002 : Step(112): len = 206632, overlap = 63.3125
PHY-3002 : Step(113): len = 207221, overlap = 61.3125
PHY-3002 : Step(114): len = 207702, overlap = 69.9688
PHY-3001 : :::9::: Try harder cell spreading with beta_ = 0.000109266
PHY-3002 : Step(115): len = 213494, overlap = 64.6562
PHY-3002 : Step(116): len = 219118, overlap = 58.5312
PHY-3002 : Step(117): len = 220737, overlap = 51.9062
PHY-3002 : Step(118): len = 222146, overlap = 46.25
PHY-3002 : Step(119): len = 222929, overlap = 44.375
PHY-3002 : Step(120): len = 223611, overlap = 39.3125
PHY-3002 : Step(121): len = 223607, overlap = 45.0625
PHY-3002 : Step(122): len = 224233, overlap = 42.7188
PHY-3002 : Step(123): len = 224654, overlap = 41.2188
PHY-3002 : Step(124): len = 224879, overlap = 38.6875
PHY-3002 : Step(125): len = 224210, overlap = 32.7188
PHY-3002 : Step(126): len = 224069, overlap = 34.4375
PHY-3002 : Step(127): len = 223852, overlap = 31.3438
PHY-3002 : Step(128): len = 223885, overlap = 31.875
PHY-3002 : Step(129): len = 223923, overlap = 28.75
PHY-3001 : :::10::: Try harder cell spreading with beta_ = 0.000210073
PHY-3002 : Step(130): len = 226721, overlap = 31.0625
PHY-3002 : Step(131): len = 231046, overlap = 31.4375
PHY-3002 : Step(132): len = 232852, overlap = 32.875
PHY-3002 : Step(133): len = 234700, overlap = 37.375
PHY-3002 : Step(134): len = 236001, overlap = 33.5625
PHY-3002 : Step(135): len = 236699, overlap = 27.75
PHY-3002 : Step(136): len = 236302, overlap = 22.3125
PHY-3002 : Step(137): len = 236379, overlap = 21.4375
PHY-3002 : Step(138): len = 237050, overlap = 20.4375
PHY-3002 : Step(139): len = 237615, overlap = 22.125
PHY-3002 : Step(140): len = 237318, overlap = 19.5625
PHY-3002 : Step(141): len = 237278, overlap = 21.4375
PHY-3002 : Step(142): len = 237936, overlap = 26
PHY-3002 : Step(143): len = 238319, overlap = 28.4688
PHY-3002 : Step(144): len = 238026, overlap = 23.5
PHY-3002 : Step(145): len = 237921, overlap = 20.75
PHY-3002 : Step(146): len = 238365, overlap = 21.8438
PHY-3002 : Step(147): len = 239019, overlap = 23.5312
PHY-3002 : Step(148): len = 238731, overlap = 19.8125
PHY-3002 : Step(149): len = 238661, overlap = 19.5625
PHY-3002 : Step(150): len = 238909, overlap = 20.5312
PHY-3001 : :::11::: Try harder cell spreading with beta_ = 0.000420147
PHY-3002 : Step(151): len = 241446, overlap = 22.1875
PHY-3002 : Step(152): len = 245403, overlap = 22.1875
PHY-3002 : Step(153): len = 246874, overlap = 21.3125
PHY-3002 : Step(154): len = 247771, overlap = 17.6875
PHY-3002 : Step(155): len = 248437, overlap = 18.0312
PHY-3002 : Step(156): len = 249108, overlap = 17.0312
PHY-3002 : Step(157): len = 249034, overlap = 17.4062
PHY-3002 : Step(158): len = 249457, overlap = 18.5938
PHY-3002 : Step(159): len = 250162, overlap = 19.0312
PHY-3002 : Step(160): len = 250689, overlap = 16.6875
PHY-3002 : Step(161): len = 250658, overlap = 16.9375
PHY-3002 : Step(162): len = 250466, overlap = 17.625
PHY-3002 : Step(163): len = 250488, overlap = 18.75
PHY-3002 : Step(164): len = 250519, overlap = 19.1875
PHY-3002 : Step(165): len = 250576, overlap = 17.6875
PHY-3001 : :::12::: Try harder cell spreading with beta_ = 0.000770749
PHY-3002 : Step(166): len = 251851, overlap = 14.4375
PHY-3002 : Step(167): len = 253939, overlap = 15.375
PHY-3002 : Step(168): len = 254713, overlap = 15.125
PHY-3002 : Step(169): len = 255594, overlap = 17.0625
PHY-3002 : Step(170): len = 256907, overlap = 16.8125
PHY-3002 : Step(171): len = 258446, overlap = 17.3125
PHY-3002 : Step(172): len = 258816, overlap = 18.1875
PHY-3002 : Step(173): len = 259204, overlap = 18.0625
PHY-3002 : Step(174): len = 259773, overlap = 17.5
PHY-3002 : Step(175): len = 260319, overlap = 18
PHY-3002 : Step(176): len = 260250, overlap = 17.625
PHY-3002 : Step(177): len = 260377, overlap = 17.375
PHY-3002 : Step(178): len = 260842, overlap = 18
PHY-3002 : Step(179): len = 261148, overlap = 15.375
PHY-3002 : Step(180): len = 261006, overlap = 15.625
PHY-3002 : Step(181): len = 261017, overlap = 16.125
PHY-3002 : Step(182): len = 261276, overlap = 15.5625
PHY-3001 : :::13::: Try harder cell spreading with beta_ = 0.00138828
PHY-3002 : Step(183): len = 262182, overlap = 15.5625
PHY-3002 : Step(184): len = 264563, overlap = 16.25
PHY-3002 : Step(185): len = 265680, overlap = 13.3125
PHY-3002 : Step(186): len = 267016, overlap = 14.0625
PHY-3002 : Step(187): len = 267871, overlap = 13.6875
PHY-3002 : Step(188): len = 268642, overlap = 13.9375
PHY-3002 : Step(189): len = 268929, overlap = 13.25
PHY-3002 : Step(190): len = 269102, overlap = 14.9375
PHY-3002 : Step(191): len = 269391, overlap = 15.25
PHY-3002 : Step(192): len = 269817, overlap = 15.9062
PHY-3002 : Step(193): len = 269990, overlap = 16.0312
PHY-3002 : Step(194): len = 270132, overlap = 15.4688
PHY-3002 : Step(195): len = 270268, overlap = 15.4688
PHY-3002 : Step(196): len = 270410, overlap = 14.9688
PHY-3002 : Step(197): len = 270331, overlap = 14.9688
PHY-3001 : Legalization ...
PHY-3001 : End legalization;  0.006172s wall, 0.000000s user + 0.000000s system = 0.000000s CPU (n/a%)

PHY-3001 : Run with size of 4
PHY-3001 : Cell area utilization is 45%
PHY-3001 : Analyzing congestion ...
RUN-1001 : Generating global routing grids ...
RUN-1001 : Building simple global routing graph ...
PHY-1001 : Generate routing nets ...
PHY-1001 : Reuse net number 0/15942.
PHY-1001 : Global iterations in 24 thread ...
PHY-1002 : len = 435192, over cnt = 1369(3%), over = 6330, worst = 46
PHY-1001 : End global iterations;  0.663600s wall, 0.734375s user + 0.218750s system = 0.953125s CPU (143.6%)

PHY-1001 : Congestion index: top1 = 61.85, top5 = 46.78, top10 = 39.93, top15 = 35.81.
PHY-3001 : End congestion estimation;  0.771047s wall, 0.843750s user + 0.234375s system = 1.078125s CPU (139.8%)

PHY-3001 : Update density targets...
PHY-3001 : Update congestion history...
PHY-3001 : :::0::: Try harder cell spreading with beta_ = 4.37644e-05
PHY-3002 : Step(198): len = 299393, overlap = 29.9375
PHY-3002 : Step(199): len = 310079, overlap = 27.5
PHY-3002 : Step(200): len = 311198, overlap = 30.5312
PHY-3002 : Step(201): len = 296288, overlap = 30.5312
PHY-3002 : Step(202): len = 288499, overlap = 30.8438
PHY-3002 : Step(203): len = 283481, overlap = 29.3438
PHY-3002 : Step(204): len = 272439, overlap = 30.0938
PHY-3002 : Step(205): len = 270355, overlap = 31.3438
PHY-3002 : Step(206): len = 271070, overlap = 33.3125
PHY-3002 : Step(207): len = 270006, overlap = 37.0938
PHY-3002 : Step(208): len = 261831, overlap = 42.0625
PHY-3002 : Step(209): len = 261244, overlap = 42.125
PHY-3002 : Step(210): len = 261255, overlap = 43.3438
PHY-3001 : :::1::: Try harder cell spreading with beta_ = 8.75288e-05
PHY-3002 : Step(211): len = 265629, overlap = 41.5
PHY-3002 : Step(212): len = 267704, overlap = 38.4375
PHY-3002 : Step(213): len = 270238, overlap = 36.375
PHY-3002 : Step(214): len = 273815, overlap = 34.6875
PHY-3001 : :::2::: Try harder cell spreading with beta_ = 0.000175058
PHY-3002 : Step(215): len = 278247, overlap = 37.9375
PHY-3002 : Step(216): len = 283982, overlap = 36.6875
PHY-3002 : Step(217): len = 291989, overlap = 34.6562
PHY-3002 : Step(218): len = 296113, overlap = 34
PHY-3002 : Step(219): len = 298434, overlap = 32.375
PHY-3002 : Step(220): len = 295742, overlap = 33.25
PHY-3002 : Step(221): len = 292612, overlap = 31.125
PHY-3001 : Run with size of 2
PHY-3001 : Cell area utilization is 45%
PHY-3001 : Analyzing congestion ...
RUN-1001 : Generating global routing grids ...
PHY-1001 : Generate routing nets ...
PHY-1001 : Reuse net number 198/15942.
PHY-1001 : Global iterations in 24 thread ...
PHY-1002 : len = 429128, over cnt = 1741(4%), over = 9315, worst = 53
PHY-1001 : End global iterations;  0.788766s wall, 0.843750s user + 0.296875s system = 1.140625s CPU (144.6%)

PHY-1001 : Congestion index: top1 = 74.29, top5 = 55.33, top10 = 47.33, top15 = 42.43.
PHY-3001 : End congestion estimation;  0.918564s wall, 0.984375s user + 0.296875s system = 1.281250s CPU (139.5%)

PHY-3001 : Update density targets...
PHY-3001 : Update congestion history...
PHY-3001 : :::0::: Try harder cell spreading with beta_ = 4.45412e-05
PHY-3002 : Step(222): len = 274692, overlap = 200.156
PHY-3002 : Step(223): len = 272331, overlap = 162.656
PHY-3002 : Step(224): len = 268638, overlap = 127.5
PHY-3002 : Step(225): len = 266641, overlap = 102.719
PHY-3002 : Step(226): len = 262510, overlap = 99.7812
PHY-3002 : Step(227): len = 259919, overlap = 87.625
PHY-3002 : Step(228): len = 262011, overlap = 86.5312
PHY-3002 : Step(229): len = 260902, overlap = 79.5938
PHY-3002 : Step(230): len = 255747, overlap = 82.8438
PHY-3002 : Step(231): len = 250852, overlap = 78.6562
PHY-3002 : Step(232): len = 249285, overlap = 86.3438
PHY-3002 : Step(233): len = 247434, overlap = 76.875
PHY-3001 : :::1::: Try harder cell spreading with beta_ = 8.90824e-05
PHY-3002 : Step(234): len = 250663, overlap = 69.2188
PHY-3002 : Step(235): len = 257300, overlap = 68.0312
PHY-3002 : Step(236): len = 260887, overlap = 66.875
PHY-3002 : Step(237): len = 261807, overlap = 65.8438
PHY-3001 : :::2::: Try harder cell spreading with beta_ = 0.000178165
PHY-3002 : Step(238): len = 262579, overlap = 66
PHY-3002 : Step(239): len = 263153, overlap = 65.875
PHY-3002 : Step(240): len = 263884, overlap = 64.8125
PHY-3002 : Step(241): len = 265417, overlap = 61
PHY-3002 : Step(242): len = 268266, overlap = 54.9062
OPT-1001 : Start physical optimization ...
OPT-1001 : Total overflow 355.72 peak overflow 4.94
OPT-1001 : Start high-fanout net optimization ...
OPT-1001 : Update timing in global mode
PHY-1001 : Start incremental global routing, caller is place ...
RUN-1001 : Generating global routing grids ...
PHY-1001 : Generate routing nets ...
PHY-1001 : Reuse net number 200/15942.
PHY-1001 : Global iterations in 24 thread ...
PHY-1002 : len = 437576, over cnt = 1983(5%), over = 7374, worst = 32
PHY-1001 : End global iterations;  1.342529s wall, 1.281250s user + 0.296875s system = 1.578125s CPU (117.5%)

PHY-1001 : Congestion index: top1 = 50.02, top5 = 40.60, top10 = 36.50, top15 = 34.00.
PHY-1001 : End incremental global routing;  1.480201s wall, 1.421875s user + 0.296875s system = 1.718750s CPU (116.1%)

RUN-1002 : start command "start_timer -report"
TMR-5001 WARNING: No sdc constraints found while initiating timer.
TMR-2505 : Start building timing graph for model audio_speak.
TMR-2506 : Build timing graph completely. Port num: 54, tpin num: 70660, tnet num: 14884, tinst num: 13942, tnode num: 99400, tedge num: 114580.
TMR-2508 : Levelizing timing graph completed, there are 43 levels in total.
TMR-2501 : Timing graph initialized successfully.
OPT-1001 : End timing update;  0.616304s wall, 0.546875s user + 0.062500s system = 0.609375s CPU (98.9%)

OPT-1001 : 0 high-fanout net processed.
OPT-1001 : End high-fanout net optimization;  2.297764s wall, 2.156250s user + 0.375000s system = 2.531250s CPU (110.2%)

OPT-1001 : Current memory(MB): used = 484, reserve = 462, peak = 484.
OPT-1001 : End physical optimization;  2.393720s wall, 2.250000s user + 0.375000s system = 2.625000s CPU (109.7%)

PHY-3001 : Start packing ...
SYN-4007 : Packing 0 MUX to BLE ...
SYN-4008 : Packed 0 MUX and 0 SEQ to BLE.
SYN-4007 : Packing 5748 LUT to BLE ...
SYN-4008 : Packed 5748 LUT and 553 SEQ to BLE.
SYN-4003 : Packing 6658 remaining SEQ's ...
SYN-4005 : Packed 4871 SEQ with LUT/SLICE
SYN-4006 : 424 single LUT's are left
SYN-4006 : 1787 single SEQ's are left
SYN-4011 : Packing model "audio_speak" (AL_USER_NORMAL) with 7535/8520 primitive instances ...
PHY-3001 : End packing;  0.956366s wall, 0.921875s user + 0.031250s system = 0.953125s CPU (99.7%)

PHY-1001 : Populate physical database on model audio_speak.
RUN-1001 : There are total 5654 instances
RUN-1001 : 2790 mslices, 2789 lslices, 55 pads, 0 brams, 2 dsps
RUN-1001 : There are total 15428 nets
RUN-1001 : 13067 nets have 2 pins
RUN-1001 : 1552 nets have [3 - 5] pins
RUN-1001 : 324 nets have [6 - 10] pins
RUN-1001 : 393 nets have [11 - 20] pins
RUN-1001 : 51 nets have [21 - 99] pins
RUN-1001 : 41 nets have 100+ pins
PHY-3001 : design contains 5652 instances, 5579 slices, 188 macros(910 instances: 593 mslices 317 lslices)
PHY-3001 : Huge net led_dup_1 with 4144 pins
PHY-3001 : Huge net u_pitch_shift/read_ptr[1] with 2131 pins
PHY-3001 : Huge net u_pitch_shift/read_ptr[0] with 1321 pins
PHY-3001 : Cell area utilization is 63%
PHY-3001 : After packing: Len = 298044, Over = 179
PHY-3001 : Run with size of 2
PHY-3001 : Cell area utilization is 63%
PHY-3001 : Analyzing congestion ...
RUN-1001 : Generating global routing grids ...
PHY-1001 : Generate routing nets ...
PHY-1001 : Reuse net number 4966/15428.
PHY-1001 : Global iterations in 24 thread ...
PHY-1002 : len = 479328, over cnt = 2063(5%), over = 5297, worst = 32
PHY-1002 : len = 503464, over cnt = 1285(3%), over = 2814, worst = 20
PHY-1002 : len = 525584, over cnt = 586(1%), over = 1181, worst = 20
PHY-1002 : len = 536536, over cnt = 211(0%), over = 422, worst = 9
PHY-1002 : len = 543704, over cnt = 0(0%), over = 0, worst = 0
PHY-1001 : End global iterations;  1.108657s wall, 1.218750s user + 0.531250s system = 1.750000s CPU (157.8%)

PHY-1001 : Congestion index: top1 = 45.30, top5 = 39.17, top10 = 36.21, top15 = 34.32.
PHY-3001 : End congestion estimation;  1.335982s wall, 1.437500s user + 0.546875s system = 1.984375s CPU (148.5%)

PHY-3001 : Update density targets...
PHY-3001 : Update congestion history...
PHY-3001 : :::0::: Try harder cell spreading with beta_ = 1.93897e-05
PHY-3002 : Step(243): len = 279381, overlap = 189
PHY-3002 : Step(244): len = 279580, overlap = 197
PHY-3002 : Step(245): len = 272214, overlap = 215.5
PHY-3002 : Step(246): len = 262105, overlap = 219
PHY-3002 : Step(247): len = 262374, overlap = 220
PHY-3002 : Step(248): len = 262848, overlap = 223.25
PHY-3001 : :::1::: Try harder cell spreading with beta_ = 3.87793e-05
PHY-3002 : Step(249): len = 268809, overlap = 209.75
PHY-3002 : Step(250): len = 271107, overlap = 209.25
PHY-3002 : Step(251): len = 273341, overlap = 199
PHY-3001 : :::2::: Try harder cell spreading with beta_ = 7.75587e-05
PHY-3002 : Step(252): len = 278923, overlap = 188.5
PHY-3002 : Step(253): len = 280908, overlap = 185.75
PHY-3002 : Step(254): len = 283638, overlap = 178.5
PHY-3002 : Step(255): len = 284664, overlap = 173.5
PHY-3002 : Step(256): len = 285102, overlap = 170
PHY-3001 : Legalization ...
PHY-3001 : End legalization;  1.039191s wall, 2.437500s user + 1.015625s system = 3.453125s CPU (332.3%)

PHY-3001 : Trial Legalized: Len = 355810
PHY-3001 : Run with size of 2
PHY-3001 : Cell area utilization is 63%
PHY-3001 : Analyzing congestion ...
RUN-1001 : Generating global routing grids ...
PHY-1001 : Generate routing nets ...
PHY-1001 : Reuse net number 600/15428.
PHY-1001 : Global iterations in 24 thread ...
PHY-1002 : len = 537048, over cnt = 2015(5%), over = 3200, worst = 6
PHY-1002 : len = 549256, over cnt = 1110(3%), over = 1615, worst = 6
PHY-1002 : len = 565240, over cnt = 268(0%), over = 378, worst = 4
PHY-1002 : len = 570544, over cnt = 11(0%), over = 12, worst = 2
PHY-1002 : len = 570832, over cnt = 0(0%), over = 0, worst = 0
PHY-1001 : End global iterations;  1.951998s wall, 2.015625s user + 0.359375s system = 2.375000s CPU (121.7%)

PHY-1001 : Congestion index: top1 = 43.66, top5 = 39.09, top10 = 36.75, top15 = 35.16.
PHY-3001 : End congestion estimation;  2.226966s wall, 2.265625s user + 0.375000s system = 2.640625s CPU (118.6%)

PHY-3001 : Update density targets...
PHY-3001 : Update congestion history...
PHY-3001 : :::0::: Try harder cell spreading with beta_ = 5.67381e-05
PHY-3002 : Step(257): len = 312640, overlap = 46.25
PHY-3002 : Step(258): len = 299810, overlap = 80.75
PHY-3002 : Step(259): len = 293602, overlap = 105.5
PHY-3002 : Step(260): len = 291050, overlap = 122.5
PHY-3002 : Step(261): len = 289021, overlap = 133.25
PHY-3001 : :::1::: Try harder cell spreading with beta_ = 0.000113476
PHY-3002 : Step(262): len = 294460, overlap = 124.5
PHY-3002 : Step(263): len = 296717, overlap = 124
PHY-3002 : Step(264): len = 299716, overlap = 118
PHY-3001 : :::2::: Try harder cell spreading with beta_ = 0.000226952
PHY-3002 : Step(265): len = 304972, overlap = 108
PHY-3002 : Step(266): len = 307303, overlap = 106.5
PHY-3002 : Step(267): len = 309809, overlap = 102.75
PHY-3002 : Step(268): len = 311658, overlap = 101
PHY-3002 : Step(269): len = 314238, overlap = 102.75
PHY-3001 : Legalization ...
PHY-3001 : End legalization;  0.011583s wall, 0.000000s user + 0.000000s system = 0.000000s CPU (n/a%)

PHY-3001 : Legalized: Len = 341251, Over = 0
PHY-3001 : Spreading special nets. 40 overflows in 2952 tiles.
PHY-3001 : End spreading;  0.037589s wall, 0.031250s user + 0.000000s system = 0.031250s CPU (83.1%)

PHY-3001 : 53 instances has been re-located, deltaX = 15, deltaY = 32, maxDist = 2.
PHY-3001 : Final: Len = 342355, Over = 0
OPT-1001 : Start physical optimization ...
OPT-1001 : Total overflow 0.00 peak overflow 0.00
OPT-1001 : Start high-fanout net optimization ...
OPT-1001 : Update timing in global mode
PHY-1001 : Start incremental global routing, caller is place ...
RUN-1001 : Generating global routing grids ...
PHY-1001 : Generate routing nets ...
PHY-1001 : Reuse net number 2701/15428.
PHY-1001 : Global iterations in 24 thread ...
PHY-1002 : len = 537216, over cnt = 1834(5%), over = 2975, worst = 7
PHY-1002 : len = 548664, over cnt = 1020(2%), over = 1443, worst = 6
PHY-1002 : len = 556576, over cnt = 552(1%), over = 798, worst = 5
PHY-1002 : len = 565568, over cnt = 190(0%), over = 263, worst = 3
PHY-1002 : len = 569792, over cnt = 0(0%), over = 0, worst = 0
PHY-1001 : End global iterations;  1.677665s wall, 1.640625s user + 0.312500s system = 1.953125s CPU (116.4%)

PHY-1001 : Congestion index: top1 = 43.56, top5 = 38.71, top10 = 36.19, top15 = 34.52.
PHY-1001 : End incremental global routing;  1.894096s wall, 1.843750s user + 0.312500s system = 2.156250s CPU (113.8%)

RUN-1002 : start command "start_timer -report"
TMR-5001 WARNING: No sdc constraints found while initiating timer.
TMR-2505 : Start building timing graph for model audio_speak.
TMR-2506 : Build timing graph completely. Port num: 54, tpin num: 62312, tnet num: 14370, tinst num: 5652, tnode num: 83567, tedge num: 101623.
TMR-2508 : Levelizing timing graph completed, there are 41 levels in total.
TMR-2501 : Timing graph initialized successfully.
OPT-1001 : End timing update;  0.822245s wall, 0.796875s user + 0.015625s system = 0.812500s CPU (98.8%)

OPT-1001 : 0 high-fanout net processed.
OPT-1001 : End high-fanout net optimization;  2.947271s wall, 2.875000s user + 0.328125s system = 3.203125s CPU (108.7%)

OPT-1001 : Current memory(MB): used = 510, reserve = 491, peak = 510.
OPT-1001 : Update timing in Manhattan mode
OPT-1001 : End timing update;  0.015970s wall, 0.015625s user + 0.000000s system = 0.015625s CPU (97.8%)

OPT-1001 : Start pin optimization...
OPT-1001 : skip pin optimization...
RUN-1001 : Generating global routing grids ...
PHY-1001 : Generate routing nets ...
PHY-1001 : Reuse net number 11257/15428.
PHY-1001 : Global iterations in 24 thread ...
PHY-1002 : len = 569792, over cnt = 0(0%), over = 0, worst = 0
PHY-1001 : End global iterations;  0.059258s wall, 0.046875s user + 0.000000s system = 0.046875s CPU (79.1%)

PHY-1001 : Congestion index: top1 = 43.56, top5 = 38.71, top10 = 36.19, top15 = 34.52.
OPT-1001 : Update timing in Manhattan mode
OPT-1001 : End timing update;  0.017703s wall, 0.015625s user + 0.000000s system = 0.015625s CPU (88.3%)

RUN-1001 : QoR Analysis:
OPT-0007 :   WNS 2147483647 TNS 0 NUM_FEPS 0
RUN-1001 :   No local congestion issue, and most congested 1% tile average routing util is 43.206897
RUN-1001 :   Top critical paths
OPT-1001 : End physical optimization;  3.306022s wall, 3.218750s user + 0.359375s system = 3.578125s CPU (108.2%)

RUN-1003 : finish command "place" in  20.996895s wall, 32.000000s user + 17.218750s system = 49.218750s CPU (234.4%)

RUN-1004 : used memory is 401 MB, reserved memory is 378 MB, peak memory is 519 MB
RUN-1002 : start command "export_db ES8388_place.db"
RUN-1001 : Exported /
RUN-1001 : Exported flow parameters
RUN-1001 : Exported libs
RUN-1001 : Exported entities
RUN-1001 : Exported ports
RUN-1001 : Exported pins
RUN-1001 : Exported instances
RUN-1001 : Exported nets
RUN-1001 : Exported buses
RUN-1001 : Exported models
RUN-1001 : Exported congestions
RUN-1001 : Exported violations
RUN-1001 : Exported IO constraints
RUN-1001 : Exported Inst constraints
RUN-1003 : finish command "export_db ES8388_place.db" in  1.008348s wall, 1.515625s user + 0.062500s system = 1.578125s CPU (156.5%)

RUN-1004 : used memory is 422 MB, reserved memory is 402 MB, peak memory is 519 MB
RUN-1002 : start command "route"
RUN-1001 : Open license file D:/TD/license/Anlogic.lic
RUN-1001 : Print Global Property
RUN-1001 : ---------------------------------------------------------------
RUN-1001 :        Parameters        |  Settings  |  Default Values  |  Note  
RUN-1001 : ---------------------------------------------------------------
RUN-1001 :          message         |  standard  |     standard     |        
RUN-1001 :   mixed_pack_place_flow  |     on     |        on        |        
RUN-1001 :        qor_monitor       |    off     |       off        |        
RUN-1001 :        syn_ip_flow       |    off     |       off        |        
RUN-1001 :          thread          |    auto    |       auto       |        
RUN-1001 : ---------------------------------------------------------------
RUN-1001 : Print Route Property
RUN-1001 : -------------------------------------------------------
RUN-1001 :    Parameters    |  Settings  |  Default Values  |  Note  
RUN-1001 : -------------------------------------------------------
RUN-1001 :      effort      |   medium   |      medium      |        
RUN-1001 :     fix_hold     |    off     |       off        |        
RUN-1001 :    opt_timing    |   medium   |      medium      |        
RUN-1001 :   phy_sim_model  |    off     |       off        |        
RUN-1001 :     priority     |   timing   |      timing      |        
RUN-1001 :     swap_pin     |     on     |        on        |        
RUN-1001 : -------------------------------------------------------
PHY-1001 : Route runs in 24 thread(s)
RUN-1001 : There are total 5654 instances
RUN-1001 : 2790 mslices, 2789 lslices, 55 pads, 0 brams, 2 dsps
RUN-1001 : There are total 15428 nets
RUN-1001 : 13067 nets have 2 pins
RUN-1001 : 1552 nets have [3 - 5] pins
RUN-1001 : 324 nets have [6 - 10] pins
RUN-1001 : 393 nets have [11 - 20] pins
RUN-1001 : 51 nets have [21 - 99] pins
RUN-1001 : 41 nets have 100+ pins
RUN-1002 : start command "start_timer -report"
TMR-5001 WARNING: No sdc constraints found while initiating timer.
TMR-2505 : Start building timing graph for model audio_speak.
TMR-2506 : Build timing graph completely. Port num: 54, tpin num: 62312, tnet num: 14370, tinst num: 5652, tnode num: 83567, tedge num: 101623.
TMR-2508 : Levelizing timing graph completed, there are 41 levels in total.
TMR-2501 : Timing graph initialized successfully.
PHY-1001 : 2790 mslices, 2789 lslices, 55 pads, 0 brams, 2 dsps
TMR-2503 : Start to update net delay, extr mode = 3.
TMR-2504 : Update delay of 14370 nets completely.
TMR-2502 : Annotate delay completely, extr mode = 3.
TMR-3002 : No user constraint, initiate default constraint.
TMR-1501 : Assign derive clock DeriveClock to 9396 clock pins, and constraint 21247 relative nodes.
TMR-3003 : Constraints initiated successfully.
TMR-3501 : Forward propagation: start to calculate arrival time...
TMR-3502 : Backward propagation: start to calculate required time...
TMR-3503 : Timing propagation completes.
PHY-1001 : Start global routing, caller is route ...
RUN-1001 : Generating global routing grids ...
PHY-1001 : Generate routing nets ...
PHY-1001 : Global iterations in 24 thread ...
PHY-1002 : len = 514200, over cnt = 2007(5%), over = 3443, worst = 6
PHY-1002 : len = 526440, over cnt = 1327(3%), over = 2067, worst = 6
PHY-1002 : len = 545504, over cnt = 459(1%), over = 663, worst = 5
PHY-1002 : len = 556632, over cnt = 2(0%), over = 2, worst = 1
PHY-1002 : len = 556728, over cnt = 0(0%), over = 0, worst = 0
PHY-1001 : End global iterations;  2.267618s wall, 2.031250s user + 0.468750s system = 2.500000s CPU (110.2%)

PHY-1001 : Congestion index: top1 = 43.77, top5 = 38.55, top10 = 36.04, top15 = 34.34.
PHY-1001 : End global routing;  2.457770s wall, 2.218750s user + 0.484375s system = 2.703125s CPU (110.0%)

PHY-1001 : Start detail routing ...
PHY-1001 : Current memory(MB): used = 616, reserve = 600, peak = 616.
PHY-1001 : Detailed router is running in normal mode.
PHY-1001 : Generate detailed routing grids ...
PHY-1001 : Processed IO instance aud_dacdat_syn_4 with INV attribute.
PHY-1001 : Processed IO instance aud_dacdat_1_syn_4 with INV attribute.
PHY-1001 : Processed IO instance aud_dacdat_3_syn_4 with INV attribute.
PHY-1001 : Generate nets ...
PHY-1001 : clock net aud_bclk_syn_4 will be merged with clock aud_bclk_dup_1
PHY-1001 : clock net aud_bclk_1_syn_4 will be merged with clock aud_bclk_1_dup_1
PHY-1001 : clock net aud_bclk_3_syn_4 will be merged with clock aud_bclk_3_dup_1
PHY-1001 : net aud_mclk_dup_1 will be routed on clock mesh
PHY-1001 : net aud_mclk_1_dup_1 will be routed on clock mesh
PHY-1001 : net aud_mclk_2_dup_1 will be routed on clock mesh
PHY-1001 : net aud_mclk_3_dup_1 will be routed on clock mesh
PHY-1001 : clock net ilaclk_dup_1 will be merged with clock u_pll_clk/clk0_buf
PHY-1001 : clock net ilaclk_1_dup_1 will be merged with clock u1_pll_clk/clk0_buf
PHY-1001 : clock net ilaclk_2_dup_1 will be merged with clock u2_pll_clk/clk0_buf
PHY-1001 : clock net ilaclk_3_dup_1 will be merged with clock u3_pll_clk/clk0_buf
PHY-1001 : net sys_clk_dup_1 will be routed on clock mesh
PHY-1001 : clock net u1_es8388_ctrl/u_es8388_config/u_i2c_dri/dri_clk_syn_4 will be merged with clock u1_es8388_ctrl/u_es8388_config/u_i2c_dri/dri_clk
PHY-1001 : clock net u2_es8388_ctrl/u_es8388_config/u_i2c_dri/dri_clk_syn_4 will be merged with clock u2_es8388_ctrl/u_es8388_config/u_i2c_dri/dri_clk
PHY-1001 : clock net u3_es8388_ctrl/u_es8388_config/u_i2c_dri/dri_clk_syn_4 will be merged with clock u3_es8388_ctrl/u_es8388_config/u_i2c_dri/dri_clk
PHY-1001 : clock net u_es8388_ctrl/u_es8388_config/u_i2c_dri/dri_clk_syn_4 will be merged with clock u_es8388_ctrl/u_es8388_config/u_i2c_dri/dri_clk
PHY-1001 : Current memory(MB): used = 876, reserve = 864, peak = 877.
PHY-1001 : End build detailed router design. 2.896861s wall, 2.843750s user + 0.031250s system = 2.875000s CPU (99.2%)

PHY-1001 : Detail Route ...
PHY-1001 : ===== Detail Route Phase 1 =====
PHY-1001 : Clock net routing.....
PHY-1001 : Routed 0% nets.
PHY-1022 : len = 166184, over cnt = 0(0%), over = 0, worst = 0, crit = 0
PHY-1001 : End initial clock net routed; 3.535872s wall, 3.515625s user + 0.000000s system = 3.515625s CPU (99.4%)

PHY-1001 : Current memory(MB): used = 913, reserve = 902, peak = 913.
PHY-1001 : End phase 1; 3.540485s wall, 3.515625s user + 0.000000s system = 3.515625s CPU (99.3%)

PHY-1001 : ===== Detail Route Phase 2 =====
PHY-1001 : Initial routing.....
PHY-1001 : Routed 51% nets.
PHY-1001 : Routed 57% nets.
PHY-1001 : Routed 67% nets.
PHY-1001 : Routed 77% nets.
PHY-1001 : Routed 89% nets.
PHY-1001 : ===== Detail Route Phase 3 =====
PHY-1001 : Routed 89% nets.
PHY-1022 : len = 3.0328e+06, over cnt = 1015(0%), over = 1015, worst = 1, crit = 0
PHY-1001 : End Routed; 0.371988s wall, 0.343750s user + 0.015625s system = 0.359375s CPU (96.6%)

PHY-1022 : len = 3.0328e+06, over cnt = 1015(0%), over = 1015, worst = 1, crit = 0
PHY-1001 : Current memory(MB): used = 924, reserve = 912, peak = 924.
PHY-1001 : End initial routed; 12.817317s wall, 13.750000s user + 5.093750s system = 18.843750s CPU (147.0%)

PHY-1001 : Current memory(MB): used = 924, reserve = 912, peak = 924.
PHY-1001 : End phase 3; 12.817416s wall, 13.750000s user + 5.093750s system = 18.843750s CPU (147.0%)

PHY-1001 : ===== Detail Route Phase 4 =====
PHY-0007 : Phase: 4; Congestion: {, , , }; Timing: {4.008ns, 0.000ns, 0}
PHY-1001 : Ripup-reroute.....
PHY-1001 : ===== DR Iter 1 =====
PHY-1022 : len = 2.96806e+06, over cnt = 397(0%), over = 397, worst = 1, crit = 0
PHY-1001 : End DR Iter 1; 2.769296s wall, 3.562500s user + 0.218750s system = 3.781250s CPU (136.5%)

PHY-1001 : ===== DR Iter 2 =====
PHY-1022 : len = 2.95838e+06, over cnt = 110(0%), over = 110, worst = 1, crit = 0
PHY-1001 : End DR Iter 2; 0.850502s wall, 0.890625s user + 0.062500s system = 0.953125s CPU (112.1%)

PHY-1001 : ===== DR Iter 3 =====
PHY-1022 : len = 2.95675e+06, over cnt = 15(0%), over = 15, worst = 1, crit = 0
PHY-1001 : End DR Iter 3; 0.306150s wall, 0.234375s user + 0.140625s system = 0.375000s CPU (122.5%)

PHY-1001 : ===== DR Iter 4 =====
PHY-1022 : len = 2.95646e+06, over cnt = 4(0%), over = 4, worst = 1, crit = 0
PHY-1001 : End DR Iter 4; 0.159987s wall, 0.140625s user + 0.031250s system = 0.171875s CPU (107.4%)

PHY-1001 : ===== DR Iter 5 =====
PHY-1022 : len = 2.95639e+06, over cnt = 1(0%), over = 1, worst = 1, crit = 0
PHY-1001 : End DR Iter 5; 0.149496s wall, 0.125000s user + 0.015625s system = 0.140625s CPU (94.1%)

PHY-1001 : ===== DR Iter 6 =====
PHY-1022 : len = 2.95639e+06, over cnt = 1(0%), over = 1, worst = 1, crit = 0
PHY-1001 : End DR Iter 6; 0.142651s wall, 0.140625s user + 0.000000s system = 0.140625s CPU (98.6%)

PHY-1001 : ===== DR Iter 7 =====
PHY-1022 : len = 2.95639e+06, over cnt = 1(0%), over = 1, worst = 1, crit = 0
PHY-1001 : End DR Iter 7; 0.205151s wall, 0.187500s user + 0.015625s system = 0.203125s CPU (99.0%)

PHY-1001 : ===== DR Iter 8 =====
PHY-1022 : len = 2.95639e+06, over cnt = 1(0%), over = 1, worst = 1, crit = 0
PHY-1001 : End DR Iter 8; 0.102160s wall, 0.078125s user + 0.015625s system = 0.093750s CPU (91.8%)

PHY-1001 : ==== DR Iter 9 ====
PHY-1022 : len = 2.95639e+06, over cnt = 1(0%), over = 1, worst = 1, crit = 0
PHY-1001 : End DR Iter 9; 0.102739s wall, 0.078125s user + 0.000000s system = 0.078125s CPU (76.0%)

PHY-1001 : ==== DR Iter 10 ====
PHY-1022 : len = 2.95639e+06, over cnt = 1(0%), over = 1, worst = 1, crit = 0
PHY-1001 : End DR Iter 10; 0.107238s wall, 0.140625s user + 0.046875s system = 0.187500s CPU (174.8%)

PHY-1001 : ==== DR Iter 11 ====
PHY-1022 : len = 2.95639e+06, over cnt = 1(0%), over = 1, worst = 1, crit = 0
PHY-1001 : End DR Iter 11; 0.138372s wall, 0.093750s user + 0.078125s system = 0.171875s CPU (124.2%)

PHY-1001 : ==== DR Iter 12 ====
PHY-1022 : len = 2.95639e+06, over cnt = 1(0%), over = 1, worst = 1, crit = 0
PHY-1001 : End DR Iter 12; 0.196979s wall, 0.187500s user + 0.015625s system = 0.203125s CPU (103.1%)

PHY-1001 : ===== DR Iter 13 =====
PHY-1022 : len = 2.9564e+06, over cnt = 1(0%), over = 1, worst = 1, crit = 0
PHY-1001 : End DR Iter 13; 0.104348s wall, 0.093750s user + 0.000000s system = 0.093750s CPU (89.8%)

PHY-1001 : ==== DR Iter 14 ====
PHY-1022 : len = 2.95639e+06, over cnt = 1(0%), over = 1, worst = 1, crit = 0
PHY-1001 : End DR Iter 14; 0.097105s wall, 0.093750s user + 0.000000s system = 0.093750s CPU (96.5%)

PHY-1001 : ==== DR Iter 15 ====
PHY-1022 : len = 2.95639e+06, over cnt = 1(0%), over = 1, worst = 1, crit = 0
PHY-1001 : End DR Iter 15; 0.107021s wall, 0.109375s user + 0.000000s system = 0.109375s CPU (102.2%)

PHY-1001 : ==== DR Iter 16 ====
PHY-1022 : len = 2.95639e+06, over cnt = 1(0%), over = 1, worst = 1, crit = 0
PHY-1001 : End DR Iter 16; 0.129027s wall, 0.109375s user + 0.046875s system = 0.156250s CPU (121.1%)

PHY-1001 : ==== DR Iter 17 ====
PHY-1022 : len = 2.95639e+06, over cnt = 1(0%), over = 1, worst = 1, crit = 0
PHY-1001 : End DR Iter 17; 0.195424s wall, 0.187500s user + 0.000000s system = 0.187500s CPU (95.9%)

PHY-1001 : ==== DR Iter 18 ====
PHY-1022 : len = 2.95639e+06, over cnt = 1(0%), over = 1, worst = 1, crit = 0
PHY-1001 : End DR Iter 18; 0.221159s wall, 0.250000s user + 0.062500s system = 0.312500s CPU (141.3%)

PHY-1001 : ===== DR Iter 19 =====
PHY-1022 : len = 2.9564e+06, over cnt = 1(0%), over = 1, worst = 1, crit = 0
PHY-1001 : End DR Iter 19; 0.099923s wall, 0.093750s user + 0.000000s system = 0.093750s CPU (93.8%)

PHY-1001 : ==== DR Iter 20 ====
PHY-1022 : len = 2.95639e+06, over cnt = 1(0%), over = 1, worst = 1, crit = 0
PHY-1001 : End DR Iter 20; 0.098466s wall, 0.140625s user + 0.031250s system = 0.171875s CPU (174.6%)

PHY-1001 : ==== DR Iter 21 ====
PHY-1022 : len = 2.95639e+06, over cnt = 1(0%), over = 1, worst = 1, crit = 0
PHY-1001 : End DR Iter 21; 0.109313s wall, 0.093750s user + 0.000000s system = 0.093750s CPU (85.8%)

PHY-1001 : ==== DR Iter 22 ====
PHY-1022 : len = 2.95639e+06, over cnt = 1(0%), over = 1, worst = 1, crit = 0
PHY-1001 : End DR Iter 22; 0.131165s wall, 0.125000s user + 0.015625s system = 0.140625s CPU (107.2%)

PHY-1001 : ==== DR Iter 23 ====
PHY-1022 : len = 2.95639e+06, over cnt = 1(0%), over = 1, worst = 1, crit = 0
PHY-1001 : End DR Iter 23; 0.201847s wall, 0.171875s user + 0.031250s system = 0.203125s CPU (100.6%)

PHY-1001 : ==== DR Iter 24 ====
PHY-1022 : len = 2.95639e+06, over cnt = 1(0%), over = 1, worst = 1, crit = 0
PHY-1001 : End DR Iter 24; 0.225923s wall, 0.171875s user + 0.015625s system = 0.187500s CPU (83.0%)

PHY-1001 : ==== DR Iter 25 ====
PHY-1022 : len = 2.95639e+06, over cnt = 1(0%), over = 1, worst = 1, crit = 0
PHY-1001 : End DR Iter 25; 0.599730s wall, 0.578125s user + 0.031250s system = 0.609375s CPU (101.6%)

PHY-1001 : ===== DR Iter 26 =====
PHY-1022 : len = 2.95639e+06, over cnt = 1(0%), over = 1, worst = 1, crit = 0
PHY-1001 : End DR Iter 26; 0.096190s wall, 0.125000s user + 0.031250s system = 0.156250s CPU (162.4%)

PHY-1001 : ==== DR Iter 27 ====
PHY-1022 : len = 2.95639e+06, over cnt = 1(0%), over = 1, worst = 1, crit = 0
PHY-1001 : End DR Iter 27; 0.104431s wall, 0.093750s user + 0.015625s system = 0.109375s CPU (104.7%)

PHY-1001 : ==== DR Iter 28 ====
PHY-1022 : len = 2.95639e+06, over cnt = 1(0%), over = 1, worst = 1, crit = 0
PHY-1001 : End DR Iter 28; 0.109364s wall, 0.109375s user + 0.000000s system = 0.109375s CPU (100.0%)

PHY-1001 : ==== DR Iter 29 ====
PHY-1022 : len = 2.95639e+06, over cnt = 1(0%), over = 1, worst = 1, crit = 0
PHY-1001 : End DR Iter 29; 0.131091s wall, 0.125000s user + 0.000000s system = 0.125000s CPU (95.4%)

PHY-1001 : ==== DR Iter 30 ====
PHY-1022 : len = 2.95639e+06, over cnt = 1(0%), over = 1, worst = 1, crit = 0
PHY-1001 : End DR Iter 30; 0.202588s wall, 0.187500s user + 0.000000s system = 0.187500s CPU (92.6%)

PHY-1001 : ==== DR Iter 31 ====
PHY-1022 : len = 2.95639e+06, over cnt = 1(0%), over = 1, worst = 1, crit = 0
PHY-1001 : End DR Iter 31; 0.219730s wall, 0.187500s user + 0.031250s system = 0.218750s CPU (99.6%)

PHY-1001 : ==== DR Iter 32 ====
PHY-1022 : len = 2.95639e+06, over cnt = 1(0%), over = 1, worst = 1, crit = 0
PHY-1001 : End DR Iter 32; 0.605985s wall, 0.609375s user + 0.000000s system = 0.609375s CPU (100.6%)

PHY-1001 : ==== DR Iter 33 ====
PHY-1022 : len = 2.95639e+06, over cnt = 1(0%), over = 1, worst = 1, crit = 0
PHY-1001 : End DR Iter 33; 0.586703s wall, 0.578125s user + 0.015625s system = 0.593750s CPU (101.2%)

PHY-1001 : ===== DR Iter 34 =====
PHY-1022 : len = 2.95639e+06, over cnt = 1(0%), over = 1, worst = 1, crit = 0
PHY-1001 : End DR Iter 34; 0.095273s wall, 0.093750s user + 0.000000s system = 0.093750s CPU (98.4%)

PHY-1001 : ==== DR Iter 35 ====
PHY-1022 : len = 2.95639e+06, over cnt = 1(0%), over = 1, worst = 1, crit = 0
PHY-1001 : End DR Iter 35; 0.111227s wall, 0.140625s user + 0.031250s system = 0.171875s CPU (154.5%)

PHY-1001 : ==== DR Iter 36 ====
PHY-1022 : len = 2.95639e+06, over cnt = 1(0%), over = 1, worst = 1, crit = 0
PHY-1001 : End DR Iter 36; 0.115420s wall, 0.109375s user + 0.000000s system = 0.109375s CPU (94.8%)

PHY-1001 : ==== DR Iter 37 ====
PHY-1022 : len = 2.95639e+06, over cnt = 1(0%), over = 1, worst = 1, crit = 0
PHY-1001 : End DR Iter 37; 0.127737s wall, 0.171875s user + 0.015625s system = 0.187500s CPU (146.8%)

PHY-1001 : ==== DR Iter 38 ====
PHY-1022 : len = 2.95639e+06, over cnt = 1(0%), over = 1, worst = 1, crit = 0
PHY-1001 : End DR Iter 38; 0.197568s wall, 0.156250s user + 0.031250s system = 0.187500s CPU (94.9%)

PHY-1001 : ==== DR Iter 39 ====
PHY-1022 : len = 2.95639e+06, over cnt = 1(0%), over = 1, worst = 1, crit = 0
PHY-1001 : End DR Iter 39; 0.223668s wall, 0.203125s user + 0.046875s system = 0.250000s CPU (111.8%)

PHY-1001 : ==== DR Iter 40 ====
PHY-1022 : len = 2.95639e+06, over cnt = 1(0%), over = 1, worst = 1, crit = 0
PHY-1001 : End DR Iter 40; 0.597902s wall, 0.562500s user + 0.015625s system = 0.578125s CPU (96.7%)

PHY-1001 : ==== DR Iter 41 ====
PHY-1022 : len = 2.95639e+06, over cnt = 1(0%), over = 1, worst = 1, crit = 0
PHY-1001 : End DR Iter 41; 0.587592s wall, 0.578125s user + 0.000000s system = 0.578125s CPU (98.4%)

PHY-1001 : ==== DR Iter 42 ====
PHY-1022 : len = 2.95639e+06, over cnt = 1(0%), over = 1, worst = 1, crit = 0
PHY-1001 : End DR Iter 42; 0.604506s wall, 0.562500s user + 0.015625s system = 0.578125s CPU (95.6%)

PHY-1001 : ===== DR Iter 43 =====
PHY-1022 : len = 2.9564e+06, over cnt = 1(0%), over = 1, worst = 1, crit = 0
PHY-1001 : End DR Iter 43; 0.102446s wall, 0.125000s user + 0.046875s system = 0.171875s CPU (167.8%)

PHY-1001 : ==== DR Iter 44 ====
PHY-1022 : len = 2.95639e+06, over cnt = 1(0%), over = 1, worst = 1, crit = 0
PHY-1001 : End DR Iter 44; 0.100553s wall, 0.078125s user + 0.015625s system = 0.093750s CPU (93.2%)

PHY-1001 : ==== DR Iter 45 ====
PHY-1022 : len = 2.95639e+06, over cnt = 1(0%), over = 1, worst = 1, crit = 0
PHY-1001 : End DR Iter 45; 0.105824s wall, 0.078125s user + 0.062500s system = 0.140625s CPU (132.9%)

PHY-1001 : ==== DR Iter 46 ====
PHY-1022 : len = 2.95639e+06, over cnt = 1(0%), over = 1, worst = 1, crit = 0
PHY-1001 : End DR Iter 46; 0.129894s wall, 0.109375s user + 0.015625s system = 0.125000s CPU (96.2%)

PHY-1001 : ==== DR Iter 47 ====
PHY-1022 : len = 2.95639e+06, over cnt = 1(0%), over = 1, worst = 1, crit = 0
PHY-1001 : End DR Iter 47; 0.203112s wall, 0.156250s user + 0.046875s system = 0.203125s CPU (100.0%)

PHY-1001 : ==== DR Iter 48 ====
PHY-1022 : len = 2.95639e+06, over cnt = 1(0%), over = 1, worst = 1, crit = 0
PHY-1001 : End DR Iter 48; 0.219655s wall, 0.203125s user + 0.031250s system = 0.234375s CPU (106.7%)

PHY-1001 : ==== DR Iter 49 ====
PHY-1022 : len = 2.95639e+06, over cnt = 1(0%), over = 1, worst = 1, crit = 0
PHY-1001 : End DR Iter 49; 0.587320s wall, 0.546875s user + 0.031250s system = 0.578125s CPU (98.4%)

PHY-1001 : ==== DR Iter 50 ====
PHY-1022 : len = 2.95639e+06, over cnt = 1(0%), over = 1, worst = 1, crit = 0
PHY-1001 : End DR Iter 50; 0.588854s wall, 0.562500s user + 0.031250s system = 0.593750s CPU (100.8%)

PHY-1001 : ==== DR Iter 51 ====
PHY-1022 : len = 2.95639e+06, over cnt = 1(0%), over = 1, worst = 1, crit = 0
PHY-1001 : End DR Iter 51; 0.596319s wall, 0.578125s user + 0.015625s system = 0.593750s CPU (99.6%)

PHY-1001 : ==== DR Iter 52 ====
PHY-1022 : len = 2.95639e+06, over cnt = 1(0%), over = 1, worst = 1, crit = 0
PHY-1001 : End DR Iter 52; 0.588658s wall, 0.578125s user + 0.015625s system = 0.593750s CPU (100.9%)

PHY-1001 : ===== DR Iter 53 =====
PHY-1022 : len = 2.9564e+06, over cnt = 1(0%), over = 1, worst = 1, crit = 0
PHY-1001 : End DR Iter 53; 0.098546s wall, 0.078125s user + 0.015625s system = 0.093750s CPU (95.1%)

PHY-1001 : ==== DR Iter 54 ====
PHY-1022 : len = 2.95639e+06, over cnt = 1(0%), over = 1, worst = 1, crit = 0
PHY-1001 : End DR Iter 54; 0.097072s wall, 0.156250s user + 0.015625s system = 0.171875s CPU (177.1%)

PHY-1001 : ==== DR Iter 55 ====
PHY-1022 : len = 2.95639e+06, over cnt = 1(0%), over = 1, worst = 1, crit = 0
PHY-1001 : End DR Iter 55; 0.105484s wall, 0.093750s user + 0.000000s system = 0.093750s CPU (88.9%)

PHY-1001 : ==== DR Iter 56 ====
PHY-1022 : len = 2.95639e+06, over cnt = 1(0%), over = 1, worst = 1, crit = 0
PHY-1001 : End DR Iter 56; 0.128575s wall, 0.093750s user + 0.046875s system = 0.140625s CPU (109.4%)

PHY-1001 : ==== DR Iter 57 ====
PHY-1022 : len = 2.95639e+06, over cnt = 1(0%), over = 1, worst = 1, crit = 0
PHY-1001 : End DR Iter 57; 0.191264s wall, 0.171875s user + 0.031250s system = 0.203125s CPU (106.2%)

PHY-1001 : ==== DR Iter 58 ====
PHY-1022 : len = 2.95639e+06, over cnt = 1(0%), over = 1, worst = 1, crit = 0
PHY-1001 : End DR Iter 58; 0.225700s wall, 0.171875s user + 0.031250s system = 0.203125s CPU (90.0%)

PHY-1001 : ==== DR Iter 59 ====
PHY-1022 : len = 2.95639e+06, over cnt = 1(0%), over = 1, worst = 1, crit = 0
PHY-1001 : End DR Iter 59; 0.599920s wall, 0.562500s user + 0.000000s system = 0.562500s CPU (93.8%)

PHY-1001 : ==== DR Iter 60 ====
PHY-1022 : len = 2.95639e+06, over cnt = 1(0%), over = 1, worst = 1, crit = 0
PHY-1001 : End DR Iter 60; 0.562596s wall, 0.515625s user + 0.000000s system = 0.515625s CPU (91.7%)

PHY-1001 : ==== DR Iter 61 ====
PHY-1022 : len = 2.95639e+06, over cnt = 1(0%), over = 1, worst = 1, crit = 0
PHY-1001 : End DR Iter 61; 0.570282s wall, 0.500000s user + 0.046875s system = 0.546875s CPU (95.9%)

PHY-1001 : ==== DR Iter 62 ====
PHY-1022 : len = 2.95639e+06, over cnt = 1(0%), over = 1, worst = 1, crit = 0
PHY-1001 : End DR Iter 62; 0.561066s wall, 0.546875s user + 0.015625s system = 0.562500s CPU (100.3%)

PHY-1001 : ==== DR Iter 63 ====
PHY-1022 : len = 2.95639e+06, over cnt = 1(0%), over = 1, worst = 1, crit = 0
PHY-1001 : End DR Iter 63; 0.574969s wall, 0.515625s user + 0.046875s system = 0.562500s CPU (97.8%)

PHY-1001 : ===== DR Iter 64 =====
PHY-1022 : len = 2.95639e+06, over cnt = 1(0%), over = 1, worst = 1, crit = 0
PHY-1001 : End DR Iter 64; 0.091687s wall, 0.078125s user + 0.015625s system = 0.093750s CPU (102.3%)

PHY-1001 : ==== DR Iter 65 ====
PHY-1022 : len = 2.95639e+06, over cnt = 1(0%), over = 1, worst = 1, crit = 0
PHY-1001 : End DR Iter 65; 0.102075s wall, 0.093750s user + 0.000000s system = 0.093750s CPU (91.8%)

PHY-1001 : ==== DR Iter 66 ====
PHY-1022 : len = 2.95639e+06, over cnt = 1(0%), over = 1, worst = 1, crit = 0
PHY-1001 : End DR Iter 66; 0.110910s wall, 0.125000s user + 0.015625s system = 0.140625s CPU (126.8%)

PHY-1001 : ==== DR Iter 67 ====
PHY-1022 : len = 2.95639e+06, over cnt = 1(0%), over = 1, worst = 1, crit = 0
PHY-1001 : End DR Iter 67; 0.156062s wall, 0.125000s user + 0.031250s system = 0.156250s CPU (100.1%)

PHY-1001 : ==== DR Iter 68 ====
PHY-1022 : len = 2.95639e+06, over cnt = 1(0%), over = 1, worst = 1, crit = 0
PHY-1001 : End DR Iter 68; 0.209821s wall, 0.171875s user + 0.015625s system = 0.187500s CPU (89.4%)

PHY-1001 : ==== DR Iter 69 ====
PHY-1022 : len = 2.95639e+06, over cnt = 1(0%), over = 1, worst = 1, crit = 0
PHY-1001 : End DR Iter 69; 0.219020s wall, 0.156250s user + 0.046875s system = 0.203125s CPU (92.7%)

PHY-1001 : ==== DR Iter 70 ====
PHY-1022 : len = 2.95639e+06, over cnt = 1(0%), over = 1, worst = 1, crit = 0
PHY-1001 : End DR Iter 70; 0.571319s wall, 0.546875s user + 0.015625s system = 0.562500s CPU (98.5%)

PHY-1001 : ==== DR Iter 71 ====
PHY-1022 : len = 2.95639e+06, over cnt = 1(0%), over = 1, worst = 1, crit = 0
PHY-1001 : End DR Iter 71; 0.575686s wall, 0.531250s user + 0.015625s system = 0.546875s CPU (95.0%)

PHY-1001 : ==== DR Iter 72 ====
PHY-1022 : len = 2.95639e+06, over cnt = 1(0%), over = 1, worst = 1, crit = 0
PHY-1001 : End DR Iter 72; 0.597319s wall, 0.562500s user + 0.031250s system = 0.593750s CPU (99.4%)

PHY-1001 : ==== DR Iter 73 ====
PHY-1022 : len = 2.95639e+06, over cnt = 1(0%), over = 1, worst = 1, crit = 0
PHY-1001 : End DR Iter 73; 0.575616s wall, 0.531250s user + 0.015625s system = 0.546875s CPU (95.0%)

PHY-1001 : ==== DR Iter 74 ====
PHY-1022 : len = 2.95639e+06, over cnt = 1(0%), over = 1, worst = 1, crit = 0
PHY-1001 : End DR Iter 74; 0.575660s wall, 0.500000s user + 0.046875s system = 0.546875s CPU (95.0%)

PHY-1001 : ==== DR Iter 75 ====
PHY-1022 : len = 2.95639e+06, over cnt = 1(0%), over = 1, worst = 1, crit = 0
PHY-1001 : End DR Iter 75; 0.571143s wall, 0.562500s user + 0.015625s system = 0.578125s CPU (101.2%)

PHY-1001 : Current memory(MB): used = 927, reserve = 915, peak = 927.
PHY-1001 : End phase 4; 23.791912s wall, 23.343750s user + 1.953125s system = 25.296875s CPU (106.3%)

PHY-1003 : Routed, final wirelength = 2.95639e+06
PHY-1001 : 528 feed throughs used by 189 nets
PHY-1001 : Current memory(MB): used = 1019, reserve = 1010, peak = 1019.
PHY-1001 : End export database. 1.576409s wall, 1.468750s user + 0.015625s system = 1.484375s CPU (94.2%)

PHY-1001 : Fixing routing violation through ECO...
RUN-1002 : start command "place -eco"
RUN-1001 : Open license file D:/TD/license/Anlogic.lic
RUN-1001 : Print Global Property
RUN-1001 : ---------------------------------------------------------------
RUN-1001 :        Parameters        |  Settings  |  Default Values  |  Note  
RUN-1001 : ---------------------------------------------------------------
RUN-1001 :          message         |  standard  |     standard     |        
RUN-1001 :   mixed_pack_place_flow  |     on     |        on        |        
RUN-1001 :        qor_monitor       |    off     |       off        |        
RUN-1001 :        syn_ip_flow       |    off     |       off        |        
RUN-1001 :          thread          |    auto    |       auto       |        
RUN-1001 : ---------------------------------------------------------------
RUN-1001 : Print Place Property
RUN-1001 : --------------------------------------------------------------
RUN-1001 :        Parameters       |  Settings  |  Default Values  |  Note  
RUN-1001 : --------------------------------------------------------------
RUN-1001 :      detailed_place     |     on     |        on        |        
RUN-1001 :          effort         |   medium   |      medium      |        
RUN-1001 :         fix_hold        |    off     |       off        |        
RUN-1001 :       legalization      |    ori     |       ori        |        
RUN-1001 :      new_spreading      |     on     |        on        |        
RUN-1001 :        opt_timing       |   medium   |      medium      |        
RUN-1001 :   post_clock_route_opt  |    off     |       off        |        
RUN-1001 :       pr_strategy       |     1      |        1         |        
RUN-1001 :        relaxation       |    1.00    |       1.00       |        
RUN-1001 :         retiming        |    off     |       off        |        
RUN-1001 : --------------------------------------------------------------
PHY-3001 : Placer runs in 24 thread(s).
PHY-1001 : Populate physical database on model audio_speak.
RUN-1001 : There are total 5654 instances
RUN-1001 : 2790 mslices, 2789 lslices, 55 pads, 0 brams, 2 dsps
RUN-1001 : There are total 15428 nets
RUN-1001 : 13067 nets have 2 pins
RUN-1001 : 1552 nets have [3 - 5] pins
RUN-1001 : 324 nets have [6 - 10] pins
RUN-1001 : 393 nets have [11 - 20] pins
RUN-1001 : 51 nets have [21 - 99] pins
RUN-1001 : 41 nets have 100+ pins
RUN-1001 : Report Control nets information:
RUN-1001 : DFF Distribution
RUN-1001 : ----------------------------------
RUN-1001 :   CE   |  SSR  |  ASR  |  DFF Count  
RUN-1001 : ----------------------------------
RUN-1001 :   No   |  No   |  No   |      0      
RUN-1001 :   No   |  No   |  Yes  |      0      
RUN-1001 :   No   |  Yes  |  No   |      0      
RUN-1001 :   Yes  |  No   |  No   |      0      
RUN-1001 :   Yes  |  No   |  Yes  |      0      
RUN-1001 :   Yes  |  Yes  |  No   |      0      
RUN-1001 : ----------------------------------
RUN-0007 : Control Group Statistic
RUN-0007 : ---------------------------
RUN-0007 :   #CLK  |  #CE  |  #SSR/ASR  
RUN-0007 : ---------------------------
RUN-0007 :    9    |   1   |     1      
RUN-0007 : ---------------------------
RUN-0007 : Control Set = 0
PHY-3001 : Initial placement ...
PHY-3001 : eco special cells: 1 has valid locations, 0 needs to be replaced
PHY-3001 : eco pad cells: 55 has valid locations, 0 needs to be replaced
PHY-3001 : eco cells: (1 6 0) is for feedthrough
PHY-3001 : eco cells: (1 40 2) is for feedthrough
PHY-3001 : eco cells: (1 42 1) is for feedthrough
PHY-3001 : eco cells: (2 6 3) is for feedthrough
PHY-3001 : eco cells: (2 36 2) is for feedthrough
PHY-3001 : eco cells: (2 40 0) is for feedthrough
PHY-3001 : eco cells: (2 56 3) is for feedthrough
PHY-3001 : eco cells: (2 62 3) is for feedthrough
PHY-3001 : eco cells: (3 7 3) is for feedthrough
PHY-3001 : eco cells: (3 36 1) is for feedthrough
PHY-3001 : eco cells: (3 57 3) is for feedthrough
PHY-3001 : eco cells: (3 58 1) is for feedthrough
PHY-3001 : eco cells: (3 59 3) is for feedthrough
PHY-3001 : eco cells: (4 23 1) is for feedthrough
PHY-3001 : eco cells: (4 32 1) is for feedthrough
PHY-3001 : eco cells: (5 6 0) is for feedthrough
PHY-3001 : eco cells: (5 32 0) is for feedthrough
PHY-3001 : eco cells: (7 16 2) is for feedthrough
PHY-3001 : eco cells: (9 15 0) is for feedthrough
PHY-3001 : eco cells: (9 22 2) is for feedthrough
PHY-3001 : eco cells: (9 30 0) is for feedthrough
PHY-3001 : eco cells: (9 32 3) is for feedthrough
PHY-3001 : eco cells: (9 36 1) is for feedthrough
PHY-3001 : eco cells: (10 5 3) is for feedthrough
PHY-3001 : eco cells: (10 6 1) is for feedthrough
PHY-3001 : eco cells: (10 9 3) is for feedthrough
PHY-3001 : eco cells: (10 11 3) is for feedthrough
PHY-3001 : eco cells: (10 16 0) is for feedthrough
PHY-3001 : eco cells: (10 32 2) is for feedthrough
PHY-3001 : eco cells: (10 42 1) is for feedthrough
PHY-3001 : eco cells: (11 4 1) is for feedthrough
PHY-3001 : eco cells: (11 5 3) is for feedthrough
PHY-3001 : eco cells: (11 6 0) is for feedthrough
PHY-3001 : eco cells: (11 6 1) is for feedthrough
PHY-3001 : eco cells: (11 6 2) is for feedthrough
PHY-3001 : eco cells: (11 23 2) is for feedthrough
PHY-3001 : eco cells: (11 24 2) is for feedthrough
PHY-3001 : eco cells: (11 32 2) is for feedthrough
PHY-3001 : eco cells: (11 41 3) is for feedthrough
PHY-3001 : eco cells: (12 7 1) is for feedthrough
PHY-3001 : eco cells: (12 8 2) is for feedthrough
PHY-3001 : eco cells: (12 21 0) is for feedthrough
PHY-3001 : eco cells: (12 26 2) is for feedthrough
PHY-3001 : eco cells: (12 40 0) is for feedthrough
PHY-3001 : eco cells: (12 41 0) is for feedthrough
PHY-3001 : eco cells: (12 48 0) is for feedthrough
PHY-3001 : eco cells: (13 4 3) is for feedthrough
PHY-3001 : eco cells: (13 6 0) is for feedthrough
PHY-3001 : eco cells: (13 8 1) is for feedthrough
PHY-3001 : eco cells: (13 14 3) is for feedthrough
PHY-3001 : eco cells: (13 15 1) is for feedthrough
PHY-3001 : eco cells: (13 18 3) is for feedthrough
PHY-3001 : eco cells: (13 22 3) is for feedthrough
PHY-3001 : eco cells: (13 30 0) is for feedthrough
PHY-3001 : eco cells: (13 33 0) is for feedthrough
PHY-3001 : eco cells: (13 43 1) is for feedthrough
PHY-3001 : eco cells: (13 52 0) is for feedthrough
PHY-3001 : eco cells: (14 22 0) is for feedthrough
PHY-3001 : eco cells: (14 22 2) is for feedthrough
PHY-3001 : eco cells: (14 23 1) is for feedthrough
PHY-3001 : eco cells: (14 33 0) is for feedthrough
PHY-3001 : eco cells: (14 34 0) is for feedthrough
PHY-3001 : eco cells: (14 36 1) is for feedthrough
PHY-3001 : eco cells: (14 38 2) is for feedthrough
PHY-3001 : eco cells: (15 5 0) is for feedthrough
PHY-3001 : eco cells: (15 8 0) is for feedthrough
PHY-3001 : eco cells: (15 12 2) is for feedthrough
PHY-3001 : eco cells: (15 14 0) is for feedthrough
PHY-3001 : eco cells: (15 24 1) is for feedthrough
PHY-3001 : eco cells: (15 31 0) is for feedthrough
PHY-3001 : eco cells: (15 53 1) is for feedthrough
PHY-3001 : eco cells: (17 31 3) is for feedthrough
PHY-3001 : eco cells: (17 32 0) is for feedthrough
PHY-3001 : eco cells: (17 34 2) is for feedthrough
PHY-3001 : eco cells: (17 38 0) is for feedthrough
PHY-3001 : eco cells: (17 42 1) is for feedthrough
PHY-3001 : eco cells: (17 44 3) is for feedthrough
PHY-3001 : eco cells: (18 8 0) is for feedthrough
PHY-3001 : eco cells: (18 9 3) is for feedthrough
PHY-3001 : eco cells: (18 10 0) is for feedthrough
PHY-3001 : eco cells: (18 10 1) is for feedthrough
PHY-3001 : eco cells: (18 14 2) is for feedthrough
PHY-3001 : eco cells: (18 28 0) is for feedthrough
PHY-3001 : eco cells: (18 29 0) is for feedthrough
PHY-3001 : eco cells: (18 30 0) is for feedthrough
PHY-3001 : eco cells: (18 32 0) is for feedthrough
PHY-3001 : eco cells: (18 32 3) is for feedthrough
PHY-3001 : eco cells: (18 36 3) is for feedthrough
PHY-3001 : eco cells: (18 40 0) is for feedthrough
PHY-3001 : eco cells: (18 41 3) is for feedthrough
PHY-3001 : eco cells: (19 3 1) is for feedthrough
PHY-3001 : eco cells: (19 11 1) is for feedthrough
PHY-3001 : eco cells: (19 12 3) is for feedthrough
PHY-3001 : eco cells: (19 14 0) is for feedthrough
PHY-3001 : eco cells: (19 20 1) is for feedthrough
PHY-3001 : eco cells: (19 22 0) is for feedthrough
PHY-3001 : eco cells: (19 29 1) is for feedthrough
PHY-3001 : eco cells: (19 29 2) is for feedthrough
PHY-3001 : eco cells: (19 29 3) is for feedthrough
PHY-3001 : eco cells: (19 30 1) is for feedthrough
PHY-3001 : eco cells: (19 32 3) is for feedthrough
PHY-3001 : eco cells: (19 34 3) is for feedthrough
PHY-3001 : eco cells: (19 41 1) is for feedthrough
PHY-3001 : eco cells: (20 7 3) is for feedthrough
PHY-3001 : eco cells: (20 14 3) is for feedthrough
PHY-3001 : eco cells: (20 26 2) is for feedthrough
PHY-3001 : eco cells: (20 30 0) is for feedthrough
PHY-3001 : eco cells: (20 35 1) is for feedthrough
PHY-3001 : eco cells: (20 35 3) is for feedthrough
PHY-3001 : eco cells: (20 36 1) is for feedthrough
PHY-3001 : eco cells: (20 38 2) is for feedthrough
PHY-3001 : eco cells: (20 40 1) is for feedthrough
PHY-3001 : eco cells: (20 44 0) is for feedthrough
PHY-3001 : eco cells: (21 31 3) is for feedthrough
PHY-3001 : eco cells: (21 38 1) is for feedthrough
PHY-3001 : eco cells: (21 40 0) is for feedthrough
PHY-3001 : eco cells: (21 42 1) is for feedthrough
PHY-3001 : eco cells: (22 8 2) is for feedthrough
PHY-3001 : eco cells: (22 20 2) is for feedthrough
PHY-3001 : eco cells: (22 26 1) is for feedthrough
PHY-3001 : eco cells: (22 34 1) is for feedthrough
PHY-3001 : eco cells: (22 35 2) is for feedthrough
PHY-3001 : eco cells: (22 38 1) is for feedthrough
PHY-3001 : eco cells: (22 40 0) is for feedthrough
PHY-3001 : eco cells: (22 45 0) is for feedthrough
PHY-3001 : eco cells: (22 49 0) is for feedthrough
PHY-3001 : eco cells: (22 51 2) is for feedthrough
PHY-3001 : eco cells: (22 52 0) is for feedthrough
PHY-3001 : eco cells: (22 54 3) is for feedthrough
PHY-3001 : eco cells: (23 8 1) is for feedthrough
PHY-3001 : eco cells: (23 21 3) is for feedthrough
PHY-3001 : eco cells: (23 23 3) is for feedthrough
PHY-3001 : eco cells: (23 24 1) is for feedthrough
PHY-3001 : eco cells: (23 28 1) is for feedthrough
PHY-3001 : eco cells: (23 35 1) is for feedthrough
PHY-3001 : eco cells: (23 36 1) is for feedthrough
PHY-3001 : eco cells: (23 37 1) is for feedthrough
PHY-3001 : eco cells: (23 40 3) is for feedthrough
PHY-3001 : eco cells: (23 45 1) is for feedthrough
PHY-3001 : eco cells: (23 46 0) is for feedthrough
PHY-3001 : eco cells: (23 46 2) is for feedthrough
PHY-3001 : eco cells: (23 47 1) is for feedthrough
PHY-3001 : eco cells: (23 48 0) is for feedthrough
PHY-3001 : eco cells: (23 49 1) is for feedthrough
PHY-3001 : eco cells: (23 50 1) is for feedthrough
PHY-3001 : eco cells: (23 52 3) is for feedthrough
PHY-3001 : eco cells: (25 5 2) is for feedthrough
PHY-3001 : eco cells: (25 6 0) is for feedthrough
PHY-3001 : eco cells: (25 9 3) is for feedthrough
PHY-3001 : eco cells: (25 11 2) is for feedthrough
PHY-3001 : eco cells: (25 14 0) is for feedthrough
PHY-3001 : eco cells: (25 14 1) is for feedthrough
PHY-3001 : eco cells: (25 15 1) is for feedthrough
PHY-3001 : eco cells: (25 19 2) is for feedthrough
PHY-3001 : eco cells: (25 20 1) is for feedthrough
PHY-3001 : eco cells: (25 22 2) is for feedthrough
PHY-3001 : eco cells: (25 24 1) is for feedthrough
PHY-3001 : eco cells: (25 32 1) is for feedthrough
PHY-3001 : eco cells: (25 33 3) is for feedthrough
PHY-3001 : eco cells: (25 35 0) is for feedthrough
PHY-3001 : eco cells: (25 36 1) is for feedthrough
PHY-3001 : eco cells: (25 36 2) is for feedthrough
PHY-3001 : eco cells: (25 37 2) is for feedthrough
PHY-3001 : eco cells: (25 40 3) is for feedthrough
PHY-3001 : eco cells: (25 43 0) is for feedthrough
PHY-3001 : eco cells: (25 43 1) is for feedthrough
PHY-3001 : eco cells: (25 44 1) is for feedthrough
PHY-3001 : eco cells: (25 44 3) is for feedthrough
PHY-3001 : eco cells: (25 45 1) is for feedthrough
PHY-3001 : eco cells: (25 46 1) is for feedthrough
PHY-3001 : eco cells: (25 46 3) is for feedthrough
PHY-3001 : eco cells: (25 47 0) is for feedthrough
PHY-3001 : eco cells: (25 47 2) is for feedthrough
PHY-3001 : eco cells: (25 47 3) is for feedthrough
PHY-3001 : eco cells: (25 49 1) is for feedthrough
PHY-3001 : eco cells: (25 49 2) is for feedthrough
PHY-3001 : eco cells: (25 49 3) is for feedthrough
PHY-3001 : eco cells: (25 50 0) is for feedthrough
PHY-3001 : eco cells: (25 50 3) is for feedthrough
PHY-3001 : eco cells: (25 51 2) is for feedthrough
PHY-3001 : eco cells: (25 51 3) is for feedthrough
PHY-3001 : eco cells: (25 52 2) is for feedthrough
PHY-3001 : eco cells: (25 57 0) is for feedthrough
PHY-3001 : eco cells: (26 4 3) is for feedthrough
PHY-3001 : eco cells: (26 6 2) is for feedthrough
PHY-3001 : eco cells: (26 10 1) is for feedthrough
PHY-3001 : eco cells: (26 21 3) is for feedthrough
PHY-3001 : eco cells: (26 22 0) is for feedthrough
PHY-3001 : eco cells: (26 24 2) is for feedthrough
PHY-3001 : eco cells: (26 32 1) is for feedthrough
PHY-3001 : eco cells: (26 32 2) is for feedthrough
PHY-3001 : eco cells: (26 33 0) is for feedthrough
PHY-3001 : eco cells: (26 33 2) is for feedthrough
PHY-3001 : eco cells: (26 34 3) is for feedthrough
PHY-3001 : eco cells: (26 35 3) is for feedthrough
PHY-3001 : eco cells: (26 43 1) is for feedthrough
PHY-3001 : eco cells: (26 44 3) is for feedthrough
PHY-3001 : eco cells: (26 45 3) is for feedthrough
PHY-3001 : eco cells: (26 46 3) is for feedthrough
PHY-3001 : eco cells: (26 47 0) is for feedthrough
PHY-3001 : eco cells: (26 47 1) is for feedthrough
PHY-3001 : eco cells: (26 48 0) is for feedthrough
PHY-3001 : eco cells: (26 50 2) is for feedthrough
PHY-3001 : eco cells: (26 53 2) is for feedthrough
PHY-3001 : eco cells: (26 58 1) is for feedthrough
PHY-3001 : eco cells: (27 2 3) is for feedthrough
PHY-3001 : eco cells: (27 13 0) is for feedthrough
PHY-3001 : eco cells: (27 18 2) is for feedthrough
PHY-3001 : eco cells: (27 22 0) is for feedthrough
PHY-3001 : eco cells: (27 22 2) is for feedthrough
PHY-3001 : eco cells: (27 23 0) is for feedthrough
PHY-3001 : eco cells: (27 27 1) is for feedthrough
PHY-3001 : eco cells: (27 29 1) is for feedthrough
PHY-3001 : eco cells: (27 32 2) is for feedthrough
PHY-3001 : eco cells: (27 33 0) is for feedthrough
PHY-3001 : eco cells: (27 37 2) is for feedthrough
PHY-3001 : eco cells: (27 39 1) is for feedthrough
PHY-3001 : eco cells: (27 44 1) is for feedthrough
PHY-3001 : eco cells: (27 44 3) is for feedthrough
PHY-3001 : eco cells: (27 45 2) is for feedthrough
PHY-3001 : eco cells: (27 46 2) is for feedthrough
PHY-3001 : eco cells: (27 47 2) is for feedthrough
PHY-3001 : eco cells: (27 48 0) is for feedthrough
PHY-3001 : eco cells: (27 48 1) is for feedthrough
PHY-3001 : eco cells: (27 48 2) is for feedthrough
PHY-3001 : eco cells: (27 51 0) is for feedthrough
PHY-3001 : eco cells: (27 51 3) is for feedthrough
PHY-3001 : eco cells: (27 53 0) is for feedthrough
PHY-3001 : eco cells: (27 53 3) is for feedthrough
PHY-3001 : eco cells: (27 54 2) is for feedthrough
PHY-3001 : eco cells: (28 7 0) is for feedthrough
PHY-3001 : eco cells: (28 14 1) is for feedthrough
PHY-3001 : eco cells: (28 19 1) is for feedthrough
PHY-3001 : eco cells: (28 21 1) is for feedthrough
PHY-3001 : eco cells: (28 22 1) is for feedthrough
PHY-3001 : eco cells: (28 23 2) is for feedthrough
PHY-3001 : eco cells: (28 31 2) is for feedthrough
PHY-3001 : eco cells: (28 31 3) is for feedthrough
PHY-3001 : eco cells: (28 32 0) is for feedthrough
PHY-3001 : eco cells: (28 32 3) is for feedthrough
PHY-3001 : eco cells: (28 33 2) is for feedthrough
PHY-3001 : eco cells: (28 34 0) is for feedthrough
PHY-3001 : eco cells: (28 34 2) is for feedthrough
PHY-3001 : eco cells: (28 35 2) is for feedthrough
PHY-3001 : eco cells: (28 36 2) is for feedthrough
PHY-3001 : eco cells: (28 37 0) is for feedthrough
PHY-3001 : eco cells: (28 37 3) is for feedthrough
PHY-3001 : eco cells: (28 38 0) is for feedthrough
PHY-3001 : eco cells: (28 39 0) is for feedthrough
PHY-3001 : eco cells: (28 42 3) is for feedthrough
PHY-3001 : eco cells: (28 43 0) is for feedthrough
PHY-3001 : eco cells: (28 45 0) is for feedthrough
PHY-3001 : eco cells: (28 45 1) is for feedthrough
PHY-3001 : eco cells: (28 46 2) is for feedthrough
PHY-3001 : eco cells: (28 50 1) is for feedthrough
PHY-3001 : eco cells: (28 52 2) is for feedthrough
PHY-3001 : eco cells: (28 52 3) is for feedthrough
PHY-3001 : eco cells: (28 53 3) is for feedthrough
PHY-3001 : eco cells: (29 8 1) is for feedthrough
PHY-3001 : eco cells: (29 22 2) is for feedthrough
PHY-3001 : eco cells: (29 23 1) is for feedthrough
PHY-3001 : eco cells: (29 24 0) is for feedthrough
PHY-3001 : eco cells: (29 24 3) is for feedthrough
PHY-3001 : eco cells: (29 29 1) is for feedthrough
PHY-3001 : eco cells: (29 33 0) is for feedthrough
PHY-3001 : eco cells: (29 33 2) is for feedthrough
PHY-3001 : eco cells: (29 35 3) is for feedthrough
PHY-3001 : eco cells: (29 38 0) is for feedthrough
PHY-3001 : eco cells: (29 39 2) is for feedthrough
PHY-3001 : eco cells: (29 41 3) is for feedthrough
PHY-3001 : eco cells: (29 42 2) is for feedthrough
PHY-3001 : eco cells: (29 43 2) is for feedthrough
PHY-3001 : eco cells: (29 44 3) is for feedthrough
PHY-3001 : eco cells: (29 45 1) is for feedthrough
PHY-3001 : eco cells: (29 46 0) is for feedthrough
PHY-3001 : eco cells: (29 47 2) is for feedthrough
PHY-3001 : eco cells: (29 49 0) is for feedthrough
PHY-3001 : eco cells: (29 51 3) is for feedthrough
PHY-3001 : eco cells: (30 18 3) is for feedthrough
PHY-3001 : eco cells: (30 21 1) is for feedthrough
PHY-3001 : eco cells: (30 22 0) is for feedthrough
PHY-3001 : eco cells: (30 23 1) is for feedthrough
PHY-3001 : eco cells: (30 26 0) is for feedthrough
PHY-3001 : eco cells: (30 27 2) is for feedthrough
PHY-3001 : eco cells: (30 30 0) is for feedthrough
PHY-3001 : eco cells: (30 32 2) is for feedthrough
PHY-3001 : eco cells: (30 33 1) is for feedthrough
PHY-3001 : eco cells: (30 33 3) is for feedthrough
PHY-3001 : eco cells: (30 36 2) is for feedthrough
PHY-3001 : eco cells: (30 37 2) is for feedthrough
PHY-3001 : eco cells: (30 37 3) is for feedthrough
PHY-3001 : eco cells: (30 39 1) is for feedthrough
PHY-3001 : eco cells: (30 39 3) is for feedthrough
PHY-3001 : eco cells: (30 41 0) is for feedthrough
PHY-3001 : eco cells: (30 45 0) is for feedthrough
PHY-3001 : eco cells: (30 49 2) is for feedthrough
PHY-3001 : eco cells: (30 52 3) is for feedthrough
PHY-3001 : eco cells: (30 53 2) is for feedthrough
PHY-3001 : eco cells: (31 16 1) is for feedthrough
PHY-3001 : eco cells: (31 17 1) is for feedthrough
PHY-3001 : eco cells: (31 21 2) is for feedthrough
PHY-3001 : eco cells: (31 23 0) is for feedthrough
PHY-3001 : eco cells: (31 25 0) is for feedthrough
PHY-3001 : eco cells: (31 25 1) is for feedthrough
PHY-3001 : eco cells: (31 26 1) is for feedthrough
PHY-3001 : eco cells: (31 27 1) is for feedthrough
PHY-3001 : eco cells: (31 30 2) is for feedthrough
PHY-3001 : eco cells: (31 32 0) is for feedthrough
PHY-3001 : eco cells: (31 32 1) is for feedthrough
PHY-3001 : eco cells: (31 33 3) is for feedthrough
PHY-3001 : eco cells: (31 34 1) is for feedthrough
PHY-3001 : eco cells: (31 35 1) is for feedthrough
PHY-3001 : eco cells: (31 36 2) is for feedthrough
PHY-3001 : eco cells: (31 36 3) is for feedthrough
PHY-3001 : eco cells: (31 37 0) is for feedthrough
PHY-3001 : eco cells: (31 37 1) is for feedthrough
PHY-3001 : eco cells: (31 38 0) is for feedthrough
PHY-3001 : eco cells: (31 39 0) is for feedthrough
PHY-3001 : eco cells: (31 42 0) is for feedthrough
PHY-3001 : eco cells: (31 44 1) is for feedthrough
PHY-3001 : eco cells: (31 44 2) is for feedthrough
PHY-3001 : eco cells: (31 46 3) is for feedthrough
PHY-3001 : eco cells: (33 9 0) is for feedthrough
PHY-3001 : eco cells: (33 15 3) is for feedthrough
PHY-3001 : eco cells: (33 17 0) is for feedthrough
PHY-3001 : eco cells: (33 17 2) is for feedthrough
PHY-3001 : eco cells: (33 23 0) is for feedthrough
PHY-3001 : eco cells: (33 25 2) is for feedthrough
PHY-3001 : eco cells: (33 32 1) is for feedthrough
PHY-3001 : eco cells: (33 33 0) is for feedthrough
PHY-3001 : eco cells: (33 34 1) is for feedthrough
PHY-3001 : eco cells: (33 35 0) is for feedthrough
PHY-3001 : eco cells: (33 35 2) is for feedthrough
PHY-3001 : eco cells: (33 36 0) is for feedthrough
PHY-3001 : eco cells: (33 36 3) is for feedthrough
PHY-3001 : eco cells: (33 44 0) is for feedthrough
PHY-3001 : eco cells: (33 44 3) is for feedthrough
PHY-3001 : eco cells: (33 47 0) is for feedthrough
PHY-3001 : eco cells: (33 54 2) is for feedthrough
PHY-3001 : eco cells: (33 54 3) is for feedthrough
PHY-3001 : eco cells: (34 3 0) is for feedthrough
PHY-3001 : eco cells: (34 5 1) is for feedthrough
PHY-3001 : eco cells: (34 7 3) is for feedthrough
PHY-3001 : eco cells: (34 10 2) is for feedthrough
PHY-3001 : eco cells: (34 14 0) is for feedthrough
PHY-3001 : eco cells: (34 14 1) is for feedthrough
PHY-3001 : eco cells: (34 22 3) is for feedthrough
PHY-3001 : eco cells: (34 24 0) is for feedthrough
PHY-3001 : eco cells: (34 27 1) is for feedthrough
PHY-3001 : eco cells: (34 33 0) is for feedthrough
PHY-3001 : eco cells: (34 34 0) is for feedthrough
PHY-3001 : eco cells: (34 35 1) is for feedthrough
PHY-3001 : eco cells: (34 37 1) is for feedthrough
PHY-3001 : eco cells: (34 39 1) is for feedthrough
PHY-3001 : eco cells: (34 40 2) is for feedthrough
PHY-3001 : eco cells: (34 41 3) is for feedthrough
PHY-3001 : eco cells: (34 42 2) is for feedthrough
PHY-3001 : eco cells: (34 44 0) is for feedthrough
PHY-3001 : eco cells: (34 44 2) is for feedthrough
PHY-3001 : eco cells: (34 44 3) is for feedthrough
PHY-3001 : eco cells: (34 46 2) is for feedthrough
PHY-3001 : eco cells: (34 47 1) is for feedthrough
PHY-3001 : eco cells: (34 47 2) is for feedthrough
PHY-3001 : eco cells: (34 49 2) is for feedthrough
PHY-3001 : eco cells: (34 50 1) is for feedthrough
PHY-3001 : eco cells: (34 50 3) is for feedthrough
PHY-3001 : eco cells: (34 51 2) is for feedthrough
PHY-3001 : eco cells: (34 52 2) is for feedthrough
PHY-3001 : eco cells: (35 17 0) is for feedthrough
PHY-3001 : eco cells: (35 18 0) is for feedthrough
PHY-3001 : eco cells: (35 18 1) is for feedthrough
PHY-3001 : eco cells: (35 21 1) is for feedthrough
PHY-3001 : eco cells: (35 22 0) is for feedthrough
PHY-3001 : eco cells: (35 25 2) is for feedthrough
PHY-3001 : eco cells: (35 27 1) is for feedthrough
PHY-3001 : eco cells: (35 35 2) is for feedthrough
PHY-3001 : eco cells: (35 39 0) is for feedthrough
PHY-3001 : eco cells: (35 47 3) is for feedthrough
PHY-3001 : eco cells: (35 49 2) is for feedthrough
PHY-3001 : eco cells: (35 51 0) is for feedthrough
PHY-3001 : eco cells: (36 13 0) is for feedthrough
PHY-3001 : eco cells: (36 13 1) is for feedthrough
PHY-3001 : eco cells: (36 16 3) is for feedthrough
PHY-3001 : eco cells: (36 19 2) is for feedthrough
PHY-3001 : eco cells: (36 25 2) is for feedthrough
PHY-3001 : eco cells: (36 30 3) is for feedthrough
PHY-3001 : eco cells: (36 31 0) is for feedthrough
PHY-3001 : eco cells: (36 32 1) is for feedthrough
PHY-3001 : eco cells: (36 33 1) is for feedthrough
PHY-3001 : eco cells: (36 33 2) is for feedthrough
PHY-3001 : eco cells: (36 33 3) is for feedthrough
PHY-3001 : eco cells: (36 34 0) is for feedthrough
PHY-3001 : eco cells: (36 35 1) is for feedthrough
PHY-3001 : eco cells: (36 37 0) is for feedthrough
PHY-3001 : eco cells: (36 44 0) is for feedthrough
PHY-3001 : eco cells: (36 44 3) is for feedthrough
PHY-3001 : eco cells: (36 47 1) is for feedthrough
PHY-3001 : eco cells: (36 51 0) is for feedthrough
PHY-3001 : eco cells: (36 53 1) is for feedthrough
PHY-3001 : eco cells: (37 14 0) is for feedthrough
PHY-3001 : eco cells: (37 14 1) is for feedthrough
PHY-3001 : eco cells: (37 19 3) is for feedthrough
PHY-3001 : eco cells: (37 22 1) is for feedthrough
PHY-3001 : eco cells: (37 23 3) is for feedthrough
PHY-3001 : eco cells: (37 26 2) is for feedthrough
PHY-3001 : eco cells: (37 32 2) is for feedthrough
PHY-3001 : eco cells: (37 33 3) is for feedthrough
PHY-3001 : eco cells: (37 34 2) is for feedthrough
PHY-3001 : eco cells: (37 36 1) is for feedthrough
PHY-3001 : eco cells: (37 36 3) is for feedthrough
PHY-3001 : eco cells: (37 40 2) is for feedthrough
PHY-3001 : eco cells: (37 44 0) is for feedthrough
PHY-3001 : eco cells: (37 46 3) is for feedthrough
PHY-3001 : eco cells: (37 53 2) is for feedthrough
PHY-3001 : eco cells: (37 55 1) is for feedthrough
PHY-3001 : eco cells: (38 5 2) is for feedthrough
PHY-3001 : eco cells: (38 14 0) is for feedthrough
PHY-3001 : eco cells: (38 20 1) is for feedthrough
PHY-3001 : eco cells: (39 5 3) is for feedthrough
PHY-3001 : eco cells: (39 10 2) is for feedthrough
PHY-3001 : eco cells: (39 32 0) is for feedthrough
PHY-3001 : eco cells: (39 34 0) is for feedthrough
PHY-3001 : eco cells: (39 35 3) is for feedthrough
PHY-3001 : eco cells: (39 36 0) is for feedthrough
PHY-3001 : eco cells: (39 44 1) is for feedthrough
PHY-3001 : eco cells: (39 49 0) is for feedthrough
PHY-3001 : eco cells: 5580 has valid locations, 1 needs to be replaced
PHY-3001 : design contains 5652 instances, 5579 slices, 188 macros(910 instances: 593 mslices 317 lslices)
PHY-3001 : Huge net led_dup_1 with 4144 pins
PHY-3001 : Huge net u_pitch_shift/read_ptr[1] with 3095 pins
PHY-3001 : Huge net u_pitch_shift/read_ptr[0] with 1650 pins
PHY-3001 : Global placement ...
PHY-3001 : Initial: Len = 342647
PHY-3001 : Run with size of 4
PHY-3001 : Cell area utilization is 56%
PHY-3001 : :::0::: Try harder cell spreading with beta_ = 0
PHY-3002 : Step(270): len = 342383, overlap = 0
PHY-3002 : Step(271): len = 342357, overlap = 0
PHY-3001 : Legalization ...
PHY-3001 : End legalization;  0.002313s wall, 0.000000s user + 0.000000s system = 0.000000s CPU (n/a%)

PHY-3001 : Run with size of 4
PHY-3001 : Cell area utilization is 63%
PHY-3001 : Analyzing congestion ...
RUN-1001 : Generating global routing grids ...
PHY-1001 : Generate routing nets ...
PHY-1001 : Reuse net number 11252/15428.
PHY-1001 : Global iterations in 24 thread ...
PHY-1002 : len = 556704, over cnt = 9(0%), over = 11, worst = 2
PHY-1002 : len = 556784, over cnt = 4(0%), over = 4, worst = 1
PHY-1002 : len = 556864, over cnt = 0(0%), over = 0, worst = 0
PHY-1001 : End global iterations;  0.113545s wall, 0.093750s user + 0.015625s system = 0.109375s CPU (96.3%)

PHY-1001 : Congestion index: top1 = 43.77, top5 = 38.52, top10 = 36.04, top15 = 34.33.
PHY-3001 : End congestion estimation;  0.257296s wall, 0.203125s user + 0.031250s system = 0.234375s CPU (91.1%)

PHY-3001 : Update density targets...
PHY-3001 : Update congestion history...
PHY-3001 : :::0::: Try harder cell spreading with beta_ = 9.96552e-05
PHY-3002 : Step(272): len = 342357, overlap = 0
PHY-3002 : Step(273): len = 342357, overlap = 0
PHY-3001 : Run with size of 2
PHY-3001 : Cell area utilization is 63%
PHY-3001 : Analyzing congestion ...
RUN-1001 : Generating global routing grids ...
PHY-1001 : Generate routing nets ...
PHY-1001 : Reuse net number 11256/15428.
PHY-1001 : Global iterations in 24 thread ...
PHY-1002 : len = 556864, over cnt = 0(0%), over = 0, worst = 0
PHY-1001 : End global iterations;  0.032983s wall, 0.031250s user + 0.000000s system = 0.031250s CPU (94.7%)

PHY-1001 : Congestion index: top1 = 43.77, top5 = 38.52, top10 = 36.04, top15 = 34.33.
PHY-3001 : End congestion estimation;  0.183576s wall, 0.187500s user + 0.000000s system = 0.187500s CPU (102.1%)

PHY-3001 : Update density targets...
PHY-3001 : Update congestion history...
PHY-3001 : :::0::: Try harder cell spreading with beta_ = 0.000824575
PHY-3002 : Step(274): len = 342424, overlap = 0
PHY-3002 : Step(275): len = 342424, overlap = 0
PHY-3001 : Legalization ...
PHY-3001 : End legalization;  0.005556s wall, 0.000000s user + 0.000000s system = 0.000000s CPU (n/a%)

PHY-3001 : Trial Legalized: Len = 342441
PHY-3001 : Run with size of 2
PHY-3001 : Cell area utilization is 63%
PHY-3001 : Analyzing congestion ...
RUN-1001 : Generating global routing grids ...
PHY-1001 : Generate routing nets ...
PHY-1001 : Reuse net number 11252/15428.
PHY-1001 : Global iterations in 24 thread ...
PHY-1002 : len = 556936, over cnt = 12(0%), over = 12, worst = 1
PHY-1002 : len = 556976, over cnt = 1(0%), over = 1, worst = 1
PHY-1002 : len = 556992, over cnt = 0(0%), over = 0, worst = 0
PHY-1001 : End global iterations;  0.123365s wall, 0.109375s user + 0.000000s system = 0.109375s CPU (88.7%)

PHY-1001 : Congestion index: top1 = 43.79, top5 = 38.50, top10 = 36.03, top15 = 34.33.
PHY-3001 : End congestion estimation;  0.273743s wall, 0.281250s user + 0.000000s system = 0.281250s CPU (102.7%)

PHY-3001 : Update density targets...
PHY-3001 : Update congestion history...
PHY-3001 : :::0::: Try harder cell spreading with beta_ = 0.000535303
PHY-3002 : Step(276): len = 342441, overlap = 0
PHY-3002 : Step(277): len = 342441, overlap = 0
PHY-3001 : Legalization ...
PHY-3001 : End legalization;  0.003785s wall, 0.000000s user + 0.000000s system = 0.000000s CPU (n/a%)

PHY-3001 : Legalized: Len = 342441, Over = 0
PHY-3001 : End spreading;  0.029813s wall, 0.031250s user + 0.000000s system = 0.031250s CPU (104.8%)

PHY-3001 : Final: Len = 342441, Over = 0
RUN-1003 : finish command "place -eco" in  1.143297s wall, 1.218750s user + 0.484375s system = 1.703125s CPU (149.0%)

RUN-1004 : used memory is 1016 MB, reserved memory is 1007 MB, peak memory is 1021 MB
RUN-1001 : Eco place succeeded
RUN-1002 : start command "route -eco"
RUN-1001 : Open license file D:/TD/license/Anlogic.lic
RUN-1001 : Print Global Property
RUN-1001 : ---------------------------------------------------------------
RUN-1001 :        Parameters        |  Settings  |  Default Values  |  Note  
RUN-1001 : ---------------------------------------------------------------
RUN-1001 :          message         |  standard  |     standard     |        
RUN-1001 :   mixed_pack_place_flow  |     on     |        on        |        
RUN-1001 :        qor_monitor       |    off     |       off        |        
RUN-1001 :        syn_ip_flow       |    off     |       off        |        
RUN-1001 :          thread          |    auto    |       auto       |        
RUN-1001 : ---------------------------------------------------------------
RUN-1001 : Print Route Property
RUN-1001 : -------------------------------------------------------
RUN-1001 :    Parameters    |  Settings  |  Default Values  |  Note  
RUN-1001 : -------------------------------------------------------
RUN-1001 :      effort      |   medium   |      medium      |        
RUN-1001 :     fix_hold     |    off     |       off        |        
RUN-1001 :    opt_timing    |   medium   |      medium      |        
RUN-1001 :   phy_sim_model  |    off     |       off        |        
RUN-1001 :     priority     |   timing   |      timing      |        
RUN-1001 :     swap_pin     |     on     |        on        |        
RUN-1001 : -------------------------------------------------------
PHY-1001 : Route runs in 24 thread(s)
RUN-1001 : There are total 5654 instances
RUN-1001 : 2790 mslices, 2789 lslices, 55 pads, 0 brams, 2 dsps
RUN-1001 : There are total 15428 nets
RUN-1001 : 13067 nets have 2 pins
RUN-1001 : 1552 nets have [3 - 5] pins
RUN-1001 : 324 nets have [6 - 10] pins
RUN-1001 : 393 nets have [11 - 20] pins
RUN-1001 : 51 nets have [21 - 99] pins
RUN-1001 : 41 nets have 100+ pins
PHY-1001 : 2790 mslices, 2789 lslices, 55 pads, 0 brams, 2 dsps
TMR-2503 : Start to update net delay, extr mode = 3.
TMR-2504 : Update delay of 14370 nets completely.
TMR-2502 : Annotate delay completely, extr mode = 3.
TMR-3501 : Forward propagation: start to calculate arrival time...
TMR-3502 : Backward propagation: start to calculate required time...
TMR-3503 : Timing propagation completes.
PHY-1001 : Start detail routing ...
PHY-1001 : Current memory(MB): used = 977, reserve = 972, peak = 1021.
PHY-1001 : Detailed router is running in eco mode.
PHY-1001 : Refresh detailed routing grids ...
PHY-1001 : Processed IO instance aud_dacdat_syn_4 with INV attribute.
PHY-1001 : Processed IO instance aud_dacdat_1_syn_4 with INV attribute.
PHY-1001 : Processed IO instance aud_dacdat_3_syn_4 with INV attribute.
PHY-1001 : Generate nets ...
PHY-1001 : clock net aud_bclk_syn_4 will be merged with clock aud_bclk_dup_1
PHY-1001 : clock net aud_bclk_1_syn_4 will be merged with clock aud_bclk_1_dup_1
PHY-1001 : clock net aud_bclk_3_syn_4 will be merged with clock aud_bclk_3_dup_1
PHY-1001 : net aud_mclk_dup_1 will be routed on clock mesh
PHY-1001 : net aud_mclk_1_dup_1 will be routed on clock mesh
PHY-1001 : net aud_mclk_2_dup_1 will be routed on clock mesh
PHY-1001 : net aud_mclk_3_dup_1 will be routed on clock mesh
PHY-1001 : clock net ilaclk_dup_1 will be merged with clock u_pll_clk/clk0_buf
PHY-1001 : clock net ilaclk_1_dup_1 will be merged with clock u1_pll_clk/clk0_buf
PHY-1001 : clock net ilaclk_2_dup_1 will be merged with clock u2_pll_clk/clk0_buf
PHY-1001 : clock net ilaclk_3_dup_1 will be merged with clock u3_pll_clk/clk0_buf
PHY-1025 : Net led_dup_1 is open after eco import.
PHY-1001 : net sys_clk_dup_1 will be routed on clock mesh
PHY-1025 : Net sys_clk_dup_1 is open after eco import.
PHY-1001 : clock net u1_es8388_ctrl/u_es8388_config/u_i2c_dri/dri_clk_syn_4 will be merged with clock u1_es8388_ctrl/u_es8388_config/u_i2c_dri/dri_clk
PHY-1001 : clock net u2_es8388_ctrl/u_es8388_config/u_i2c_dri/dri_clk_syn_4 will be merged with clock u2_es8388_ctrl/u_es8388_config/u_i2c_dri/dri_clk
PHY-1001 : clock net u3_es8388_ctrl/u_es8388_config/u_i2c_dri/dri_clk_syn_4 will be merged with clock u3_es8388_ctrl/u_es8388_config/u_i2c_dri/dri_clk
PHY-1001 : clock net u_es8388_ctrl/u_es8388_config/u_i2c_dri/dri_clk_syn_4 will be merged with clock u_es8388_ctrl/u_es8388_config/u_i2c_dri/dri_clk
PHY-1025 : Net u_pitch_shift/audio_in[12] is open after eco import.
PHY-1025 : Net u_pitch_shift/audio_in[6] is open after eco import.
PHY-1025 : Net u_pitch_shift/buffer[0]_b256[119]_syn_2 is open after eco import.
PHY-1025 : Net u_pitch_shift/buffer[0]_b256[114]_syn_2 is open after eco import.
PHY-1025 : Net u_pitch_shift/buffer[0]_b256[79]_syn_2 is open after eco import.
PHY-1025 : Net u_pitch_shift/buffer[0]_b256[71] is open after eco import.
PHY-1025 : Net u_pitch_shift/buffer[0]_b256[66] is open after eco import.
PHY-1025 : Net u_pitch_shift/buffer[71][12] is open after eco import.
PHY-1025 : Net u_pitch_shift/buffer[71][6] is open after eco import.
PHY-1001 : eco open net = 11
PHY-1001 : Current memory(MB): used = 1002, reserve = 994, peak = 1021.
PHY-1001 : End build detailed router design. 1.082382s wall, 1.031250s user + 0.046875s system = 1.078125s CPU (99.6%)

PHY-1001 : Detail Route ...
PHY-1001 : ===== Detail Route Phase 1 =====
PHY-1001 : Clock net routing.....
PHY-1001 : Routed 89% nets.
PHY-1022 : len = 2.54027e+06, over cnt = 0(0%), over = 0, worst = 0, crit = 0
PHY-1001 : End initial clock net routed; 0.607477s wall, 0.546875s user + 0.046875s system = 0.593750s CPU (97.7%)

PHY-1001 : Current memory(MB): used = 1040, reserve = 1033, peak = 1040.
PHY-1001 : End phase 1; 0.613008s wall, 0.562500s user + 0.046875s system = 0.609375s CPU (99.4%)

PHY-1001 : ===== Detail Route Phase 2 =====
PHY-1001 : Initial routing.....
PHY-1001 : Routed 89% nets.
PHY-1001 : Routed 89% nets.
PHY-1001 : Routed 89% nets.
PHY-1001 : Routed 89% nets.
PHY-1001 : Routed 89% nets.
PHY-1022 : len = 2.97008e+06, over cnt = 650(0%), over = 652, worst = 2, crit = 0
PHY-1001 : Current memory(MB): used = 1044, reserve = 1036, peak = 1044.
PHY-1001 : End initial routed; 1.162861s wall, 1.062500s user + 0.093750s system = 1.156250s CPU (99.4%)

PHY-1001 : Current memory(MB): used = 1044, reserve = 1036, peak = 1044.
PHY-1001 : End phase 2; 1.162949s wall, 1.062500s user + 0.093750s system = 1.156250s CPU (99.4%)

PHY-1001 : ===== Detail Route Phase 3 =====
PHY-1001 : Ripup-reroute.....
PHY-1001 : ===== DR Iter 1 =====
PHY-1022 : len = 2.94524e+06, over cnt = 398(0%), over = 398, worst = 1, crit = 0
PHY-1001 : End DR Iter 1; 2.361373s wall, 2.406250s user + 0.171875s system = 2.578125s CPU (109.2%)

PHY-1001 : ===== DR Iter 2 =====
PHY-1022 : len = 2.93813e+06, over cnt = 207(0%), over = 207, worst = 1, crit = 0
PHY-1001 : End DR Iter 2; 1.500239s wall, 1.468750s user + 0.140625s system = 1.609375s CPU (107.3%)

PHY-1001 : ===== DR Iter 3 =====
PHY-1022 : len = 2.93389e+06, over cnt = 42(0%), over = 42, worst = 1, crit = 0
PHY-1001 : End DR Iter 3; 1.061965s wall, 0.953125s user + 0.109375s system = 1.062500s CPU (100.1%)

PHY-1001 : ===== DR Iter 4 =====
PHY-1022 : len = 2.9342e+06, over cnt = 11(0%), over = 11, worst = 1, crit = 0
PHY-1001 : End DR Iter 4; 0.293061s wall, 0.234375s user + 0.046875s system = 0.281250s CPU (96.0%)

PHY-1001 : ===== DR Iter 5 =====
PHY-1022 : len = 2.93443e+06, over cnt = 5(0%), over = 5, worst = 1, crit = 0
PHY-1001 : End DR Iter 5; 0.176732s wall, 0.140625s user + 0.031250s system = 0.171875s CPU (97.3%)

PHY-1001 : ===== DR Iter 6 =====
PHY-1022 : len = 2.9345e+06, over cnt = 2(0%), over = 2, worst = 1, crit = 0
PHY-1001 : End DR Iter 6; 0.183084s wall, 0.156250s user + 0.000000s system = 0.156250s CPU (85.3%)

PHY-1001 : ===== DR Iter 7 =====
PHY-1022 : len = 2.9345e+06, over cnt = 2(0%), over = 2, worst = 1, crit = 0
PHY-1001 : End DR Iter 7; 0.220399s wall, 0.203125s user + 0.031250s system = 0.234375s CPU (106.3%)

PHY-1001 : ===== DR Iter 8 =====
PHY-1022 : len = 2.93446e+06, over cnt = 2(0%), over = 2, worst = 1, crit = 0
PHY-1001 : End DR Iter 8; 0.098621s wall, 0.093750s user + 0.015625s system = 0.109375s CPU (110.9%)

PHY-1001 : ==== DR Iter 9 ====
PHY-1022 : len = 2.9345e+06, over cnt = 2(0%), over = 2, worst = 1, crit = 0
PHY-1001 : End DR Iter 9; 0.098263s wall, 0.046875s user + 0.031250s system = 0.078125s CPU (79.5%)

PHY-1001 : ==== DR Iter 10 ====
PHY-1022 : len = 2.9345e+06, over cnt = 2(0%), over = 2, worst = 1, crit = 0
PHY-1001 : End DR Iter 10; 0.118855s wall, 0.078125s user + 0.046875s system = 0.125000s CPU (105.2%)

PHY-1001 : ==== DR Iter 11 ====
PHY-1022 : len = 2.9345e+06, over cnt = 2(0%), over = 2, worst = 1, crit = 0
PHY-1001 : End DR Iter 11; 0.103021s wall, 0.093750s user + 0.000000s system = 0.093750s CPU (91.0%)

PHY-1001 : ==== DR Iter 12 ====
PHY-1022 : len = 2.9345e+06, over cnt = 2(0%), over = 2, worst = 1, crit = 0
PHY-1001 : End DR Iter 12; 0.188149s wall, 0.187500s user + 0.031250s system = 0.218750s CPU (116.3%)

PHY-1001 : ===== DR Iter 13 =====
PHY-1022 : len = 2.93447e+06, over cnt = 2(0%), over = 2, worst = 1, crit = 0
PHY-1001 : End DR Iter 13; 0.095651s wall, 0.109375s user + 0.000000s system = 0.109375s CPU (114.3%)

PHY-1001 : ==== DR Iter 14 ====
PHY-1022 : len = 2.9345e+06, over cnt = 2(0%), over = 2, worst = 1, crit = 0
PHY-1001 : End DR Iter 14; 0.093274s wall, 0.078125s user + 0.015625s system = 0.093750s CPU (100.5%)

PHY-1001 : ==== DR Iter 15 ====
PHY-1022 : len = 2.9345e+06, over cnt = 2(0%), over = 2, worst = 1, crit = 0
PHY-1001 : End DR Iter 15; 0.119190s wall, 0.078125s user + 0.031250s system = 0.109375s CPU (91.8%)

PHY-1001 : ==== DR Iter 16 ====
PHY-1022 : len = 2.9345e+06, over cnt = 2(0%), over = 2, worst = 1, crit = 0
PHY-1001 : End DR Iter 16; 0.103279s wall, 0.062500s user + 0.031250s system = 0.093750s CPU (90.8%)

PHY-1001 : ==== DR Iter 17 ====
PHY-1022 : len = 2.9345e+06, over cnt = 2(0%), over = 2, worst = 1, crit = 0
PHY-1001 : End DR Iter 17; 0.195690s wall, 0.187500s user + 0.015625s system = 0.203125s CPU (103.8%)

PHY-1001 : ==== DR Iter 18 ====
PHY-1022 : len = 2.9345e+06, over cnt = 2(0%), over = 2, worst = 1, crit = 0
PHY-1001 : End DR Iter 18; 0.215555s wall, 0.171875s user + 0.031250s system = 0.203125s CPU (94.2%)

PHY-1001 : ===== DR Iter 19 =====
PHY-1022 : len = 2.93447e+06, over cnt = 2(0%), over = 2, worst = 1, crit = 0
PHY-1001 : End DR Iter 19; 0.099453s wall, 0.062500s user + 0.046875s system = 0.109375s CPU (110.0%)

PHY-1001 : ==== DR Iter 20 ====
PHY-1022 : len = 2.9345e+06, over cnt = 2(0%), over = 2, worst = 1, crit = 0
PHY-1001 : End DR Iter 20; 0.122353s wall, 0.078125s user + 0.015625s system = 0.093750s CPU (76.6%)

PHY-1001 : ==== DR Iter 21 ====
PHY-1022 : len = 2.9345e+06, over cnt = 2(0%), over = 2, worst = 1, crit = 0
PHY-1001 : End DR Iter 21; 0.122078s wall, 0.078125s user + 0.031250s system = 0.109375s CPU (89.6%)

PHY-1001 : ==== DR Iter 22 ====
PHY-1022 : len = 2.9345e+06, over cnt = 2(0%), over = 2, worst = 1, crit = 0
PHY-1001 : End DR Iter 22; 0.102212s wall, 0.093750s user + 0.000000s system = 0.093750s CPU (91.7%)

PHY-1001 : ==== DR Iter 23 ====
PHY-1022 : len = 2.9345e+06, over cnt = 2(0%), over = 2, worst = 1, crit = 0
PHY-1001 : End DR Iter 23; 0.188916s wall, 0.187500s user + 0.000000s system = 0.187500s CPU (99.3%)

PHY-1001 : ==== DR Iter 24 ====
PHY-1022 : len = 2.9345e+06, over cnt = 2(0%), over = 2, worst = 1, crit = 0
PHY-1001 : End DR Iter 24; 0.217422s wall, 0.187500s user + 0.015625s system = 0.203125s CPU (93.4%)

PHY-1001 : ==== DR Iter 25 ====
PHY-1022 : len = 2.93439e+06, over cnt = 0(0%), over = 0, worst = 0, crit = 0
PHY-1001 : End DR Iter 25; 0.097922s wall, 0.109375s user + 0.000000s system = 0.109375s CPU (111.7%)

PHY-1001 : Commit to database.....
PHY-1001 : 699 feed throughs used by 191 nets
PHY-1001 : End commit to database; 1.557627s wall, 1.484375s user + 0.062500s system = 1.546875s CPU (99.3%)

PHY-1001 : Current memory(MB): used = 1057, reserve = 1050, peak = 1057.
PHY-1001 : End phase 3; 9.793484s wall, 9.046875s user + 0.953125s system = 10.000000s CPU (102.1%)

PHY-1001 : Current memory(MB): used = 1058, reserve = 1051, peak = 1058.
PHY-1001 : End export database. 0.036604s wall, 0.031250s user + 0.015625s system = 0.046875s CPU (128.1%)

PHY-1001 : End detail ECO routing;  12.888396s wall, 11.906250s user + 1.156250s system = 13.062500s CPU (101.4%)

PHY-1001 : Routing violations:
PHY-8023 ERROR: Location: (x27y34_local4), nets: u_pitch_shift/buffer[0]_b256[71] u_pitch_shift/buffer[0]_b256[67]
PHY-1001 : End of Routing Violations.
RUN-1003 : finish command "route -eco" in  13.443801s wall, 12.406250s user + 1.203125s system = 13.609375s CPU (101.2%)

RUN-1004 : used memory is 897 MB, reserved memory is 894 MB, peak memory is 1058 MB
RUN-1001 : Eco route succeeded
PHY-1001 : All routing violations have been resolved.
RUN-1003 : finish command "route" in  63.147965s wall, 62.203125s user + 9.296875s system = 71.500000s CPU (113.2%)

RUN-1004 : used memory is 897 MB, reserved memory is 895 MB, peak memory is 1058 MB
RUN-1002 : start command "report_area -io_info -file ES8388_phy.area"
RUN-1001 : standard
***Report Model: audio_speak Device: EG4S20BG256***

IO Statistics
#IO                        58
  #input                   26
  #output                  28
  #inout                    4

Utilization Statistics
#lut                     7619   out of  19600   38.87%
#reg                     7233   out of  19600   36.90%
#le                      9406
  #lut only              2173   out of   9406   23.10%
  #reg only              1787   out of   9406   19.00%
  #lut&reg               5446   out of   9406   57.90%
#dsp                        2   out of     29    6.90%
#bram                       0   out of     64    0.00%
  #bram9k                   0
  #fifo9k                   0
#bram32k                    0   out of     16    0.00%
#pad                       55   out of    188   29.26%
  #ireg                     8
  #oreg                    19
  #treg                     4
#pll                        4   out of      4  100.00%
#gclk                      11   out of     16   68.75%

Clock Resource Statistics
Index     ClockNet                                            Type               DriverType         Driver                                                           Fanout
#1        sys_clk_dup_1                                       GCLK               io                 sys_clk_syn_2.di                                                 4424
#2        aud_bclk_1_dup_1                                    GCLK               io                 aud_bclk_1_syn_2.di                                              46
#3        aud_bclk_3_dup_1                                    GCLK               io                 aud_bclk_3_syn_2.di                                              46
#4        aud_bclk_dup_1                                      GCLK               io                 aud_bclk_syn_2.di                                                45
#5        u2_es8388_ctrl/u_es8388_config/u_i2c_dri/dri_clk    GCLK               mslice             u2_es8388_ctrl/u_es8388_config/u_i2c_dri/dri_clk_reg_syn_9.q1    43
#6        u_es8388_ctrl/u_es8388_config/u_i2c_dri/dri_clk     GCLK               mslice             u_es8388_ctrl/u_es8388_config/u_i2c_dri/dri_clk_reg_syn_9.q1     40
#7        u1_es8388_ctrl/u_es8388_config/u_i2c_dri/dri_clk    GCLK               lslice             u1_es8388_ctrl/u_es8388_config/u_i2c_dri/dri_clk_reg_syn_9.q1    39
#8        u3_es8388_ctrl/u_es8388_config/u_i2c_dri/dri_clk    GCLK               lslice             u3_es8388_ctrl/u_es8388_config/u_i2c_dri/dri_clk_reg_syn_9.q1    37
#9        aud_mclk_1_dup_1                                    GCLK               pll                u1_pll_clk/pll_inst.clkc1                                        0
#10       aud_mclk_2_dup_1                                    GCLK               pll                u2_pll_clk/pll_inst.clkc1                                        0
#11       aud_mclk_3_dup_1                                    GCLK               pll                u3_pll_clk/pll_inst.clkc1                                        0
#12       aud_mclk_dup_1                                      GCLK               pll                u_pll_clk/pll_inst.clkc1                                         0
#13       u1_pll_clk/clk0_buf                                 GCLK               pll                u1_pll_clk/pll_inst.clkc0                                        0
#14       u2_pll_clk/clk0_buf                                 GCLK               pll                u2_pll_clk/pll_inst.clkc0                                        0
#15       u3_pll_clk/clk0_buf                                 GCLK               pll                u3_pll_clk/pll_inst.clkc0                                        0
#16       u_pll_clk/clk0_buf                                  GCLK               pll                u_pll_clk/pll_inst.clkc0                                         0


Detailed IO Report

        Name          Direction    Location    IOStandard    DriveStrength    PullType     PackReg   
     aud_adcdat         INPUT        R14        LVCMOS25          N/A          PULLUP       IREG     
    aud_adcdat_1        INPUT        G16        LVCMOS25          N/A          PULLUP       IREG     
    aud_adcdat_2        INPUT         E7        LVCMOS25          N/A          PULLUP       IREG     
    aud_adcdat_3        INPUT         L4        LVCMOS25          N/A          PULLUP       IREG     
      aud_bclk          INPUT         M6        LVCMOS25          N/A          PULLUP       NONE     
     aud_bclk_1         INPUT        G14        LVCMOS25          N/A          PULLUP       NONE     
     aud_bclk_2         INPUT         D5        LVCMOS25          N/A          PULLUP       NONE     
     aud_bclk_3         INPUT         H5        LVCMOS25          N/A          PULLUP       NONE     
      aud_lrc           INPUT         M7        LVCMOS25          N/A          PULLUP       IREG     
     aud_lrc_1          INPUT        H16        LVCMOS25          N/A          PULLUP       IREG     
     aud_lrc_2          INPUT         C6        LVCMOS25          N/A          PULLUP       IREG     
     aud_lrc_3          INPUT         K6        LVCMOS25          N/A          PULLUP       IREG     
     denoise_en         INPUT        B12        LVCMOS25          N/A          PULLUP       NONE     
  pitch_control[2]      INPUT        B10        LVCMOS25          N/A          PULLUP       NONE     
  pitch_control[1]      INPUT        A10        LVCMOS25          N/A          PULLUP       NONE     
  pitch_control[0]      INPUT         A9        LVCMOS25          N/A          PULLUP       NONE     
    pitch_en[1]         INPUT        A13        LVCMOS25          N/A          PULLUP       NONE     
    pitch_en[0]         INPUT        A14        LVCMOS25          N/A          PULLUP       NONE     
      sys_clk           INPUT         R7        LVCMOS25          N/A          PULLUP       NONE     
     sys_rst_n          INPUT         E3        LVCMOS25          N/A          PULLUP       NONE     
    sys_rst_n_1         INPUT         F2        LVCMOS25          N/A           N/A         NONE     
    sys_rst_n_2         INPUT         P7        LVCMOS25          N/A           N/A         NONE     
    sys_rst_n_3         INPUT        P14        LVCMOS25          N/A           N/A         NONE     
     aud_dacdat        OUTPUT         P6        LVCMOS25           8            NONE        OREG     
    aud_dacdat_1       OUTPUT        H14        LVCMOS25           8            NONE        OREG     
    aud_dacdat_2       OUTPUT         E6        LVCMOS25           8            NONE        NONE     
    aud_dacdat_3       OUTPUT         K3        LVCMOS25           8            NONE        OREG     
      aud_mclk         OUTPUT         N5        LVCMOS25           8            NONE        NONE     
     aud_mclk_1        OUTPUT        F14        LVCMOS25           8            NONE        NONE     
     aud_mclk_2        OUTPUT         F6        LVCMOS25           8            NONE        NONE     
     aud_mclk_3        OUTPUT         H4        LVCMOS25           8            NONE        NONE     
      aud_scl          OUTPUT        R12        LVCMOS25           8            NONE        OREG     
     aud_scl_1         OUTPUT        D14        LVCMOS25           8            NONE        OREG     
     aud_scl_2         OUTPUT         A2        LVCMOS25           8            NONE        OREG     
     aud_scl_3         OUTPUT         G3        LVCMOS25           8            NONE        OREG     
       ilaclk          OUTPUT         M9        LVCMOS25           8            NONE        NONE     
      ilaclk_1         OUTPUT        L16        LVCMOS25           8            NONE        NONE     
      ilaclk_2         OUTPUT         D3        LVCMOS25           8            NONE        NONE     
      ilaclk_3         OUTPUT        K15        LVCMOS25           8            NONE        NONE     
        led            OUTPUT        E16        LVCMOS25           8            N/A         NONE     
       led_1           OUTPUT         E4        LVCMOS25           8            N/A         NONE     
       led_2           OUTPUT         J6        LVCMOS25           8            N/A         NONE     
       led_3           OUTPUT        J16        LVCMOS25           8            N/A         NONE     
     led_eight         OUTPUT        M12        LVCMOS25           8            NONE        OREG     
      led_five         OUTPUT        M10        LVCMOS25           8            NONE        OREG     
      led_four         OUTPUT        P11        LVCMOS25           8            NONE        OREG     
      led_one          OUTPUT         P9        LVCMOS25           8            NONE        OREG     
     led_seven         OUTPUT        N12        LVCMOS25           8            NONE        OREG     
      led_six          OUTPUT        L10        LVCMOS25           8            NONE        OREG     
      led_tree         OUTPUT        R16        LVCMOS25           8            NONE        OREG     
      led_two          OUTPUT        P12        LVCMOS25           8            NONE        OREG     
      aud_sda           INOUT         R9        LVCMOS25           8           PULLUP     OREG;TREG  
     aud_sda_1          INOUT        E15        LVCMOS25           8           PULLUP     OREG;TREG  
     aud_sda_2          INOUT         C3        LVCMOS25           8           PULLUP     OREG;TREG  
     aud_sda_3          INOUT         F3        LVCMOS25           8           PULLUP     OREG;TREG  

Report Hierarchy Area:
+--------------------------------------------------------------------------------------------------------+
|Instance                   |Module                 |le     |lut     |ripple  |seq     |bram    |dsp     |
+--------------------------------------------------------------------------------------------------------+
|top                        |audio_speak            |9406   |6997    |622     |7264    |0       |2       |
|  u1_es8388_ctrl           |es8388_ctrl            |306    |258     |27      |176     |0       |0       |
|    u_audio_receive        |audio_receive          |86     |56      |12      |53      |0       |0       |
|    u_audio_send           |audio_send             |51     |51      |0       |28      |0       |0       |
|    u_es8388_config        |es8388_config          |169    |151     |15      |95      |0       |0       |
|      u_i2c_dri            |i2c_dri                |108    |98      |7       |65      |0       |0       |
|      u_i2c_reg_cfg        |i2c_reg_cfg            |61     |53      |8       |30      |0       |0       |
|  u1_pll_clk               |clk_wiz_0              |0      |0       |0       |0       |0       |0       |
|  u2_es8388_ctrl           |es8388_ctrl            |291    |211     |55      |142     |0       |0       |
|    u_audio_receive        |audio_receive          |81     |47      |12      |57      |0       |0       |
|    u_audio_send           |audio_send             |56     |28      |28      |6       |0       |0       |
|    u_es8388_config        |es8388_config          |154    |136     |15      |79      |0       |0       |
|      u_i2c_dri            |i2c_dri                |89     |80      |7       |52      |0       |0       |
|      u_i2c_reg_cfg        |i2c_reg_cfg            |65     |56      |8       |27      |0       |0       |
|  u2_pll_clk               |clk_wiz_0              |2      |2       |0       |1       |0       |0       |
|  u3_es8388_ctrl           |es8388_ctrl            |238    |183     |27      |159     |0       |0       |
|    u_audio_receive        |audio_receive          |75     |46      |12      |53      |0       |0       |
|    u_audio_send           |audio_send             |25     |17      |0       |25      |0       |0       |
|    u_es8388_config        |es8388_config          |138    |120     |15      |81      |0       |0       |
|      u_i2c_dri            |i2c_dri                |82     |74      |7       |52      |0       |0       |
|      u_i2c_reg_cfg        |i2c_reg_cfg            |56     |46      |8       |29      |0       |0       |
|  u3_pll_clk               |clk_wiz_0              |0      |0       |0       |0       |0       |0       |
|  u_es8388_ctrl            |es8388_ctrl            |310    |231     |61      |173     |0       |0       |
|    u_audio_receive        |audio_receive          |78     |50      |12      |56      |0       |0       |
|    u_audio_send           |audio_send             |34     |34      |0       |29      |0       |0       |
|    u_es8388_config        |es8388_config          |198    |147     |49      |88      |0       |0       |
|      u_i2c_dri            |i2c_dri                |75     |66      |7       |51      |0       |0       |
|      u_i2c_reg_cfg        |i2c_reg_cfg            |123    |81      |42      |37      |0       |0       |
|  u_noise_suppress         |noise_suppress         |50     |37      |13      |24      |0       |0       |
|  u_pitch_shift            |pitch_shift            |6233   |4767    |15      |6107    |0       |0       |
|  u_pll_clk                |clk_wiz_0              |1      |1       |0       |0       |0       |0       |
|  u_simple_denoise         |simple_denoise         |145    |57      |35      |81      |0       |2       |
|  u_spar_4mic_localization |spar_4mic_localization |1784   |1230    |377     |342     |0       |0       |
+--------------------------------------------------------------------------------------------------------+


DataNet Average Fanout:

   Index     Fanout     Nets   
    #1          1       13008  
    #2          2       1270   
    #3          3        257   
    #4          4        21    
    #5        5-10       364   
    #6        11-50      392   
    #7       51-100       4    
    #8       101-500     33    
    #9        >500        5    
  Average     2.92             

RUN-1002 : start command "export_db ES8388_pr.db"
RUN-1001 : Exported /
RUN-1001 : Exported flow parameters
RUN-1001 : Exported libs
RUN-1001 : Exported entities
RUN-1001 : Exported ports
RUN-1001 : Exported pins
RUN-1001 : Exported instances
RUN-1001 : Exported nets
RUN-1001 : Exported buses
RUN-1001 : Exported models
RUN-1001 : Exported congestions
RUN-1001 : Exported violations
RUN-1001 : Exported IO constraints
RUN-1001 : Exported Inst constraints
RUN-1003 : finish command "export_db ES8388_pr.db" in  1.384403s wall, 2.015625s user + 0.062500s system = 2.078125s CPU (150.1%)

RUN-1004 : used memory is 898 MB, reserved memory is 896 MB, peak memory is 1058 MB
RUN-1002 : start command "export_bid ES8388_inst.bid"
RUN-1002 : start command "bitgen -bit ES8388.bit -unused_io_status pulldown"
BIT-1003 : Start to generate bitstream. 
BIT-1002 : Bitgen processed 133 unused pads, reserve input tri_state with pulldown
BIT-1002 : Init instances with 24 threads.
BIT-1002 : Init instances completely, inst num: 5785
BIT-1002 : Init pips with 24 threads.
BIT-1002 : Init pips completely, net num: 15428, pip num: 160774
BIT-1002 : Init feedthrough with 24 threads.
BIT-1002 : Init feedthrough completely, num: 699
BIT-1003 : Multithreading accelaration with 24 threads.
BIT-1003 : Generate bitstream completely, there are 3268 valid insts, and 400724 bits set as '1'.
BIT-1004 : PLL setting string = 1111
BIT-1004 : Generate bits file ES8388.bit.
RUN-1003 : finish command "bitgen -bit ES8388.bit -unused_io_status pulldown" in  12.981117s wall, 215.328125s user + 3.343750s system = 218.671875s CPU (1684.5%)

RUN-1004 : used memory is 934 MB, reserved memory is 944 MB, peak memory is 1124 MB
RUN-1002 : start command "backup_run_log run.log ../.logs/phy_1/td_20251031_225019.log"
