============================================================
   Tang Dynasty, V5.6.71036
      Copyright (c) 2012-2023 Anlogic Inc.
   Executable = D:/TD/bin/td.exe
   Built at =   20:34:38 Mar 21 2023
   Run by =     lyw15
   Run Date =   Fri Oct 31 23:30:30 2025

   Run on =     -001
============================================================
RUN-1002 : start command "open_project ES8388.prj"
RUN-1001 : Print Global Property
RUN-1001 : ---------------------------------------------------------------
RUN-1001 :        Parameters        |  Settings  |  Default Values  |  Note  
RUN-1001 : ---------------------------------------------------------------
RUN-1001 :          message         |  standard  |     standard     |        
RUN-1001 :   mixed_pack_place_flow  |     on     |        on        |        
RUN-1001 :        qor_monitor       |    off     |       off        |        
RUN-1001 :        syn_ip_flow       |    off     |       off        |        
RUN-1001 :          thread          |    auto    |       auto       |        
RUN-1001 : ---------------------------------------------------------------
RUN-1001 : Print Design Property
RUN-1001 : --------------------------------------------------------------
RUN-1001 :        Parameters       |  Settings  |  Default Values  |  Note  
RUN-1001 : --------------------------------------------------------------
RUN-1001 :   default_reg_initial   |    auto    |       auto       |        
RUN-1001 :        infer_add        |     on     |        on        |        
RUN-1001 :        infer_fsm        |    off     |       off        |        
RUN-1001 :        infer_mult       |     on     |        on        |        
RUN-1001 :        infer_ram        |     on     |        on        |        
RUN-1001 :        infer_reg        |     on     |        on        |        
RUN-1001 :   infer_reg_init_value  |     on     |        on        |        
RUN-1001 :        infer_rom        |     on     |        on        |        
RUN-1001 :      infer_shifter      |     on     |        on        |        
RUN-1001 : --------------------------------------------------------------
RUN-1001 : Print Rtl Property
RUN-1001 : --------------------------------------------------------------
RUN-1001 :        Parameters       |  Settings  |  Default Values  |  Note  
RUN-1001 : --------------------------------------------------------------
RUN-1001 :       compress_add      |   ripple   |      ripple      |        
RUN-1001 :        elf_sload        |    off     |       off        |        
RUN-1001 :       fix_undriven      |     0      |        0         |        
RUN-1001 :         flatten         |    off     |       off        |        
RUN-1001 :       gate_sharing      |     on     |        on        |        
RUN-1001 :    hdl_warning_level    |   normal   |      normal      |        
RUN-1001 :   impl_internal_tribuf  |     on     |        on        |        
RUN-1001 :      impl_set_reset     |     on     |        on        |        
RUN-1001 :        infer_gsr        |    off     |       off        |        
RUN-1001 :      keep_hierarchy     |    auto    |       auto       |        
RUN-1001 :        max_fanout       |    9999    |       9999       |        
RUN-1001 :      max_oh2bin_len     |     10     |        10        |        
RUN-1001 :       merge_equal       |     on     |        on        |        
RUN-1001 :       merge_equiv       |     on     |        on        |        
RUN-1001 :        merge_mux        |    off     |       off        |        
RUN-1001 :     min_control_set     |     8      |        8         |        
RUN-1001 :      min_ripple_len     |    auto    |       auto       |        
RUN-1001 :       oh2bin_ratio      |    0.08    |       0.08       |        
RUN-1001 :     opt_adder_fanout    |     on     |        on        |        
RUN-1001 :        opt_arith        |     on     |        on        |        
RUN-1001 :       opt_big_gate      |    off     |       off        |        
RUN-1001 :        opt_const        |     on     |        on        |        
RUN-1001 :      opt_const_mult     |     on     |        on        |        
RUN-1001 :       opt_lessthan      |     on     |        on        |        
RUN-1001 :         opt_mux         |    off     |       off        |        
RUN-1001 :         opt_ram         |    high    |       high       |        
RUN-1001 :      rtl_sim_model      |    off     |       off        |        
RUN-1001 :         seq_syn         |     on     |        on        |        
RUN-1001 : --------------------------------------------------------------
HDL-1007 : analyze verilog file ../../al_ip/clk_wiz_0.v
HDL-1007 : undeclared symbol 'open', assumed default net type 'wire' in ../../al_ip/clk_wiz_0.v(80)
HDL-1007 : analyze verilog file ../../../RTL/audio_receive.v
HDL-1007 : analyze verilog file ../../../RTL/audio_send.v
HDL-1007 : analyze verilog file ../../../RTL/audio_speak.v
HDL-1007 : analyze verilog file ../../../RTL/es8388_config.v
HDL-1007 : analyze verilog file ../../../RTL/es8388_ctrl.v
HDL-1007 : analyze verilog file ../../../RTL/i2c_dri.v
HDL-1007 : analyze verilog file ../../../RTL/i2c_reg_cfg.v
HDL-1007 : analyze verilog file ../../../RTL/spar_4mic_localization.v
HDL-1007 : analyze verilog file ../../../RTL/noise_suppress.v
HDL-1007 : analyze verilog file ../../../RTL/pitch_shift.v
HDL-5007 WARNING: loop variable declaration is not allowed in this mode of Verilog in ../../../RTL/pitch_shift.v(30)
HDL-1007 : analyze verilog file ../../../RTL/simple_denoise.v
RUN-1001 : Project manager successfully analyzed 12 source files.
RUN-1002 : start command "import_device eagle_s20.db -package EG4S20BG256"
ARC-1001 : Device Initialization.
ARC-1001 : ------------------------------------------------------------------
ARC-1001 :            OPTION            |          IO          |   SETTING   
ARC-1001 : ------------------------------------------------------------------
ARC-1001 :   cso_b/cclk/mosi/miso/dout  |  T3/R11/T10/P10/S11  |    gpio    
ARC-1001 :             done             |         P13          |    gpio    
ARC-1001 :           program_b          |          T2          |  dedicate  
ARC-1001 :        tdi/tms/tck/tdo       |   C12/A15/C14/E14    |  dedicate  
ARC-1001 : ------------------------------------------------------------------
ARC-1004 : Device setting, marked 5 dedicate IOs in total.
RUN-1002 : start command "import_db ../syn_1/ES8388_gate.db"
RUN-1001 : Importing database generated by Tang Dynasty, V5.6.71036.
RUN-1001 : Database version number 46146.
RUN-1001 : Import flow parameters
RUN-1001 : Import IO constraints
RUN-1001 : Import Inst constraints
RUN-1001 : Import design success TD_VERSION=5.6.71036 , DB_VERSION=46146
RUN-1002 : start command "place"
RUN-1001 : Open license file D:/TD/license/Anlogic.lic
RUN-1001 : Print Global Property
RUN-1001 : ---------------------------------------------------------------
RUN-1001 :        Parameters        |  Settings  |  Default Values  |  Note  
RUN-1001 : ---------------------------------------------------------------
RUN-1001 :          message         |  standard  |     standard     |        
RUN-1001 :   mixed_pack_place_flow  |     on     |        on        |        
RUN-1001 :        qor_monitor       |    off     |       off        |        
RUN-1001 :        syn_ip_flow       |    off     |       off        |        
RUN-1001 :          thread          |    auto    |       auto       |        
RUN-1001 : ---------------------------------------------------------------
RUN-1001 : Print Place Property
RUN-1001 : --------------------------------------------------------------
RUN-1001 :        Parameters       |  Settings  |  Default Values  |  Note  
RUN-1001 : --------------------------------------------------------------
RUN-1001 :      detailed_place     |     on     |        on        |        
RUN-1001 :          effort         |   medium   |      medium      |        
RUN-1001 :         fix_hold        |    off     |       off        |        
RUN-1001 :       legalization      |    ori     |       ori        |        
RUN-1001 :      new_spreading      |     on     |        on        |        
RUN-1001 :        opt_timing       |   medium   |      medium      |        
RUN-1001 :   post_clock_route_opt  |    off     |       off        |        
RUN-1001 :       pr_strategy       |     1      |        1         |        
RUN-1001 :        relaxation       |    1.00    |       1.00       |        
RUN-1001 :         retiming        |    off     |       off        |        
RUN-1001 : --------------------------------------------------------------
PHY-3001 : Placer runs in 24 thread(s).
RUN-1002 : start command "legalize_phy_inst"
SYN-1011 : Flatten model audio_speak
RUN-1002 : start command "phys_opt -simplify_lut"
SYN-4016 : Net ilaclk_1_dup_1 driven by BUFG (0 clock/control pins, 2 other pins).
SYN-4016 : Net ilaclk_2_dup_1 driven by BUFG (0 clock/control pins, 2 other pins).
SYN-4016 : Net ilaclk_3_dup_1 driven by BUFG (0 clock/control pins, 2 other pins).
SYN-4016 : Net ilaclk_dup_1 driven by BUFG (0 clock/control pins, 2 other pins).
SYN-4027 : Net aud_mclk_1_dup_1 is clkc1 of pll u1_pll_clk/pll_inst.
SYN-4019 : Net sys_clk_dup_1 is refclk of pll u1_pll_clk/pll_inst.
SYN-4020 : Net sys_clk_dup_1 is fbclk of pll u1_pll_clk/pll_inst.
SYN-4027 : Net aud_mclk_2_dup_1 is clkc1 of pll u2_pll_clk/pll_inst.
SYN-4019 : Net sys_clk_dup_1 is refclk of pll u2_pll_clk/pll_inst.
SYN-4020 : Net sys_clk_dup_1 is fbclk of pll u2_pll_clk/pll_inst.
SYN-4027 : Net aud_mclk_3_dup_1 is clkc1 of pll u3_pll_clk/pll_inst.
SYN-4019 : Net sys_clk_dup_1 is refclk of pll u3_pll_clk/pll_inst.
SYN-4020 : Net sys_clk_dup_1 is fbclk of pll u3_pll_clk/pll_inst.
SYN-4027 : Net aud_mclk_dup_1 is clkc1 of pll u_pll_clk/pll_inst.
SYN-4019 : Net sys_clk_dup_1 is refclk of pll u_pll_clk/pll_inst.
SYN-4020 : Net sys_clk_dup_1 is fbclk of pll u_pll_clk/pll_inst.
SYN-4024 : Net "aud_bclk_1_dup_1" drives clk pins.
SYN-4024 : Net "aud_bclk_2_dup_1" drives clk pins.
SYN-4024 : Net "aud_bclk_dup_1" drives clk pins.
SYN-4024 : Net "aud_bclk_3_dup_1" drives clk pins.
SYN-4024 : Net "u1_es8388_ctrl/u_es8388_config/u_i2c_dri/dri_clk" drives clk pins.
SYN-4024 : Net "u2_es8388_ctrl/u_es8388_config/u_i2c_dri/dri_clk" drives clk pins.
SYN-4024 : Net "u3_es8388_ctrl/u_es8388_config/u_i2c_dri/dri_clk" drives clk pins.
SYN-7503 WARNING: Net "u_es8388_ctrl/u_es8388_config/u_i2c_dri/dri_clk" drives clk pins. However it will not be tagged as clk net, for there's no more slots.
SYN-4025 : Tag rtl::Net aud_bclk_1_dup_1 as clock net
SYN-4025 : Tag rtl::Net aud_bclk_2_dup_1 as clock net
SYN-4025 : Tag rtl::Net aud_bclk_3_dup_1 as clock net
SYN-4025 : Tag rtl::Net aud_bclk_dup_1 as clock net
SYN-4025 : Tag rtl::Net aud_mclk_1_dup_1 as clock net
SYN-4025 : Tag rtl::Net aud_mclk_2_dup_1 as clock net
SYN-4025 : Tag rtl::Net aud_mclk_3_dup_1 as clock net
SYN-4025 : Tag rtl::Net aud_mclk_dup_1 as clock net
SYN-4025 : Tag rtl::Net ilaclk_1_dup_1 as clock net
SYN-4025 : Tag rtl::Net ilaclk_2_dup_1 as clock net
SYN-4025 : Tag rtl::Net ilaclk_3_dup_1 as clock net
SYN-4025 : Tag rtl::Net ilaclk_dup_1 as clock net
SYN-4025 : Tag rtl::Net sys_clk_dup_1 as clock net
SYN-4025 : Tag rtl::Net u1_es8388_ctrl/u_es8388_config/u_i2c_dri/dri_clk as clock net
SYN-4025 : Tag rtl::Net u2_es8388_ctrl/u_es8388_config/u_i2c_dri/dri_clk as clock net
SYN-4025 : Tag rtl::Net u3_es8388_ctrl/u_es8388_config/u_i2c_dri/dri_clk as clock net
SYN-4026 : Tagged 16 rtl::Net as clock net
SYN-4015 : Create BUFG instance for clk Net aud_bclk_1_dup_1 to drive 83 clock pins.
SYN-4015 : Create BUFG instance for clk Net aud_bclk_2_dup_1 to drive 83 clock pins.
SYN-4015 : Create BUFG instance for clk Net aud_bclk_3_dup_1 to drive 80 clock pins.
SYN-4015 : Create BUFG instance for clk Net aud_bclk_dup_1 to drive 80 clock pins.
SYN-4015 : Create BUFG instance for clk Net u1_es8388_ctrl/u_es8388_config/u_i2c_dri/dri_clk to drive 59 clock pins.
SYN-4015 : Create BUFG instance for clk Net u2_es8388_ctrl/u_es8388_config/u_i2c_dri/dri_clk to drive 59 clock pins.
SYN-4015 : Create BUFG instance for clk Net u3_es8388_ctrl/u_es8388_config/u_i2c_dri/dri_clk to drive 59 clock pins.
PHY-1001 : Populate physical database on model audio_speak.
RUN-1001 : There are total 14012 instances
RUN-0007 : 5796 luts, 7235 seqs, 593 mslices, 317 lslices, 51 pads, 0 brams, 2 dsps
RUN-1001 : There are total 16010 nets
RUN-1001 : 13719 nets have 2 pins
RUN-1001 : 1473 nets have [3 - 5] pins
RUN-1001 : 322 nets have [6 - 10] pins
RUN-1001 : 129 nets have [11 - 20] pins
RUN-1001 : 323 nets have [21 - 99] pins
RUN-1001 : 44 nets have 100+ pins
RUN-1001 : Report Control nets information:
RUN-1001 : DFF Distribution
RUN-1001 : ----------------------------------
RUN-1001 :   CE   |  SSR  |  ASR  |  DFF Count  
RUN-1001 : ----------------------------------
RUN-1001 :   No   |  No   |  No   |     24      
RUN-1001 :   No   |  No   |  Yes  |     671     
RUN-1001 :   No   |  Yes  |  No   |     27      
RUN-1001 :   Yes  |  No   |  No   |      0      
RUN-1001 :   Yes  |  No   |  Yes  |    6481     
RUN-1001 :   Yes  |  Yes  |  No   |     32      
RUN-1001 : ----------------------------------
RUN-0007 : Control Group Statistic
RUN-0007 : ---------------------------
RUN-0007 :   #CLK  |  #CE  |  #SSR/ASR  
RUN-0007 : ---------------------------
RUN-0007 :    9    |  278  |     11     
RUN-0007 : ---------------------------
RUN-0007 : Control Set = 293
PHY-3001 : Initial placement ...
PHY-3001 : design contains 14010 instances, 5796 luts, 7235 seqs, 910 slices, 188 macros(910 instances: 593 mslices 317 lslices)
PHY-3001 : Huge net locked with 6371 pins
PHY-3001 : Huge net u_pitch_shift/read_ptr[1] with 3028 pins
PHY-3001 : Huge net u_pitch_shift/read_ptr[0] with 1776 pins
PHY-0007 : Cell area utilization is 38%
PHY-3001 : Global placement ...
PHY-3001 : Initial: Len = 2.92302e+06
PHY-3001 : Clustering ...
PHY-3001 : Level 0 #clusters 14010.
PHY-3001 : Level 1 #clusters 1520.
PHY-3001 : End clustering;  0.086963s wall, 0.078125s user + 0.015625s system = 0.093750s CPU (107.8%)

PHY-3001 : Run with size of 4
PHY-3001 : Cell area utilization is 38%
PHY-3001 : :::0::: Try harder cell spreading with beta_ = 0
PHY-3002 : Step(1): len = 612498, overlap = 214.719
PHY-3002 : Step(2): len = 546952, overlap = 289.906
PHY-3002 : Step(3): len = 374016, overlap = 514.531
PHY-3002 : Step(4): len = 332334, overlap = 578.219
PHY-3002 : Step(5): len = 265543, overlap = 723.406
PHY-3002 : Step(6): len = 235497, overlap = 777.719
PHY-3002 : Step(7): len = 187016, overlap = 858.688
PHY-3002 : Step(8): len = 165978, overlap = 904.719
PHY-3002 : Step(9): len = 136370, overlap = 974.031
PHY-3002 : Step(10): len = 123162, overlap = 1002.44
PHY-3002 : Step(11): len = 103789, overlap = 1042.53
PHY-3002 : Step(12): len = 94121.2, overlap = 1073.03
PHY-3002 : Step(13): len = 81338, overlap = 1111.16
PHY-3002 : Step(14): len = 73140, overlap = 1118.44
PHY-3002 : Step(15): len = 66433.5, overlap = 1135.09
PHY-3001 : :::1::: Try harder cell spreading with beta_ = 2.83239e-07
PHY-3002 : Step(16): len = 73436.2, overlap = 1130.16
PHY-3002 : Step(17): len = 96439, overlap = 1060.22
PHY-3002 : Step(18): len = 92076.9, overlap = 1038.91
PHY-3002 : Step(19): len = 91988.8, overlap = 1020.62
PHY-3002 : Step(20): len = 88309.9, overlap = 1016.81
PHY-3002 : Step(21): len = 89485.9, overlap = 997.656
PHY-3002 : Step(22): len = 88684.6, overlap = 973.438
PHY-3002 : Step(23): len = 91801.1, overlap = 962
PHY-3002 : Step(24): len = 92333.6, overlap = 984.062
PHY-3002 : Step(25): len = 92740.7, overlap = 967.562
PHY-3002 : Step(26): len = 89987.1, overlap = 966.375
PHY-3002 : Step(27): len = 88546, overlap = 974.25
PHY-3002 : Step(28): len = 86517.4, overlap = 982.375
PHY-3002 : Step(29): len = 85517, overlap = 965.75
PHY-3002 : Step(30): len = 83439.3, overlap = 966.844
PHY-3002 : Step(31): len = 82920.8, overlap = 969.031
PHY-3002 : Step(32): len = 81657.9, overlap = 971.5
PHY-3001 : :::2::: Try harder cell spreading with beta_ = 5.66478e-07
PHY-3002 : Step(33): len = 89220.4, overlap = 921.531
PHY-3002 : Step(34): len = 94997.9, overlap = 874.281
PHY-3002 : Step(35): len = 96616.7, overlap = 854.312
PHY-3002 : Step(36): len = 97249.7, overlap = 855.156
PHY-3002 : Step(37): len = 96989, overlap = 842.219
PHY-3002 : Step(38): len = 96711.9, overlap = 814.031
PHY-3002 : Step(39): len = 96154.4, overlap = 814.062
PHY-3002 : Step(40): len = 96115.2, overlap = 845.219
PHY-3002 : Step(41): len = 94900.6, overlap = 843.5
PHY-3002 : Step(42): len = 95566.3, overlap = 848.469
PHY-3002 : Step(43): len = 95335.4, overlap = 864.938
PHY-3002 : Step(44): len = 94823.8, overlap = 871
PHY-3002 : Step(45): len = 94434.9, overlap = 879.094
PHY-3002 : Step(46): len = 93280.9, overlap = 865.125
PHY-3002 : Step(47): len = 93209.4, overlap = 853.625
PHY-3002 : Step(48): len = 92855, overlap = 855.188
PHY-3002 : Step(49): len = 93027.1, overlap = 835.875
PHY-3002 : Step(50): len = 91904.1, overlap = 822.344
PHY-3002 : Step(51): len = 91231, overlap = 789.656
PHY-3002 : Step(52): len = 90026.3, overlap = 798.75
PHY-3002 : Step(53): len = 90113, overlap = 834.312
PHY-3002 : Step(54): len = 89607.7, overlap = 857.781
PHY-3001 : :::3::: Try harder cell spreading with beta_ = 1.13296e-06
PHY-3002 : Step(55): len = 95973.1, overlap = 796.188
PHY-3002 : Step(56): len = 104435, overlap = 738.906
PHY-3002 : Step(57): len = 106902, overlap = 671.062
PHY-3002 : Step(58): len = 108483, overlap = 689.281
PHY-3002 : Step(59): len = 108084, overlap = 699.344
PHY-3002 : Step(60): len = 108522, overlap = 722.938
PHY-3002 : Step(61): len = 107652, overlap = 745.062
PHY-3001 : :::4::: Try harder cell spreading with beta_ = 2.26591e-06
PHY-3002 : Step(62): len = 117779, overlap = 689.094
PHY-3002 : Step(63): len = 127001, overlap = 568.812
PHY-3002 : Step(64): len = 130019, overlap = 522.562
PHY-3002 : Step(65): len = 131199, overlap = 517.812
PHY-3002 : Step(66): len = 129990, overlap = 521.562
PHY-3002 : Step(67): len = 129334, overlap = 526.469
PHY-3002 : Step(68): len = 128299, overlap = 525.844
PHY-3002 : Step(69): len = 127967, overlap = 523.25
PHY-3002 : Step(70): len = 127073, overlap = 527.812
PHY-3002 : Step(71): len = 127225, overlap = 514.781
PHY-3002 : Step(72): len = 126864, overlap = 513.219
PHY-3001 : :::5::: Try harder cell spreading with beta_ = 4.53182e-06
PHY-3002 : Step(73): len = 138302, overlap = 481.562
PHY-3002 : Step(74): len = 149010, overlap = 408.188
PHY-3002 : Step(75): len = 150677, overlap = 359.656
PHY-3002 : Step(76): len = 151389, overlap = 319.531
PHY-3002 : Step(77): len = 150394, overlap = 332.906
PHY-3002 : Step(78): len = 150207, overlap = 329.594
PHY-3002 : Step(79): len = 149588, overlap = 348.125
PHY-3002 : Step(80): len = 149945, overlap = 339.625
PHY-3002 : Step(81): len = 149111, overlap = 340.094
PHY-3002 : Step(82): len = 149415, overlap = 342.75
PHY-3002 : Step(83): len = 148625, overlap = 343.438
PHY-3001 : :::6::: Try harder cell spreading with beta_ = 9.06365e-06
PHY-3002 : Step(84): len = 159005, overlap = 305.562
PHY-3002 : Step(85): len = 166713, overlap = 226.469
PHY-3002 : Step(86): len = 167577, overlap = 205.844
PHY-3002 : Step(87): len = 168104, overlap = 189.438
PHY-3002 : Step(88): len = 168466, overlap = 188.969
PHY-3002 : Step(89): len = 170023, overlap = 181.375
PHY-3002 : Step(90): len = 169381, overlap = 193.844
PHY-3002 : Step(91): len = 169446, overlap = 189.906
PHY-3002 : Step(92): len = 169466, overlap = 188.875
PHY-3001 : :::7::: Try harder cell spreading with beta_ = 1.81273e-05
PHY-3002 : Step(93): len = 179214, overlap = 171.594
PHY-3002 : Step(94): len = 187288, overlap = 177.75
PHY-3002 : Step(95): len = 187553, overlap = 168
PHY-3002 : Step(96): len = 188048, overlap = 150.312
PHY-3002 : Step(97): len = 188024, overlap = 145.5
PHY-3002 : Step(98): len = 188602, overlap = 156.188
PHY-3002 : Step(99): len = 187484, overlap = 165.375
PHY-3002 : Step(100): len = 187622, overlap = 155.75
PHY-3002 : Step(101): len = 188171, overlap = 168.5
PHY-3001 : :::8::: Try harder cell spreading with beta_ = 3.62546e-05
PHY-3002 : Step(102): len = 194775, overlap = 136.406
PHY-3002 : Step(103): len = 202642, overlap = 131.969
PHY-3002 : Step(104): len = 203436, overlap = 111.062
PHY-3002 : Step(105): len = 204380, overlap = 121.25
PHY-3002 : Step(106): len = 205346, overlap = 118.25
PHY-3002 : Step(107): len = 206296, overlap = 115.531
PHY-3002 : Step(108): len = 205553, overlap = 103.656
PHY-3002 : Step(109): len = 205512, overlap = 101.844
PHY-3002 : Step(110): len = 205615, overlap = 99.4688
PHY-3001 : :::9::: Try harder cell spreading with beta_ = 7.25092e-05
PHY-3002 : Step(111): len = 211810, overlap = 98.7188
PHY-3002 : Step(112): len = 217345, overlap = 88.6562
PHY-3002 : Step(113): len = 218795, overlap = 83.6875
PHY-3002 : Step(114): len = 219911, overlap = 82.5
PHY-3002 : Step(115): len = 221543, overlap = 75.875
PHY-3002 : Step(116): len = 222316, overlap = 64.5625
PHY-3002 : Step(117): len = 221879, overlap = 55.125
PHY-3002 : Step(118): len = 221712, overlap = 53.5312
PHY-3002 : Step(119): len = 221752, overlap = 53.1875
PHY-3001 : :::10::: Try harder cell spreading with beta_ = 0.000144786
PHY-3002 : Step(120): len = 225551, overlap = 49.1875
PHY-3002 : Step(121): len = 230141, overlap = 43.2188
PHY-3002 : Step(122): len = 231720, overlap = 41.3438
PHY-3002 : Step(123): len = 233193, overlap = 32.9375
PHY-3002 : Step(124): len = 234224, overlap = 31.5
PHY-3002 : Step(125): len = 234887, overlap = 32.0938
PHY-3002 : Step(126): len = 234770, overlap = 31.3125
PHY-3002 : Step(127): len = 235318, overlap = 27.875
PHY-3002 : Step(128): len = 236242, overlap = 25.7188
PHY-3002 : Step(129): len = 236757, overlap = 26.9688
PHY-3002 : Step(130): len = 236756, overlap = 24.2188
PHY-3001 : :::11::: Try harder cell spreading with beta_ = 0.000259328
PHY-3002 : Step(131): len = 238716, overlap = 23.6562
PHY-3002 : Step(132): len = 241215, overlap = 24.4375
PHY-3002 : Step(133): len = 242623, overlap = 20.7812
PHY-3002 : Step(134): len = 244263, overlap = 19.6875
PHY-3002 : Step(135): len = 245782, overlap = 22.9062
PHY-3002 : Step(136): len = 247101, overlap = 17.75
PHY-3002 : Step(137): len = 247452, overlap = 18.125
PHY-3002 : Step(138): len = 248232, overlap = 18.0312
PHY-3002 : Step(139): len = 249472, overlap = 18.9688
PHY-3002 : Step(140): len = 250151, overlap = 18.1875
PHY-3002 : Step(141): len = 249834, overlap = 18.5
PHY-3002 : Step(142): len = 249619, overlap = 18.25
PHY-3002 : Step(143): len = 249814, overlap = 18.4375
PHY-3002 : Step(144): len = 249840, overlap = 17.8125
PHY-3002 : Step(145): len = 249503, overlap = 19
PHY-3001 : :::12::: Try harder cell spreading with beta_ = 0.00048849
PHY-3002 : Step(146): len = 251258, overlap = 19.875
PHY-3002 : Step(147): len = 254871, overlap = 16.25
PHY-3002 : Step(148): len = 255975, overlap = 14.7188
PHY-3002 : Step(149): len = 257047, overlap = 11
PHY-3002 : Step(150): len = 257981, overlap = 10.125
PHY-3002 : Step(151): len = 258724, overlap = 9.59375
PHY-3002 : Step(152): len = 258772, overlap = 8.09375
PHY-3002 : Step(153): len = 258851, overlap = 7.625
PHY-3002 : Step(154): len = 259067, overlap = 7.4375
PHY-3002 : Step(155): len = 259276, overlap = 7.4375
PHY-3002 : Step(156): len = 259081, overlap = 7.4375
PHY-3002 : Step(157): len = 258932, overlap = 7.4375
PHY-3002 : Step(158): len = 258902, overlap = 7.4375
PHY-3001 : :::13::: Try harder cell spreading with beta_ = 0.00090858
PHY-3002 : Step(159): len = 260383, overlap = 6.25
PHY-3002 : Step(160): len = 263712, overlap = 6
PHY-3002 : Step(161): len = 265612, overlap = 7.0625
PHY-3002 : Step(162): len = 267348, overlap = 6.9375
PHY-3002 : Step(163): len = 268266, overlap = 7.5
PHY-3002 : Step(164): len = 268771, overlap = 7.375
PHY-3002 : Step(165): len = 268966, overlap = 7.375
PHY-3002 : Step(166): len = 269050, overlap = 7.6875
PHY-3002 : Step(167): len = 269069, overlap = 7.75
PHY-3002 : Step(168): len = 269000, overlap = 7.75
PHY-3002 : Step(169): len = 269083, overlap = 8.125
PHY-3002 : Step(170): len = 269289, overlap = 9.4375
PHY-3002 : Step(171): len = 269554, overlap = 9.375
PHY-3001 : Legalization ...
PHY-3001 : End legalization;  0.004335s wall, 0.000000s user + 0.000000s system = 0.000000s CPU (n/a%)

PHY-3001 : Run with size of 4
PHY-3001 : Cell area utilization is 45%
PHY-3001 : Analyzing congestion ...
RUN-1001 : Generating global routing grids ...
RUN-1001 : Building simple global routing graph ...
PHY-1001 : Generate routing nets ...
PHY-1001 : Reuse net number 0/16010.
PHY-1001 : Global iterations in 24 thread ...
PHY-1002 : len = 434584, over cnt = 1373(3%), over = 6660, worst = 44
PHY-1001 : End global iterations;  0.670633s wall, 0.671875s user + 0.140625s system = 0.812500s CPU (121.2%)

PHY-1001 : Congestion index: top1 = 60.97, top5 = 47.47, top10 = 40.73, top15 = 36.50.
PHY-3001 : End congestion estimation;  0.780731s wall, 0.750000s user + 0.156250s system = 0.906250s CPU (116.1%)

PHY-3001 : Update density targets...
PHY-3001 : Update congestion history...
PHY-3001 : :::0::: Try harder cell spreading with beta_ = 4.37961e-05
PHY-3002 : Step(172): len = 301327, overlap = 22.25
PHY-3002 : Step(173): len = 310858, overlap = 24.9375
PHY-3002 : Step(174): len = 308250, overlap = 29.7188
PHY-3002 : Step(175): len = 292683, overlap = 32.5625
PHY-3002 : Step(176): len = 288591, overlap = 29.9688
PHY-3002 : Step(177): len = 284344, overlap = 27.6562
PHY-3002 : Step(178): len = 275637, overlap = 32.3125
PHY-3002 : Step(179): len = 273274, overlap = 39.8438
PHY-3002 : Step(180): len = 273200, overlap = 42.4375
PHY-3002 : Step(181): len = 269293, overlap = 39.5312
PHY-3002 : Step(182): len = 268805, overlap = 42.3438
PHY-3002 : Step(183): len = 268463, overlap = 43.4688
PHY-3001 : :::1::: Try harder cell spreading with beta_ = 8.75923e-05
PHY-3002 : Step(184): len = 270695, overlap = 45.1875
PHY-3002 : Step(185): len = 277286, overlap = 41.1875
PHY-3002 : Step(186): len = 277286, overlap = 41.1875
PHY-3002 : Step(187): len = 273148, overlap = 41.75
PHY-3001 : :::2::: Try harder cell spreading with beta_ = 0.000168419
PHY-3002 : Step(188): len = 288049, overlap = 37.2812
PHY-3002 : Step(189): len = 299481, overlap = 33.4375
PHY-3002 : Step(190): len = 306521, overlap = 34.1875
PHY-3002 : Step(191): len = 305595, overlap = 35.4688
PHY-3002 : Step(192): len = 302974, overlap = 33.1875
PHY-3002 : Step(193): len = 298592, overlap = 32.5625
PHY-3002 : Step(194): len = 296968, overlap = 32.1875
PHY-3002 : Step(195): len = 295086, overlap = 31.5
PHY-3001 : Run with size of 2
PHY-3001 : Cell area utilization is 45%
PHY-3001 : Analyzing congestion ...
RUN-1001 : Generating global routing grids ...
PHY-1001 : Generate routing nets ...
PHY-1001 : Reuse net number 53/16010.
PHY-1001 : Global iterations in 24 thread ...
PHY-1002 : len = 436504, over cnt = 1778(5%), over = 9289, worst = 66
PHY-1001 : End global iterations;  0.803380s wall, 0.750000s user + 0.296875s system = 1.046875s CPU (130.3%)

PHY-1001 : Congestion index: top1 = 73.94, top5 = 55.88, top10 = 47.46, top15 = 42.24.
PHY-3001 : End congestion estimation;  0.927834s wall, 0.875000s user + 0.296875s system = 1.171875s CPU (126.3%)

PHY-3001 : Update density targets...
PHY-3001 : Update congestion history...
PHY-3001 : :::0::: Try harder cell spreading with beta_ = 4.10616e-05
PHY-3002 : Step(196): len = 280492, overlap = 168.812
PHY-3002 : Step(197): len = 282771, overlap = 154.5
PHY-3002 : Step(198): len = 275887, overlap = 136.844
PHY-3002 : Step(199): len = 270930, overlap = 107.406
PHY-3002 : Step(200): len = 272571, overlap = 118.531
PHY-3002 : Step(201): len = 267237, overlap = 113.656
PHY-3002 : Step(202): len = 266240, overlap = 107.031
PHY-3002 : Step(203): len = 265569, overlap = 94.1875
PHY-3002 : Step(204): len = 260806, overlap = 91.4375
PHY-3002 : Step(205): len = 258737, overlap = 92.9062
PHY-3002 : Step(206): len = 259036, overlap = 96.5
PHY-3002 : Step(207): len = 258909, overlap = 90.3438
PHY-3002 : Step(208): len = 259049, overlap = 80.3125
PHY-3002 : Step(209): len = 255302, overlap = 86.75
PHY-3002 : Step(210): len = 251098, overlap = 88.5625
PHY-3002 : Step(211): len = 251410, overlap = 86.625
PHY-3002 : Step(212): len = 250944, overlap = 92.4375
PHY-3001 : :::1::: Try harder cell spreading with beta_ = 8.21231e-05
PHY-3002 : Step(213): len = 252972, overlap = 88.4375
PHY-3002 : Step(214): len = 256807, overlap = 84.3125
PHY-3002 : Step(215): len = 259768, overlap = 74.75
PHY-3002 : Step(216): len = 261866, overlap = 70.25
PHY-3001 : :::2::: Try harder cell spreading with beta_ = 0.000164246
PHY-3002 : Step(217): len = 263017, overlap = 77.0938
PHY-3002 : Step(218): len = 267108, overlap = 69.125
PHY-3002 : Step(219): len = 273137, overlap = 65.8438
PHY-3002 : Step(220): len = 275026, overlap = 55.625
PHY-3002 : Step(221): len = 275507, overlap = 59
PHY-3002 : Step(222): len = 274340, overlap = 55.875
OPT-1001 : Start physical optimization ...
OPT-1001 : Total overflow 340.84 peak overflow 4.28
OPT-1001 : Start high-fanout net optimization ...
OPT-1001 : Update timing in global mode
PHY-1001 : Start incremental global routing, caller is place ...
RUN-1001 : Generating global routing grids ...
PHY-1001 : Generate routing nets ...
PHY-1001 : Reuse net number 229/16010.
PHY-1001 : Global iterations in 24 thread ...
PHY-1002 : len = 449128, over cnt = 2093(5%), over = 7670, worst = 29
PHY-1001 : End global iterations;  1.392899s wall, 1.281250s user + 0.359375s system = 1.640625s CPU (117.8%)

PHY-1001 : Congestion index: top1 = 54.94, top5 = 44.05, top10 = 38.97, top15 = 36.03.
PHY-1001 : End incremental global routing;  1.546558s wall, 1.421875s user + 0.359375s system = 1.781250s CPU (115.2%)

RUN-1002 : start command "start_timer -report"
TMR-5001 WARNING: No sdc constraints found while initiating timer.
TMR-2505 : Start building timing graph for model audio_speak.
TMR-2506 : Build timing graph completely. Port num: 50, tpin num: 71290, tnet num: 14952, tinst num: 14010, tnode num: 100129, tedge num: 115708.
TMR-2508 : Levelizing timing graph completed, there are 43 levels in total.
TMR-2501 : Timing graph initialized successfully.
OPT-1001 : End timing update;  0.605532s wall, 0.593750s user + 0.000000s system = 0.593750s CPU (98.1%)

OPT-1001 : 0 high-fanout net processed.
OPT-1001 : End high-fanout net optimization;  2.357916s wall, 2.187500s user + 0.359375s system = 2.546875s CPU (108.0%)

OPT-1001 : Current memory(MB): used = 486, reserve = 464, peak = 486.
OPT-1001 : End physical optimization;  2.461754s wall, 2.281250s user + 0.359375s system = 2.640625s CPU (107.3%)

PHY-3001 : Start packing ...
SYN-4007 : Packing 0 MUX to BLE ...
SYN-4008 : Packed 0 MUX and 0 SEQ to BLE.
SYN-4007 : Packing 5796 LUT to BLE ...
SYN-4008 : Packed 5796 LUT and 553 SEQ to BLE.
SYN-4003 : Packing 6682 remaining SEQ's ...
SYN-4005 : Packed 4816 SEQ with LUT/SLICE
SYN-4006 : 524 single LUT's are left
SYN-4006 : 1866 single SEQ's are left
SYN-4011 : Packing model "audio_speak" (AL_USER_NORMAL) with 7662/8643 primitive instances ...
PHY-3001 : End packing;  0.972843s wall, 0.921875s user + 0.046875s system = 0.968750s CPU (99.6%)

PHY-1001 : Populate physical database on model audio_speak.
RUN-1001 : There are total 5816 instances
RUN-1001 : 2873 mslices, 2872 lslices, 51 pads, 0 brams, 2 dsps
RUN-1001 : There are total 15496 nets
RUN-1001 : 13119 nets have 2 pins
RUN-1001 : 1553 nets have [3 - 5] pins
RUN-1001 : 327 nets have [6 - 10] pins
RUN-1001 : 390 nets have [11 - 20] pins
RUN-1001 : 66 nets have [21 - 99] pins
RUN-1001 : 41 nets have 100+ pins
PHY-3001 : design contains 5814 instances, 5745 slices, 188 macros(910 instances: 593 mslices 317 lslices)
PHY-3001 : Huge net locked with 4248 pins
PHY-3001 : Huge net u_pitch_shift/read_ptr[1] with 2116 pins
PHY-3001 : Huge net u_pitch_shift/read_ptr[0] with 1403 pins
PHY-3001 : Cell area utilization is 65%
PHY-3001 : After packing: Len = 302634, Over = 189.25
PHY-3001 : Run with size of 2
PHY-3001 : Cell area utilization is 65%
PHY-3001 : Analyzing congestion ...
RUN-1001 : Generating global routing grids ...
PHY-1001 : Generate routing nets ...
PHY-1001 : Reuse net number 5085/15496.
PHY-1001 : Global iterations in 24 thread ...
PHY-1002 : len = 491248, over cnt = 2147(6%), over = 5538, worst = 25
PHY-1002 : len = 518136, over cnt = 1503(4%), over = 3148, worst = 25
PHY-1002 : len = 543368, over cnt = 622(1%), over = 1326, worst = 20
PHY-1002 : len = 556416, over cnt = 236(0%), over = 482, worst = 9
PHY-1002 : len = 563472, over cnt = 0(0%), over = 0, worst = 0
PHY-1001 : End global iterations;  1.369816s wall, 1.546875s user + 0.312500s system = 1.859375s CPU (135.7%)

PHY-1001 : Congestion index: top1 = 46.92, top5 = 40.71, top10 = 37.59, top15 = 35.62.
PHY-3001 : End congestion estimation;  1.603870s wall, 1.765625s user + 0.312500s system = 2.078125s CPU (129.6%)

PHY-3001 : Update density targets...
PHY-3001 : Update congestion history...
PHY-3001 : :::0::: Try harder cell spreading with beta_ = 1.78488e-05
PHY-3002 : Step(223): len = 283268, overlap = 195
PHY-3002 : Step(224): len = 283661, overlap = 196
PHY-3002 : Step(225): len = 278347, overlap = 213.25
PHY-3002 : Step(226): len = 267414, overlap = 224
PHY-3002 : Step(227): len = 267579, overlap = 224
PHY-3002 : Step(228): len = 266637, overlap = 219.75
PHY-3001 : :::1::: Try harder cell spreading with beta_ = 3.56976e-05
PHY-3002 : Step(229): len = 273299, overlap = 201
PHY-3002 : Step(230): len = 275406, overlap = 200.25
PHY-3002 : Step(231): len = 277868, overlap = 207.5
PHY-3001 : :::2::: Try harder cell spreading with beta_ = 7.13952e-05
PHY-3002 : Step(232): len = 287862, overlap = 189.75
PHY-3002 : Step(233): len = 291102, overlap = 182.5
PHY-3002 : Step(234): len = 289946, overlap = 170.75
PHY-3002 : Step(235): len = 289751, overlap = 170
PHY-3002 : Step(236): len = 290311, overlap = 174.25
PHY-3001 : Legalization ...
PHY-3001 : End legalization;  1.015448s wall, 1.828125s user + 1.062500s system = 2.890625s CPU (284.7%)

PHY-3001 : Trial Legalized: Len = 362788
PHY-3001 : Run with size of 2
PHY-3001 : Cell area utilization is 64%
PHY-3001 : Analyzing congestion ...
RUN-1001 : Generating global routing grids ...
PHY-1001 : Generate routing nets ...
PHY-1001 : Reuse net number 463/15496.
PHY-1001 : Global iterations in 24 thread ...
PHY-1002 : len = 559536, over cnt = 2114(6%), over = 3128, worst = 6
PHY-1002 : len = 568120, over cnt = 1393(3%), over = 1943, worst = 5
PHY-1002 : len = 585704, over cnt = 488(1%), over = 664, worst = 5
PHY-1002 : len = 590328, over cnt = 263(0%), over = 384, worst = 5
PHY-1002 : len = 595832, over cnt = 15(0%), over = 21, worst = 3
PHY-1001 : End global iterations;  2.276373s wall, 2.312500s user + 0.593750s system = 2.906250s CPU (127.7%)

PHY-1001 : Congestion index: top1 = 44.14, top5 = 39.29, top10 = 36.91, top15 = 35.31.
PHY-3001 : End congestion estimation;  2.588061s wall, 2.609375s user + 0.593750s system = 3.203125s CPU (123.8%)

PHY-3001 : Update density targets...
PHY-3001 : Update congestion history...
PHY-3001 : :::0::: Try harder cell spreading with beta_ = 4.99374e-05
PHY-3002 : Step(237): len = 320314, overlap = 40.25
PHY-3002 : Step(238): len = 305210, overlap = 79.25
PHY-3002 : Step(239): len = 300688, overlap = 100.75
PHY-3002 : Step(240): len = 296261, overlap = 117.75
PHY-3002 : Step(241): len = 295905, overlap = 124.75
PHY-3002 : Step(242): len = 294437, overlap = 132
PHY-3001 : :::1::: Try harder cell spreading with beta_ = 9.98748e-05
PHY-3002 : Step(243): len = 300075, overlap = 126.25
PHY-3002 : Step(244): len = 302173, overlap = 125.5
PHY-3002 : Step(245): len = 304958, overlap = 117
PHY-3001 : :::2::: Try harder cell spreading with beta_ = 0.00019975
PHY-3002 : Step(246): len = 306287, overlap = 114
PHY-3002 : Step(247): len = 307274, overlap = 112
PHY-3002 : Step(248): len = 313185, overlap = 108.5
PHY-3002 : Step(249): len = 316061, overlap = 105.5
PHY-3002 : Step(250): len = 316891, overlap = 98
PHY-3002 : Step(251): len = 316638, overlap = 95
PHY-3002 : Step(252): len = 316435, overlap = 95
PHY-3001 : Legalization ...
PHY-3001 : End legalization;  0.012417s wall, 0.015625s user + 0.000000s system = 0.015625s CPU (125.8%)

PHY-3001 : Legalized: Len = 346211, Over = 0
PHY-3001 : Spreading special nets. 28 overflows in 2952 tiles.
PHY-3001 : End spreading;  0.037907s wall, 0.015625s user + 0.031250s system = 0.046875s CPU (123.7%)

PHY-3001 : 38 instances has been re-located, deltaX = 8, deltaY = 24, maxDist = 1.
PHY-3001 : Final: Len = 346709, Over = 0
OPT-1001 : Start physical optimization ...
OPT-1001 : Total overflow 0.00 peak overflow 0.00
OPT-1001 : Start high-fanout net optimization ...
OPT-1001 : Update timing in global mode
PHY-1001 : Start incremental global routing, caller is place ...
RUN-1001 : Generating global routing grids ...
PHY-1001 : Generate routing nets ...
PHY-1001 : Reuse net number 1901/15496.
PHY-1001 : Global iterations in 24 thread ...
PHY-1002 : len = 552176, over cnt = 2001(5%), over = 2947, worst = 6
PHY-1002 : len = 562064, over cnt = 1217(3%), over = 1653, worst = 5
PHY-1002 : len = 576720, over cnt = 465(1%), over = 620, worst = 5
PHY-1002 : len = 583320, over cnt = 154(0%), over = 201, worst = 5
PHY-1002 : len = 585472, over cnt = 39(0%), over = 57, worst = 3
PHY-1001 : End global iterations;  1.719905s wall, 1.781250s user + 0.359375s system = 2.140625s CPU (124.5%)

PHY-1001 : Congestion index: top1 = 41.83, top5 = 37.83, top10 = 35.70, top15 = 34.16.
PHY-1001 : End incremental global routing;  1.995928s wall, 2.062500s user + 0.359375s system = 2.421875s CPU (121.3%)

RUN-1002 : start command "start_timer -report"
TMR-5001 WARNING: No sdc constraints found while initiating timer.
TMR-2505 : Start building timing graph for model audio_speak.
TMR-2506 : Build timing graph completely. Port num: 50, tpin num: 63343, tnet num: 14438, tinst num: 5814, tnode num: 84986, tedge num: 103462.
TMR-2508 : Levelizing timing graph completed, there are 41 levels in total.
TMR-2501 : Timing graph initialized successfully.
OPT-1001 : End timing update;  0.817689s wall, 0.765625s user + 0.046875s system = 0.812500s CPU (99.4%)

OPT-1001 : 0 high-fanout net processed.
OPT-1001 : End high-fanout net optimization;  3.049590s wall, 3.062500s user + 0.406250s system = 3.468750s CPU (113.7%)

OPT-1001 : Current memory(MB): used = 513, reserve = 494, peak = 513.
OPT-1001 : Update timing in Manhattan mode
OPT-1001 : End timing update;  0.015008s wall, 0.015625s user + 0.000000s system = 0.015625s CPU (104.1%)

OPT-1001 : Start pin optimization...
OPT-1001 : skip pin optimization...
RUN-1001 : Generating global routing grids ...
PHY-1001 : Generate routing nets ...
PHY-1001 : Reuse net number 11550/15496.
PHY-1001 : Global iterations in 24 thread ...
PHY-1002 : len = 585472, over cnt = 39(0%), over = 57, worst = 3
PHY-1002 : len = 585608, over cnt = 20(0%), over = 25, worst = 2
PHY-1002 : len = 585912, over cnt = 1(0%), over = 1, worst = 1
PHY-1002 : len = 585944, over cnt = 0(0%), over = 0, worst = 0
PHY-1001 : End global iterations;  0.239789s wall, 0.250000s user + 0.000000s system = 0.250000s CPU (104.3%)

PHY-1001 : Congestion index: top1 = 41.88, top5 = 37.83, top10 = 35.69, top15 = 34.15.
OPT-1001 : Update timing in Manhattan mode
OPT-1001 : End timing update;  0.017056s wall, 0.015625s user + 0.000000s system = 0.015625s CPU (91.6%)

RUN-1001 : QoR Analysis:
OPT-0007 :   WNS 2147483647 TNS 0 NUM_FEPS 0
RUN-1001 :   No local congestion issue, and most congested 1% tile average routing util is 41.517241
RUN-1001 :   Top critical paths
OPT-1001 : End physical optimization;  3.587055s wall, 3.546875s user + 0.406250s system = 3.953125s CPU (110.2%)

RUN-1003 : finish command "place" in  21.741376s wall, 30.546875s user + 18.031250s system = 48.578125s CPU (223.4%)

RUN-1004 : used memory is 408 MB, reserved memory is 386 MB, peak memory is 522 MB
RUN-1002 : start command "export_db ES8388_place.db"
RUN-1001 : Exported /
RUN-1001 : Exported flow parameters
RUN-1001 : Exported libs
RUN-1001 : Exported entities
RUN-1001 : Exported ports
RUN-1001 : Exported pins
RUN-1001 : Exported instances
RUN-1001 : Exported nets
RUN-1001 : Exported buses
RUN-1001 : Exported models
RUN-1001 : Exported congestions
RUN-1001 : Exported violations
RUN-1001 : Exported IO constraints
RUN-1001 : Exported Inst constraints
RUN-1003 : finish command "export_db ES8388_place.db" in  1.027376s wall, 1.515625s user + 0.046875s system = 1.562500s CPU (152.1%)

RUN-1004 : used memory is 425 MB, reserved memory is 408 MB, peak memory is 522 MB
RUN-1002 : start command "route"
RUN-1001 : Open license file D:/TD/license/Anlogic.lic
RUN-1001 : Print Global Property
RUN-1001 : ---------------------------------------------------------------
RUN-1001 :        Parameters        |  Settings  |  Default Values  |  Note  
RUN-1001 : ---------------------------------------------------------------
RUN-1001 :          message         |  standard  |     standard     |        
RUN-1001 :   mixed_pack_place_flow  |     on     |        on        |        
RUN-1001 :        qor_monitor       |    off     |       off        |        
RUN-1001 :        syn_ip_flow       |    off     |       off        |        
RUN-1001 :          thread          |    auto    |       auto       |        
RUN-1001 : ---------------------------------------------------------------
RUN-1001 : Print Route Property
RUN-1001 : -------------------------------------------------------
RUN-1001 :    Parameters    |  Settings  |  Default Values  |  Note  
RUN-1001 : -------------------------------------------------------
RUN-1001 :      effort      |   medium   |      medium      |        
RUN-1001 :     fix_hold     |    off     |       off        |        
RUN-1001 :    opt_timing    |   medium   |      medium      |        
RUN-1001 :   phy_sim_model  |    off     |       off        |        
RUN-1001 :     priority     |   timing   |      timing      |        
RUN-1001 :     swap_pin     |     on     |        on        |        
RUN-1001 : -------------------------------------------------------
PHY-1001 : Route runs in 24 thread(s)
RUN-1001 : There are total 5816 instances
RUN-1001 : 2873 mslices, 2872 lslices, 51 pads, 0 brams, 2 dsps
RUN-1001 : There are total 15496 nets
RUN-1001 : 13119 nets have 2 pins
RUN-1001 : 1553 nets have [3 - 5] pins
RUN-1001 : 327 nets have [6 - 10] pins
RUN-1001 : 390 nets have [11 - 20] pins
RUN-1001 : 66 nets have [21 - 99] pins
RUN-1001 : 41 nets have 100+ pins
RUN-1002 : start command "start_timer -report"
TMR-5001 WARNING: No sdc constraints found while initiating timer.
TMR-2505 : Start building timing graph for model audio_speak.
TMR-2506 : Build timing graph completely. Port num: 50, tpin num: 63343, tnet num: 14438, tinst num: 5814, tnode num: 84986, tedge num: 103462.
TMR-2508 : Levelizing timing graph completed, there are 41 levels in total.
TMR-2501 : Timing graph initialized successfully.
PHY-1001 : 2873 mslices, 2872 lslices, 51 pads, 0 brams, 2 dsps
TMR-2503 : Start to update net delay, extr mode = 3.
TMR-2504 : Update delay of 14438 nets completely.
TMR-2502 : Annotate delay completely, extr mode = 3.
TMR-3002 : No user constraint, initiate default constraint.
TMR-1501 : Assign derive clock DeriveClock to 9642 clock pins, and constraint 21635 relative nodes.
TMR-3003 : Constraints initiated successfully.
TMR-3501 : Forward propagation: start to calculate arrival time...
TMR-3502 : Backward propagation: start to calculate required time...
TMR-3503 : Timing propagation completes.
PHY-1001 : Start global routing, caller is route ...
RUN-1001 : Generating global routing grids ...
PHY-1001 : Generate routing nets ...
PHY-1001 : Global iterations in 24 thread ...
PHY-1002 : len = 530280, over cnt = 2220(6%), over = 3427, worst = 7
PHY-1002 : len = 543784, over cnt = 1336(3%), over = 1902, worst = 5
PHY-1002 : len = 560352, over cnt = 522(1%), over = 731, worst = 4
PHY-1002 : len = 570128, over cnt = 59(0%), over = 80, worst = 3
PHY-1002 : len = 571296, over cnt = 0(0%), over = 0, worst = 0
PHY-1001 : End global iterations;  2.611980s wall, 2.750000s user + 0.421875s system = 3.171875s CPU (121.4%)

PHY-1001 : Congestion index: top1 = 41.79, top5 = 37.59, top10 = 35.26, top15 = 33.78.
PHY-1001 : End global routing;  2.801928s wall, 2.937500s user + 0.421875s system = 3.359375s CPU (119.9%)

PHY-1001 : Start detail routing ...
PHY-1001 : Current memory(MB): used = 623, reserve = 609, peak = 623.
PHY-1001 : Detailed router is running in normal mode.
PHY-1001 : Generate detailed routing grids ...
PHY-1001 : Processed IO instance aud_dacdat_syn_4 with INV attribute.
PHY-1001 : Processed IO instance aud_dacdat_1_syn_4 with INV attribute.
PHY-1001 : Processed IO instance aud_dacdat_2_syn_4 with INV attribute.
PHY-1001 : Processed IO instance aud_dacdat_3_syn_4 with INV attribute.
PHY-1001 : Generate nets ...
PHY-1001 : clock net aud_bclk_syn_4 will be merged with clock aud_bclk_dup_1
PHY-1001 : clock net aud_bclk_1_syn_4 will be merged with clock aud_bclk_1_dup_1
PHY-1001 : clock net aud_bclk_2_syn_4 will be merged with clock aud_bclk_2_dup_1
PHY-1001 : clock net aud_bclk_3_syn_4 will be merged with clock aud_bclk_3_dup_1
PHY-1001 : net aud_mclk_dup_1 will be routed on clock mesh
PHY-1001 : net aud_mclk_1_dup_1 will be routed on clock mesh
PHY-1001 : net aud_mclk_2_dup_1 will be routed on clock mesh
PHY-1001 : net aud_mclk_3_dup_1 will be routed on clock mesh
PHY-1001 : clock net ilaclk_dup_1 will be merged with clock u_pll_clk/clk0_buf
PHY-1001 : clock net ilaclk_1_dup_1 will be merged with clock u1_pll_clk/clk0_buf
PHY-1001 : clock net ilaclk_2_dup_1 will be merged with clock u2_pll_clk/clk0_buf
PHY-1001 : clock net ilaclk_3_dup_1 will be merged with clock u3_pll_clk/clk0_buf
PHY-1001 : net sys_clk_dup_1 will be routed on clock mesh
PHY-1001 : clock net u1_es8388_ctrl/u_es8388_config/u_i2c_dri/dri_clk_syn_4 will be merged with clock u1_es8388_ctrl/u_es8388_config/u_i2c_dri/dri_clk
PHY-1001 : clock net u2_es8388_ctrl/u_es8388_config/u_i2c_dri/dri_clk_syn_4 will be merged with clock u2_es8388_ctrl/u_es8388_config/u_i2c_dri/dri_clk
PHY-1001 : clock net u3_es8388_ctrl/u_es8388_config/u_i2c_dri/dri_clk_syn_4 will be merged with clock u3_es8388_ctrl/u_es8388_config/u_i2c_dri/dri_clk
PHY-1001 : Current memory(MB): used = 883, reserve = 872, peak = 883.
PHY-1001 : End build detailed router design. 2.884387s wall, 2.765625s user + 0.046875s system = 2.812500s CPU (97.5%)

PHY-1001 : Detail Route ...
PHY-1001 : ===== Detail Route Phase 1 =====
PHY-1001 : Clock net routing.....
PHY-1001 : Routed 0% nets.
PHY-1022 : len = 182744, over cnt = 0(0%), over = 0, worst = 0, crit = 0
PHY-1001 : End initial clock net routed; 3.547045s wall, 3.500000s user + 0.015625s system = 3.515625s CPU (99.1%)

PHY-1001 : Current memory(MB): used = 919, reserve = 909, peak = 919.
PHY-1001 : End phase 1; 3.552024s wall, 3.515625s user + 0.015625s system = 3.531250s CPU (99.4%)

PHY-1001 : ===== Detail Route Phase 2 =====
PHY-1001 : Initial routing.....
PHY-1001 : Routed 49% nets.
PHY-1001 : Routed 55% nets.
PHY-1001 : Routed 66% nets.
PHY-1001 : Routed 77% nets.
PHY-1001 : Routed 89% nets.
PHY-1022 : len = 2.99388e+06, over cnt = 1405(0%), over = 1408, worst = 2, crit = 0
PHY-1001 : Current memory(MB): used = 929, reserve = 918, peak = 929.
PHY-1001 : End initial routed; 14.607254s wall, 16.656250s user + 5.062500s system = 21.718750s CPU (148.7%)

PHY-1001 : Current memory(MB): used = 929, reserve = 918, peak = 929.
PHY-1001 : End phase 2; 14.607341s wall, 16.656250s user + 5.062500s system = 21.718750s CPU (148.7%)

PHY-1001 : ===== Detail Route Phase 3 =====
PHY-1001 : Ripup-reroute.....
PHY-1001 : ===== DR Iter 1 =====
PHY-1022 : len = 2.9179e+06, over cnt = 619(0%), over = 619, worst = 1, crit = 0
PHY-1001 : End DR Iter 1; 3.912203s wall, 4.359375s user + 0.187500s system = 4.546875s CPU (116.2%)

PHY-1001 : ===== DR Iter 2 =====
PHY-1022 : len = 2.89734e+06, over cnt = 113(0%), over = 113, worst = 1, crit = 0
PHY-1001 : End DR Iter 2; 1.329852s wall, 1.515625s user + 0.125000s system = 1.640625s CPU (123.4%)

PHY-1001 : ===== DR Iter 3 =====
PHY-1022 : len = 2.8965e+06, over cnt = 23(0%), over = 23, worst = 1, crit = 0
PHY-1001 : End DR Iter 3; 0.461516s wall, 0.437500s user + 0.078125s system = 0.515625s CPU (111.7%)

PHY-1001 : ===== DR Iter 4 =====
PHY-1022 : len = 2.89674e+06, over cnt = 5(0%), over = 5, worst = 1, crit = 0
PHY-1001 : End DR Iter 4; 0.265686s wall, 0.187500s user + 0.062500s system = 0.250000s CPU (94.1%)

PHY-1001 : ===== DR Iter 5 =====
PHY-1022 : len = 2.89681e+06, over cnt = 2(0%), over = 2, worst = 1, crit = 0
PHY-1001 : End DR Iter 5; 0.182032s wall, 0.140625s user + 0.031250s system = 0.171875s CPU (94.4%)

PHY-1001 : ===== DR Iter 6 =====
PHY-1022 : len = 2.89681e+06, over cnt = 2(0%), over = 2, worst = 1, crit = 0
PHY-1001 : End DR Iter 6; 0.199758s wall, 0.171875s user + 0.031250s system = 0.203125s CPU (101.7%)

PHY-1001 : ===== DR Iter 7 =====
PHY-1022 : len = 2.89681e+06, over cnt = 2(0%), over = 2, worst = 1, crit = 0
PHY-1001 : End DR Iter 7; 0.316002s wall, 0.281250s user + 0.015625s system = 0.296875s CPU (93.9%)

PHY-1001 : ===== DR Iter 8 =====
PHY-1022 : len = 2.89682e+06, over cnt = 2(0%), over = 2, worst = 1, crit = 0
PHY-1001 : End DR Iter 8; 0.101734s wall, 0.140625s user + 0.015625s system = 0.156250s CPU (153.6%)

PHY-1001 : ==== DR Iter 9 ====
PHY-1022 : len = 2.89686e+06, over cnt = 1(0%), over = 1, worst = 1, crit = 0
PHY-1001 : End DR Iter 9; 0.095259s wall, 0.109375s user + 0.000000s system = 0.109375s CPU (114.8%)

PHY-1001 : ==== DR Iter 10 ====
PHY-1022 : len = 2.89686e+06, over cnt = 1(0%), over = 1, worst = 1, crit = 0
PHY-1001 : End DR Iter 10; 0.099797s wall, 0.093750s user + 0.000000s system = 0.093750s CPU (93.9%)

PHY-1001 : ==== DR Iter 11 ====
PHY-1022 : len = 2.89686e+06, over cnt = 1(0%), over = 1, worst = 1, crit = 0
PHY-1001 : End DR Iter 11; 0.126298s wall, 0.109375s user + 0.015625s system = 0.125000s CPU (99.0%)

PHY-1001 : ==== DR Iter 12 ====
PHY-1022 : len = 2.89686e+06, over cnt = 1(0%), over = 1, worst = 1, crit = 0
PHY-1001 : End DR Iter 12; 0.209796s wall, 0.187500s user + 0.015625s system = 0.203125s CPU (96.8%)

PHY-1001 : ===== DR Iter 13 =====
PHY-1022 : len = 2.89687e+06, over cnt = 1(0%), over = 1, worst = 1, crit = 0
PHY-1001 : End DR Iter 13; 0.094471s wall, 0.093750s user + 0.000000s system = 0.093750s CPU (99.2%)

PHY-1001 : ==== DR Iter 14 ====
PHY-1022 : len = 2.89686e+06, over cnt = 1(0%), over = 1, worst = 1, crit = 0
PHY-1001 : End DR Iter 14; 0.092211s wall, 0.078125s user + 0.015625s system = 0.093750s CPU (101.7%)

PHY-1001 : ==== DR Iter 15 ====
PHY-1022 : len = 2.89686e+06, over cnt = 1(0%), over = 1, worst = 1, crit = 0
PHY-1001 : End DR Iter 15; 0.106427s wall, 0.093750s user + 0.000000s system = 0.093750s CPU (88.1%)

PHY-1001 : ==== DR Iter 16 ====
PHY-1022 : len = 2.89686e+06, over cnt = 1(0%), over = 1, worst = 1, crit = 0
PHY-1001 : End DR Iter 16; 0.128205s wall, 0.140625s user + 0.078125s system = 0.218750s CPU (170.6%)

PHY-1001 : ==== DR Iter 17 ====
PHY-1022 : len = 2.89686e+06, over cnt = 1(0%), over = 1, worst = 1, crit = 0
PHY-1001 : End DR Iter 17; 0.208810s wall, 0.187500s user + 0.015625s system = 0.203125s CPU (97.3%)

PHY-1001 : ==== DR Iter 18 ====
PHY-1022 : len = 2.89686e+06, over cnt = 1(0%), over = 1, worst = 1, crit = 0
PHY-1001 : End DR Iter 18; 0.241769s wall, 0.234375s user + 0.015625s system = 0.250000s CPU (103.4%)

PHY-1001 : ===== DR Iter 19 =====
PHY-1022 : len = 2.89687e+06, over cnt = 1(0%), over = 1, worst = 1, crit = 0
PHY-1001 : End DR Iter 19; 0.092225s wall, 0.062500s user + 0.015625s system = 0.078125s CPU (84.7%)

PHY-1001 : ==== DR Iter 20 ====
PHY-1022 : len = 2.89686e+06, over cnt = 1(0%), over = 1, worst = 1, crit = 0
PHY-1001 : End DR Iter 20; 0.095897s wall, 0.093750s user + 0.000000s system = 0.093750s CPU (97.8%)

PHY-1001 : ==== DR Iter 21 ====
PHY-1022 : len = 2.89686e+06, over cnt = 1(0%), over = 1, worst = 1, crit = 0
PHY-1001 : End DR Iter 21; 0.104086s wall, 0.062500s user + 0.015625s system = 0.078125s CPU (75.1%)

PHY-1001 : ==== DR Iter 22 ====
PHY-1022 : len = 2.89686e+06, over cnt = 1(0%), over = 1, worst = 1, crit = 0
PHY-1001 : End DR Iter 22; 0.132645s wall, 0.125000s user + 0.015625s system = 0.140625s CPU (106.0%)

PHY-1001 : ==== DR Iter 23 ====
PHY-1022 : len = 2.89686e+06, over cnt = 1(0%), over = 1, worst = 1, crit = 0
PHY-1001 : End DR Iter 23; 0.215362s wall, 0.203125s user + 0.015625s system = 0.218750s CPU (101.6%)

PHY-1001 : ==== DR Iter 24 ====
PHY-1022 : len = 2.89686e+06, over cnt = 1(0%), over = 1, worst = 1, crit = 0
PHY-1001 : End DR Iter 24; 0.228117s wall, 0.187500s user + 0.015625s system = 0.203125s CPU (89.0%)

PHY-1001 : ==== DR Iter 25 ====
PHY-1022 : len = 2.89686e+06, over cnt = 1(0%), over = 1, worst = 1, crit = 0
PHY-1001 : End DR Iter 25; 0.478270s wall, 0.437500s user + 0.062500s system = 0.500000s CPU (104.5%)

PHY-1001 : ===== DR Iter 26 =====
PHY-1022 : len = 2.89685e+06, over cnt = 1(0%), over = 1, worst = 1, crit = 0
PHY-1001 : End DR Iter 26; 0.093282s wall, 0.093750s user + 0.000000s system = 0.093750s CPU (100.5%)

PHY-1001 : ==== DR Iter 27 ====
PHY-1022 : len = 2.89686e+06, over cnt = 1(0%), over = 1, worst = 1, crit = 0
PHY-1001 : End DR Iter 27; 0.102424s wall, 0.093750s user + 0.031250s system = 0.125000s CPU (122.0%)

PHY-1001 : ==== DR Iter 28 ====
PHY-1022 : len = 2.89686e+06, over cnt = 1(0%), over = 1, worst = 1, crit = 0
PHY-1001 : End DR Iter 28; 0.100163s wall, 0.093750s user + 0.000000s system = 0.093750s CPU (93.6%)

PHY-1001 : ==== DR Iter 29 ====
PHY-1022 : len = 2.89686e+06, over cnt = 1(0%), over = 1, worst = 1, crit = 0
PHY-1001 : End DR Iter 29; 0.121377s wall, 0.125000s user + 0.000000s system = 0.125000s CPU (103.0%)

PHY-1001 : ==== DR Iter 30 ====
PHY-1022 : len = 2.89686e+06, over cnt = 1(0%), over = 1, worst = 1, crit = 0
PHY-1001 : End DR Iter 30; 0.210650s wall, 0.187500s user + 0.015625s system = 0.203125s CPU (96.4%)

PHY-1001 : ==== DR Iter 31 ====
PHY-1022 : len = 2.89686e+06, over cnt = 1(0%), over = 1, worst = 1, crit = 0
PHY-1001 : End DR Iter 31; 0.247315s wall, 0.250000s user + 0.078125s system = 0.328125s CPU (132.7%)

PHY-1001 : ==== DR Iter 32 ====
PHY-1022 : len = 2.89686e+06, over cnt = 1(0%), over = 1, worst = 1, crit = 0
PHY-1001 : End DR Iter 32; 0.496255s wall, 0.468750s user + 0.031250s system = 0.500000s CPU (100.8%)

PHY-1001 : ==== DR Iter 33 ====
PHY-1022 : len = 2.89686e+06, over cnt = 1(0%), over = 1, worst = 1, crit = 0
PHY-1001 : End DR Iter 33; 0.539474s wall, 0.531250s user + 0.015625s system = 0.546875s CPU (101.4%)

PHY-1001 : ===== DR Iter 34 =====
PHY-1022 : len = 2.89685e+06, over cnt = 1(0%), over = 1, worst = 1, crit = 0
PHY-1001 : End DR Iter 34; 0.097945s wall, 0.046875s user + 0.046875s system = 0.093750s CPU (95.7%)

PHY-1001 : ==== DR Iter 35 ====
PHY-1022 : len = 2.89686e+06, over cnt = 1(0%), over = 1, worst = 1, crit = 0
PHY-1001 : End DR Iter 35; 0.088832s wall, 0.078125s user + 0.015625s system = 0.093750s CPU (105.5%)

PHY-1001 : ==== DR Iter 36 ====
PHY-1022 : len = 2.89686e+06, over cnt = 1(0%), over = 1, worst = 1, crit = 0
PHY-1001 : End DR Iter 36; 0.103000s wall, 0.093750s user + 0.000000s system = 0.093750s CPU (91.0%)

PHY-1001 : ==== DR Iter 37 ====
PHY-1022 : len = 2.89686e+06, over cnt = 1(0%), over = 1, worst = 1, crit = 0
PHY-1001 : End DR Iter 37; 0.136628s wall, 0.109375s user + 0.046875s system = 0.156250s CPU (114.4%)

PHY-1001 : ==== DR Iter 38 ====
PHY-1022 : len = 2.89686e+06, over cnt = 1(0%), over = 1, worst = 1, crit = 0
PHY-1001 : End DR Iter 38; 0.215725s wall, 0.171875s user + 0.031250s system = 0.203125s CPU (94.2%)

PHY-1001 : ==== DR Iter 39 ====
PHY-1022 : len = 2.89686e+06, over cnt = 1(0%), over = 1, worst = 1, crit = 0
PHY-1001 : End DR Iter 39; 0.230483s wall, 0.218750s user + 0.015625s system = 0.234375s CPU (101.7%)

PHY-1001 : ==== DR Iter 40 ====
PHY-1022 : len = 2.89686e+06, over cnt = 1(0%), over = 1, worst = 1, crit = 0
PHY-1001 : End DR Iter 40; 0.463368s wall, 0.406250s user + 0.000000s system = 0.406250s CPU (87.7%)

PHY-1001 : ==== DR Iter 41 ====
PHY-1022 : len = 2.89686e+06, over cnt = 1(0%), over = 1, worst = 1, crit = 0
PHY-1001 : End DR Iter 41; 0.537272s wall, 0.468750s user + 0.046875s system = 0.515625s CPU (96.0%)

PHY-1001 : ==== DR Iter 42 ====
PHY-1022 : len = 2.89686e+06, over cnt = 1(0%), over = 1, worst = 1, crit = 0
PHY-1001 : End DR Iter 42; 0.551354s wall, 0.531250s user + 0.000000s system = 0.531250s CPU (96.4%)

PHY-1001 : ===== DR Iter 43 =====
PHY-1022 : len = 2.89687e+06, over cnt = 1(0%), over = 1, worst = 1, crit = 0
PHY-1001 : End DR Iter 43; 0.103715s wall, 0.109375s user + 0.046875s system = 0.156250s CPU (150.7%)

PHY-1001 : ==== DR Iter 44 ====
PHY-1022 : len = 2.89686e+06, over cnt = 1(0%), over = 1, worst = 1, crit = 0
PHY-1001 : End DR Iter 44; 0.091616s wall, 0.140625s user + 0.000000s system = 0.140625s CPU (153.5%)

PHY-1001 : ==== DR Iter 45 ====
PHY-1022 : len = 2.89686e+06, over cnt = 1(0%), over = 1, worst = 1, crit = 0
PHY-1001 : End DR Iter 45; 0.106488s wall, 0.093750s user + 0.000000s system = 0.093750s CPU (88.0%)

PHY-1001 : ==== DR Iter 46 ====
PHY-1022 : len = 2.89686e+06, over cnt = 1(0%), over = 1, worst = 1, crit = 0
PHY-1001 : End DR Iter 46; 0.128219s wall, 0.125000s user + 0.000000s system = 0.125000s CPU (97.5%)

PHY-1001 : ==== DR Iter 47 ====
PHY-1022 : len = 2.89686e+06, over cnt = 1(0%), over = 1, worst = 1, crit = 0
PHY-1001 : End DR Iter 47; 0.212120s wall, 0.187500s user + 0.015625s system = 0.203125s CPU (95.8%)

PHY-1001 : ==== DR Iter 48 ====
PHY-1022 : len = 2.89686e+06, over cnt = 1(0%), over = 1, worst = 1, crit = 0
PHY-1001 : End DR Iter 48; 0.220375s wall, 0.234375s user + 0.000000s system = 0.234375s CPU (106.4%)

PHY-1001 : ==== DR Iter 49 ====
PHY-1022 : len = 2.89686e+06, over cnt = 1(0%), over = 1, worst = 1, crit = 0
PHY-1001 : End DR Iter 49; 0.473540s wall, 0.484375s user + 0.000000s system = 0.484375s CPU (102.3%)

PHY-1001 : ==== DR Iter 50 ====
PHY-1022 : len = 2.89686e+06, over cnt = 1(0%), over = 1, worst = 1, crit = 0
PHY-1001 : End DR Iter 50; 0.530634s wall, 0.515625s user + 0.015625s system = 0.531250s CPU (100.1%)

PHY-1001 : ==== DR Iter 51 ====
PHY-1022 : len = 2.89686e+06, over cnt = 1(0%), over = 1, worst = 1, crit = 0
PHY-1001 : End DR Iter 51; 0.533535s wall, 0.500000s user + 0.015625s system = 0.515625s CPU (96.6%)

PHY-1001 : ==== DR Iter 52 ====
PHY-1022 : len = 2.89686e+06, over cnt = 1(0%), over = 1, worst = 1, crit = 0
PHY-1001 : End DR Iter 52; 0.503841s wall, 0.453125s user + 0.046875s system = 0.500000s CPU (99.2%)

PHY-1001 : ===== DR Iter 53 =====
PHY-1022 : len = 2.89687e+06, over cnt = 1(0%), over = 1, worst = 1, crit = 0
PHY-1001 : End DR Iter 53; 0.095201s wall, 0.109375s user + 0.031250s system = 0.140625s CPU (147.7%)

PHY-1001 : ==== DR Iter 54 ====
PHY-1022 : len = 2.89686e+06, over cnt = 1(0%), over = 1, worst = 1, crit = 0
PHY-1001 : End DR Iter 54; 0.095212s wall, 0.093750s user + 0.000000s system = 0.093750s CPU (98.5%)

PHY-1001 : ==== DR Iter 55 ====
PHY-1022 : len = 2.89686e+06, over cnt = 1(0%), over = 1, worst = 1, crit = 0
PHY-1001 : End DR Iter 55; 0.099784s wall, 0.078125s user + 0.015625s system = 0.093750s CPU (94.0%)

PHY-1001 : ==== DR Iter 56 ====
PHY-1022 : len = 2.89686e+06, over cnt = 1(0%), over = 1, worst = 1, crit = 0
PHY-1001 : End DR Iter 56; 0.133720s wall, 0.109375s user + 0.015625s system = 0.125000s CPU (93.5%)

PHY-1001 : ==== DR Iter 57 ====
PHY-1022 : len = 2.89686e+06, over cnt = 1(0%), over = 1, worst = 1, crit = 0
PHY-1001 : End DR Iter 57; 0.215016s wall, 0.171875s user + 0.015625s system = 0.187500s CPU (87.2%)

PHY-1001 : ==== DR Iter 58 ====
PHY-1022 : len = 2.89686e+06, over cnt = 1(0%), over = 1, worst = 1, crit = 0
PHY-1001 : End DR Iter 58; 0.229545s wall, 0.234375s user + 0.031250s system = 0.265625s CPU (115.7%)

PHY-1001 : ==== DR Iter 59 ====
PHY-1022 : len = 2.89686e+06, over cnt = 1(0%), over = 1, worst = 1, crit = 0
PHY-1001 : End DR Iter 59; 0.479718s wall, 0.453125s user + 0.015625s system = 0.468750s CPU (97.7%)

PHY-1001 : ==== DR Iter 60 ====
PHY-1022 : len = 2.89686e+06, over cnt = 1(0%), over = 1, worst = 1, crit = 0
PHY-1001 : End DR Iter 60; 0.538481s wall, 0.531250s user + 0.000000s system = 0.531250s CPU (98.7%)

PHY-1001 : ==== DR Iter 61 ====
PHY-1022 : len = 2.89686e+06, over cnt = 1(0%), over = 1, worst = 1, crit = 0
PHY-1001 : End DR Iter 61; 0.543436s wall, 0.531250s user + 0.000000s system = 0.531250s CPU (97.8%)

PHY-1001 : ==== DR Iter 62 ====
PHY-1022 : len = 2.89686e+06, over cnt = 1(0%), over = 1, worst = 1, crit = 0
PHY-1001 : End DR Iter 62; 0.542328s wall, 0.515625s user + 0.031250s system = 0.546875s CPU (100.8%)

PHY-1001 : ==== DR Iter 63 ====
PHY-1022 : len = 2.89686e+06, over cnt = 1(0%), over = 1, worst = 1, crit = 0
PHY-1001 : End DR Iter 63; 0.540996s wall, 0.500000s user + 0.015625s system = 0.515625s CPU (95.3%)

PHY-1001 : ===== DR Iter 64 =====
PHY-1022 : len = 2.89685e+06, over cnt = 1(0%), over = 1, worst = 1, crit = 0
PHY-1001 : End DR Iter 64; 0.093628s wall, 0.093750s user + 0.000000s system = 0.093750s CPU (100.1%)

PHY-1001 : ==== DR Iter 65 ====
PHY-1022 : len = 2.89686e+06, over cnt = 1(0%), over = 1, worst = 1, crit = 0
PHY-1001 : End DR Iter 65; 0.095399s wall, 0.109375s user + 0.000000s system = 0.109375s CPU (114.6%)

PHY-1001 : ==== DR Iter 66 ====
PHY-1022 : len = 2.89686e+06, over cnt = 1(0%), over = 1, worst = 1, crit = 0
PHY-1001 : End DR Iter 66; 0.103178s wall, 0.062500s user + 0.031250s system = 0.093750s CPU (90.9%)

PHY-1001 : ==== DR Iter 67 ====
PHY-1022 : len = 2.89686e+06, over cnt = 1(0%), over = 1, worst = 1, crit = 0
PHY-1001 : End DR Iter 67; 0.130262s wall, 0.109375s user + 0.031250s system = 0.140625s CPU (108.0%)

PHY-1001 : ==== DR Iter 68 ====
PHY-1022 : len = 2.89686e+06, over cnt = 1(0%), over = 1, worst = 1, crit = 0
PHY-1001 : End DR Iter 68; 0.222716s wall, 0.171875s user + 0.031250s system = 0.203125s CPU (91.2%)

PHY-1001 : ==== DR Iter 69 ====
PHY-1022 : len = 2.89686e+06, over cnt = 1(0%), over = 1, worst = 1, crit = 0
PHY-1001 : End DR Iter 69; 0.234727s wall, 0.203125s user + 0.015625s system = 0.218750s CPU (93.2%)

PHY-1001 : ==== DR Iter 70 ====
PHY-1022 : len = 2.89686e+06, over cnt = 1(0%), over = 1, worst = 1, crit = 0
PHY-1001 : End DR Iter 70; 0.483841s wall, 0.468750s user + 0.015625s system = 0.484375s CPU (100.1%)

PHY-1001 : ==== DR Iter 71 ====
PHY-1022 : len = 2.89686e+06, over cnt = 1(0%), over = 1, worst = 1, crit = 0
PHY-1001 : End DR Iter 71; 0.519924s wall, 0.468750s user + 0.015625s system = 0.484375s CPU (93.2%)

PHY-1001 : ==== DR Iter 72 ====
PHY-1022 : len = 2.89686e+06, over cnt = 1(0%), over = 1, worst = 1, crit = 0
PHY-1001 : End DR Iter 72; 0.518035s wall, 0.484375s user + 0.031250s system = 0.515625s CPU (99.5%)

PHY-1001 : ==== DR Iter 73 ====
PHY-1022 : len = 2.89686e+06, over cnt = 1(0%), over = 1, worst = 1, crit = 0
PHY-1001 : End DR Iter 73; 0.525680s wall, 0.468750s user + 0.031250s system = 0.500000s CPU (95.1%)

PHY-1001 : ==== DR Iter 74 ====
PHY-1022 : len = 2.89686e+06, over cnt = 1(0%), over = 1, worst = 1, crit = 0
PHY-1001 : End DR Iter 74; 0.501493s wall, 0.468750s user + 0.015625s system = 0.484375s CPU (96.6%)

PHY-1001 : ==== DR Iter 75 ====
PHY-1022 : len = 2.89686e+06, over cnt = 1(0%), over = 1, worst = 1, crit = 0
PHY-1001 : End DR Iter 75; 0.510254s wall, 0.484375s user + 0.015625s system = 0.500000s CPU (98.0%)

PHY-1001 : Current memory(MB): used = 932, reserve = 921, peak = 932.
PHY-1001 : End phase 3; 24.447166s wall, 23.687500s user + 1.765625s system = 25.453125s CPU (104.1%)

PHY-1003 : Routed, final wirelength = 2.89686e+06
PHY-1001 : 712 feed throughs used by 255 nets
PHY-1001 : Current memory(MB): used = 1024, reserve = 1017, peak = 1024.
PHY-1001 : End export database. 1.508318s wall, 1.453125s user + 0.031250s system = 1.484375s CPU (98.4%)

PHY-1001 : Fixing routing violation through ECO...
RUN-1002 : start command "place -eco"
RUN-1001 : Open license file D:/TD/license/Anlogic.lic
RUN-1001 : Print Global Property
RUN-1001 : ---------------------------------------------------------------
RUN-1001 :        Parameters        |  Settings  |  Default Values  |  Note  
RUN-1001 : ---------------------------------------------------------------
RUN-1001 :          message         |  standard  |     standard     |        
RUN-1001 :   mixed_pack_place_flow  |     on     |        on        |        
RUN-1001 :        qor_monitor       |    off     |       off        |        
RUN-1001 :        syn_ip_flow       |    off     |       off        |        
RUN-1001 :          thread          |    auto    |       auto       |        
RUN-1001 : ---------------------------------------------------------------
RUN-1001 : Print Place Property
RUN-1001 : --------------------------------------------------------------
RUN-1001 :        Parameters       |  Settings  |  Default Values  |  Note  
RUN-1001 : --------------------------------------------------------------
RUN-1001 :      detailed_place     |     on     |        on        |        
RUN-1001 :          effort         |   medium   |      medium      |        
RUN-1001 :         fix_hold        |    off     |       off        |        
RUN-1001 :       legalization      |    ori     |       ori        |        
RUN-1001 :      new_spreading      |     on     |        on        |        
RUN-1001 :        opt_timing       |   medium   |      medium      |        
RUN-1001 :   post_clock_route_opt  |    off     |       off        |        
RUN-1001 :       pr_strategy       |     1      |        1         |        
RUN-1001 :        relaxation       |    1.00    |       1.00       |        
RUN-1001 :         retiming        |    off     |       off        |        
RUN-1001 : --------------------------------------------------------------
PHY-3001 : Placer runs in 24 thread(s).
PHY-1001 : Populate physical database on model audio_speak.
RUN-1001 : There are total 5816 instances
RUN-1001 : 2873 mslices, 2872 lslices, 51 pads, 0 brams, 2 dsps
RUN-1001 : There are total 15496 nets
RUN-1001 : 13119 nets have 2 pins
RUN-1001 : 1553 nets have [3 - 5] pins
RUN-1001 : 327 nets have [6 - 10] pins
RUN-1001 : 390 nets have [11 - 20] pins
RUN-1001 : 66 nets have [21 - 99] pins
RUN-1001 : 41 nets have 100+ pins
RUN-1001 : Report Control nets information:
RUN-1001 : DFF Distribution
RUN-1001 : ----------------------------------
RUN-1001 :   CE   |  SSR  |  ASR  |  DFF Count  
RUN-1001 : ----------------------------------
RUN-1001 :   No   |  No   |  No   |      0      
RUN-1001 :   No   |  No   |  Yes  |      0      
RUN-1001 :   No   |  Yes  |  No   |      0      
RUN-1001 :   Yes  |  No   |  No   |      0      
RUN-1001 :   Yes  |  No   |  Yes  |      0      
RUN-1001 :   Yes  |  Yes  |  No   |      0      
RUN-1001 : ----------------------------------
RUN-0007 : Control Group Statistic
RUN-0007 : ---------------------------
RUN-0007 :   #CLK  |  #CE  |  #SSR/ASR  
RUN-0007 : ---------------------------
RUN-0007 :    9    |   1   |     1      
RUN-0007 : ---------------------------
RUN-0007 : Control Set = 0
PHY-3001 : Initial placement ...
PHY-3001 : eco special cells: 1 has valid locations, 0 needs to be replaced
PHY-3001 : eco pad cells: 51 has valid locations, 0 needs to be replaced
PHY-3001 : eco cells: (1 6 2) is for feedthrough
PHY-3001 : eco cells: (1 50 3) is for feedthrough
PHY-3001 : eco cells: (1 58 3) is for feedthrough
PHY-3001 : eco cells: (1 59 3) is for feedthrough
PHY-3001 : eco cells: (1 60 3) is for feedthrough
PHY-3001 : eco cells: (2 5 3) is for feedthrough
PHY-3001 : eco cells: (2 7 3) is for feedthrough
PHY-3001 : eco cells: (2 52 3) is for feedthrough
PHY-3001 : eco cells: (2 54 3) is for feedthrough
PHY-3001 : eco cells: (2 66 3) is for feedthrough
PHY-3001 : eco cells: (3 16 0) is for feedthrough
PHY-3001 : eco cells: (3 25 0) is for feedthrough
PHY-3001 : eco cells: (3 59 3) is for feedthrough
PHY-3001 : eco cells: (3 63 3) is for feedthrough
PHY-3001 : eco cells: (3 64 3) is for feedthrough
PHY-3001 : eco cells: (4 2 0) is for feedthrough
PHY-3001 : eco cells: (4 16 0) is for feedthrough
PHY-3001 : eco cells: (4 19 1) is for feedthrough
PHY-3001 : eco cells: (4 20 0) is for feedthrough
PHY-3001 : eco cells: (4 25 1) is for feedthrough
PHY-3001 : eco cells: (4 47 1) is for feedthrough
PHY-3001 : eco cells: (4 58 1) is for feedthrough
PHY-3001 : eco cells: (5 9 1) is for feedthrough
PHY-3001 : eco cells: (5 24 3) is for feedthrough
PHY-3001 : eco cells: (5 60 0) is for feedthrough
PHY-3001 : eco cells: (5 61 1) is for feedthrough
PHY-3001 : eco cells: (6 8 0) is for feedthrough
PHY-3001 : eco cells: (6 27 1) is for feedthrough
PHY-3001 : eco cells: (6 47 2) is for feedthrough
PHY-3001 : eco cells: (6 68 3) is for feedthrough
PHY-3001 : eco cells: (7 15 1) is for feedthrough
PHY-3001 : eco cells: (7 21 2) is for feedthrough
PHY-3001 : eco cells: (7 23 3) is for feedthrough
PHY-3001 : eco cells: (7 25 2) is for feedthrough
PHY-3001 : eco cells: (7 25 3) is for feedthrough
PHY-3001 : eco cells: (7 26 1) is for feedthrough
PHY-3001 : eco cells: (7 27 0) is for feedthrough
PHY-3001 : eco cells: (7 32 0) is for feedthrough
PHY-3001 : eco cells: (9 8 3) is for feedthrough
PHY-3001 : eco cells: (9 11 0) is for feedthrough
PHY-3001 : eco cells: (9 15 0) is for feedthrough
PHY-3001 : eco cells: (9 16 1) is for feedthrough
PHY-3001 : eco cells: (9 18 2) is for feedthrough
PHY-3001 : eco cells: (9 21 0) is for feedthrough
PHY-3001 : eco cells: (9 24 1) is for feedthrough
PHY-3001 : eco cells: (9 25 0) is for feedthrough
PHY-3001 : eco cells: (9 29 0) is for feedthrough
PHY-3001 : eco cells: (9 32 2) is for feedthrough
PHY-3001 : eco cells: (9 47 3) is for feedthrough
PHY-3001 : eco cells: (10 3 3) is for feedthrough
PHY-3001 : eco cells: (10 4 0) is for feedthrough
PHY-3001 : eco cells: (10 4 1) is for feedthrough
PHY-3001 : eco cells: (10 7 2) is for feedthrough
PHY-3001 : eco cells: (10 14 2) is for feedthrough
PHY-3001 : eco cells: (10 21 0) is for feedthrough
PHY-3001 : eco cells: (10 21 3) is for feedthrough
PHY-3001 : eco cells: (10 24 0) is for feedthrough
PHY-3001 : eco cells: (10 40 0) is for feedthrough
PHY-3001 : eco cells: (10 40 1) is for feedthrough
PHY-3001 : eco cells: (10 48 0) is for feedthrough
PHY-3001 : eco cells: (11 2 1) is for feedthrough
PHY-3001 : eco cells: (11 4 3) is for feedthrough
PHY-3001 : eco cells: (11 5 2) is for feedthrough
PHY-3001 : eco cells: (11 6 2) is for feedthrough
PHY-3001 : eco cells: (11 6 3) is for feedthrough
PHY-3001 : eco cells: (11 11 3) is for feedthrough
PHY-3001 : eco cells: (11 15 0) is for feedthrough
PHY-3001 : eco cells: (11 15 1) is for feedthrough
PHY-3001 : eco cells: (11 20 1) is for feedthrough
PHY-3001 : eco cells: (11 20 2) is for feedthrough
PHY-3001 : eco cells: (11 23 0) is for feedthrough
PHY-3001 : eco cells: (11 24 0) is for feedthrough
PHY-3001 : eco cells: (11 25 0) is for feedthrough
PHY-3001 : eco cells: (11 25 1) is for feedthrough
PHY-3001 : eco cells: (11 26 0) is for feedthrough
PHY-3001 : eco cells: (11 31 0) is for feedthrough
PHY-3001 : eco cells: (11 33 2) is for feedthrough
PHY-3001 : eco cells: (11 34 2) is for feedthrough
PHY-3001 : eco cells: (11 46 1) is for feedthrough
PHY-3001 : eco cells: (11 48 0) is for feedthrough
PHY-3001 : eco cells: (11 49 3) is for feedthrough
PHY-3001 : eco cells: (11 52 1) is for feedthrough
PHY-3001 : eco cells: (12 2 3) is for feedthrough
PHY-3001 : eco cells: (12 3 1) is for feedthrough
PHY-3001 : eco cells: (12 4 3) is for feedthrough
PHY-3001 : eco cells: (12 5 1) is for feedthrough
PHY-3001 : eco cells: (12 6 1) is for feedthrough
PHY-3001 : eco cells: (12 7 0) is for feedthrough
PHY-3001 : eco cells: (12 7 1) is for feedthrough
PHY-3001 : eco cells: (12 16 1) is for feedthrough
PHY-3001 : eco cells: (12 21 2) is for feedthrough
PHY-3001 : eco cells: (12 22 1) is for feedthrough
PHY-3001 : eco cells: (12 23 0) is for feedthrough
PHY-3001 : eco cells: (12 23 1) is for feedthrough
PHY-3001 : eco cells: (12 23 2) is for feedthrough
PHY-3001 : eco cells: (12 24 2) is for feedthrough
PHY-3001 : eco cells: (12 25 3) is for feedthrough
PHY-3001 : eco cells: (12 32 1) is for feedthrough
PHY-3001 : eco cells: (12 37 0) is for feedthrough
PHY-3001 : eco cells: (12 42 0) is for feedthrough
PHY-3001 : eco cells: (12 42 2) is for feedthrough
PHY-3001 : eco cells: (12 47 3) is for feedthrough
PHY-3001 : eco cells: (12 48 0) is for feedthrough
PHY-3001 : eco cells: (12 48 1) is for feedthrough
PHY-3001 : eco cells: (12 53 0) is for feedthrough
PHY-3001 : eco cells: (13 6 3) is for feedthrough
PHY-3001 : eco cells: (13 7 0) is for feedthrough
PHY-3001 : eco cells: (13 8 0) is for feedthrough
PHY-3001 : eco cells: (13 11 3) is for feedthrough
PHY-3001 : eco cells: (13 12 0) is for feedthrough
PHY-3001 : eco cells: (13 13 1) is for feedthrough
PHY-3001 : eco cells: (13 16 0) is for feedthrough
PHY-3001 : eco cells: (13 17 0) is for feedthrough
PHY-3001 : eco cells: (13 18 0) is for feedthrough
PHY-3001 : eco cells: (13 21 1) is for feedthrough
PHY-3001 : eco cells: (13 22 1) is for feedthrough
PHY-3001 : eco cells: (13 23 1) is for feedthrough
PHY-3001 : eco cells: (13 23 3) is for feedthrough
PHY-3001 : eco cells: (13 24 0) is for feedthrough
PHY-3001 : eco cells: (13 24 1) is for feedthrough
PHY-3001 : eco cells: (13 30 2) is for feedthrough
PHY-3001 : eco cells: (13 32 0) is for feedthrough
PHY-3001 : eco cells: (13 32 1) is for feedthrough
PHY-3001 : eco cells: (13 33 0) is for feedthrough
PHY-3001 : eco cells: (13 37 0) is for feedthrough
PHY-3001 : eco cells: (13 39 0) is for feedthrough
PHY-3001 : eco cells: (13 39 2) is for feedthrough
PHY-3001 : eco cells: (13 39 3) is for feedthrough
PHY-3001 : eco cells: (13 44 3) is for feedthrough
PHY-3001 : eco cells: (13 45 3) is for feedthrough
PHY-3001 : eco cells: (13 50 0) is for feedthrough
PHY-3001 : eco cells: (13 51 3) is for feedthrough
PHY-3001 : eco cells: (14 3 0) is for feedthrough
PHY-3001 : eco cells: (14 6 3) is for feedthrough
PHY-3001 : eco cells: (14 7 3) is for feedthrough
PHY-3001 : eco cells: (14 9 0) is for feedthrough
PHY-3001 : eco cells: (14 10 3) is for feedthrough
PHY-3001 : eco cells: (14 11 2) is for feedthrough
PHY-3001 : eco cells: (14 13 0) is for feedthrough
PHY-3001 : eco cells: (14 16 0) is for feedthrough
PHY-3001 : eco cells: (14 16 3) is for feedthrough
PHY-3001 : eco cells: (14 17 1) is for feedthrough
PHY-3001 : eco cells: (14 20 3) is for feedthrough
PHY-3001 : eco cells: (14 26 0) is for feedthrough
PHY-3001 : eco cells: (14 26 1) is for feedthrough
PHY-3001 : eco cells: (14 27 0) is for feedthrough
PHY-3001 : eco cells: (14 27 3) is for feedthrough
PHY-3001 : eco cells: (14 32 2) is for feedthrough
PHY-3001 : eco cells: (14 35 1) is for feedthrough
PHY-3001 : eco cells: (14 36 2) is for feedthrough
PHY-3001 : eco cells: (14 38 2) is for feedthrough
PHY-3001 : eco cells: (14 40 3) is for feedthrough
PHY-3001 : eco cells: (14 41 0) is for feedthrough
PHY-3001 : eco cells: (14 46 2) is for feedthrough
PHY-3001 : eco cells: (14 58 0) is for feedthrough
PHY-3001 : eco cells: (15 6 0) is for feedthrough
PHY-3001 : eco cells: (15 9 0) is for feedthrough
PHY-3001 : eco cells: (15 9 1) is for feedthrough
PHY-3001 : eco cells: (15 10 2) is for feedthrough
PHY-3001 : eco cells: (15 12 1) is for feedthrough
PHY-3001 : eco cells: (15 14 1) is for feedthrough
PHY-3001 : eco cells: (15 18 2) is for feedthrough
PHY-3001 : eco cells: (15 19 1) is for feedthrough
PHY-3001 : eco cells: (15 20 0) is for feedthrough
PHY-3001 : eco cells: (15 20 1) is for feedthrough
PHY-3001 : eco cells: (15 21 1) is for feedthrough
PHY-3001 : eco cells: (15 21 3) is for feedthrough
PHY-3001 : eco cells: (15 22 2) is for feedthrough
PHY-3001 : eco cells: (15 23 1) is for feedthrough
PHY-3001 : eco cells: (15 23 3) is for feedthrough
PHY-3001 : eco cells: (15 24 2) is for feedthrough
PHY-3001 : eco cells: (15 25 0) is for feedthrough
PHY-3001 : eco cells: (15 29 0) is for feedthrough
PHY-3001 : eco cells: (15 36 1) is for feedthrough
PHY-3001 : eco cells: (15 37 0) is for feedthrough
PHY-3001 : eco cells: (15 37 1) is for feedthrough
PHY-3001 : eco cells: (15 37 2) is for feedthrough
PHY-3001 : eco cells: (15 39 0) is for feedthrough
PHY-3001 : eco cells: (15 39 1) is for feedthrough
PHY-3001 : eco cells: (15 40 3) is for feedthrough
PHY-3001 : eco cells: (15 41 2) is for feedthrough
PHY-3001 : eco cells: (15 41 3) is for feedthrough
PHY-3001 : eco cells: (15 42 0) is for feedthrough
PHY-3001 : eco cells: (15 44 0) is for feedthrough
PHY-3001 : eco cells: (15 45 3) is for feedthrough
PHY-3001 : eco cells: (15 48 0) is for feedthrough
PHY-3001 : eco cells: (15 48 1) is for feedthrough
PHY-3001 : eco cells: (15 51 1) is for feedthrough
PHY-3001 : eco cells: (17 8 0) is for feedthrough
PHY-3001 : eco cells: (17 10 1) is for feedthrough
PHY-3001 : eco cells: (17 10 2) is for feedthrough
PHY-3001 : eco cells: (17 13 1) is for feedthrough
PHY-3001 : eco cells: (17 13 3) is for feedthrough
PHY-3001 : eco cells: (17 16 0) is for feedthrough
PHY-3001 : eco cells: (17 18 0) is for feedthrough
PHY-3001 : eco cells: (17 19 0) is for feedthrough
PHY-3001 : eco cells: (17 19 1) is for feedthrough
PHY-3001 : eco cells: (17 19 2) is for feedthrough
PHY-3001 : eco cells: (17 22 3) is for feedthrough
PHY-3001 : eco cells: (17 25 0) is for feedthrough
PHY-3001 : eco cells: (17 33 0) is for feedthrough
PHY-3001 : eco cells: (17 37 3) is for feedthrough
PHY-3001 : eco cells: (17 39 1) is for feedthrough
PHY-3001 : eco cells: (17 42 1) is for feedthrough
PHY-3001 : eco cells: (17 42 3) is for feedthrough
PHY-3001 : eco cells: (17 45 3) is for feedthrough
PHY-3001 : eco cells: (17 46 0) is for feedthrough
PHY-3001 : eco cells: (17 47 0) is for feedthrough
PHY-3001 : eco cells: (17 48 1) is for feedthrough
PHY-3001 : eco cells: (17 49 1) is for feedthrough
PHY-3001 : eco cells: (18 8 2) is for feedthrough
PHY-3001 : eco cells: (18 9 1) is for feedthrough
PHY-3001 : eco cells: (18 12 0) is for feedthrough
PHY-3001 : eco cells: (18 13 1) is for feedthrough
PHY-3001 : eco cells: (18 15 2) is for feedthrough
PHY-3001 : eco cells: (18 16 0) is for feedthrough
PHY-3001 : eco cells: (18 18 3) is for feedthrough
PHY-3001 : eco cells: (18 19 0) is for feedthrough
PHY-3001 : eco cells: (18 19 1) is for feedthrough
PHY-3001 : eco cells: (18 21 1) is for feedthrough
PHY-3001 : eco cells: (18 25 1) is for feedthrough
PHY-3001 : eco cells: (18 26 0) is for feedthrough
PHY-3001 : eco cells: (18 26 3) is for feedthrough
PHY-3001 : eco cells: (18 27 1) is for feedthrough
PHY-3001 : eco cells: (18 32 3) is for feedthrough
PHY-3001 : eco cells: (18 33 3) is for feedthrough
PHY-3001 : eco cells: (18 34 1) is for feedthrough
PHY-3001 : eco cells: (18 35 1) is for feedthrough
PHY-3001 : eco cells: (18 38 0) is for feedthrough
PHY-3001 : eco cells: (18 38 1) is for feedthrough
PHY-3001 : eco cells: (18 39 3) is for feedthrough
PHY-3001 : eco cells: (18 40 3) is for feedthrough
PHY-3001 : eco cells: (18 42 0) is for feedthrough
PHY-3001 : eco cells: (18 42 1) is for feedthrough
PHY-3001 : eco cells: (18 42 2) is for feedthrough
PHY-3001 : eco cells: (18 42 3) is for feedthrough
PHY-3001 : eco cells: (18 43 1) is for feedthrough
PHY-3001 : eco cells: (18 43 2) is for feedthrough
PHY-3001 : eco cells: (18 43 3) is for feedthrough
PHY-3001 : eco cells: (18 45 2) is for feedthrough
PHY-3001 : eco cells: (18 45 3) is for feedthrough
PHY-3001 : eco cells: (18 46 0) is for feedthrough
PHY-3001 : eco cells: (18 47 0) is for feedthrough
PHY-3001 : eco cells: (18 47 2) is for feedthrough
PHY-3001 : eco cells: (18 48 2) is for feedthrough
PHY-3001 : eco cells: (18 48 3) is for feedthrough
PHY-3001 : eco cells: (18 49 0) is for feedthrough
PHY-3001 : eco cells: (18 51 3) is for feedthrough
PHY-3001 : eco cells: (18 57 2) is for feedthrough
PHY-3001 : eco cells: (19 8 0) is for feedthrough
PHY-3001 : eco cells: (19 10 1) is for feedthrough
PHY-3001 : eco cells: (19 10 2) is for feedthrough
PHY-3001 : eco cells: (19 12 1) is for feedthrough
PHY-3001 : eco cells: (19 13 3) is for feedthrough
PHY-3001 : eco cells: (19 14 3) is for feedthrough
PHY-3001 : eco cells: (19 15 0) is for feedthrough
PHY-3001 : eco cells: (19 16 1) is for feedthrough
PHY-3001 : eco cells: (19 17 0) is for feedthrough
PHY-3001 : eco cells: (19 19 2) is for feedthrough
PHY-3001 : eco cells: (19 20 0) is for feedthrough
PHY-3001 : eco cells: (19 21 0) is for feedthrough
PHY-3001 : eco cells: (19 22 0) is for feedthrough
PHY-3001 : eco cells: (19 22 2) is for feedthrough
PHY-3001 : eco cells: (19 23 1) is for feedthrough
PHY-3001 : eco cells: (19 23 3) is for feedthrough
PHY-3001 : eco cells: (19 24 1) is for feedthrough
PHY-3001 : eco cells: (19 24 2) is for feedthrough
PHY-3001 : eco cells: (19 25 0) is for feedthrough
PHY-3001 : eco cells: (19 26 1) is for feedthrough
PHY-3001 : eco cells: (19 28 3) is for feedthrough
PHY-3001 : eco cells: (19 29 2) is for feedthrough
PHY-3001 : eco cells: (19 32 0) is for feedthrough
PHY-3001 : eco cells: (19 32 3) is for feedthrough
PHY-3001 : eco cells: (19 34 1) is for feedthrough
PHY-3001 : eco cells: (19 34 2) is for feedthrough
PHY-3001 : eco cells: (19 34 3) is for feedthrough
PHY-3001 : eco cells: (19 35 2) is for feedthrough
PHY-3001 : eco cells: (19 36 0) is for feedthrough
PHY-3001 : eco cells: (19 37 0) is for feedthrough
PHY-3001 : eco cells: (19 38 1) is for feedthrough
PHY-3001 : eco cells: (19 38 3) is for feedthrough
PHY-3001 : eco cells: (19 41 2) is for feedthrough
PHY-3001 : eco cells: (19 42 3) is for feedthrough
PHY-3001 : eco cells: (19 43 1) is for feedthrough
PHY-3001 : eco cells: (19 43 2) is for feedthrough
PHY-3001 : eco cells: (19 44 0) is for feedthrough
PHY-3001 : eco cells: (19 44 2) is for feedthrough
PHY-3001 : eco cells: (19 45 0) is for feedthrough
PHY-3001 : eco cells: (19 45 1) is for feedthrough
PHY-3001 : eco cells: (19 46 1) is for feedthrough
PHY-3001 : eco cells: (19 47 1) is for feedthrough
PHY-3001 : eco cells: (19 47 3) is for feedthrough
PHY-3001 : eco cells: (19 48 1) is for feedthrough
PHY-3001 : eco cells: (19 49 1) is for feedthrough
PHY-3001 : eco cells: (19 49 2) is for feedthrough
PHY-3001 : eco cells: (19 50 1) is for feedthrough
PHY-3001 : eco cells: (19 50 3) is for feedthrough
PHY-3001 : eco cells: (19 51 2) is for feedthrough
PHY-3001 : eco cells: (19 52 2) is for feedthrough
PHY-3001 : eco cells: (19 54 2) is for feedthrough
PHY-3001 : eco cells: (19 70 1) is for feedthrough
PHY-3001 : eco cells: (20 12 0) is for feedthrough
PHY-3001 : eco cells: (20 12 1) is for feedthrough
PHY-3001 : eco cells: (20 21 0) is for feedthrough
PHY-3001 : eco cells: (20 21 2) is for feedthrough
PHY-3001 : eco cells: (20 22 0) is for feedthrough
PHY-3001 : eco cells: (20 24 1) is for feedthrough
PHY-3001 : eco cells: (20 24 3) is for feedthrough
PHY-3001 : eco cells: (20 28 2) is for feedthrough
PHY-3001 : eco cells: (20 30 0) is for feedthrough
PHY-3001 : eco cells: (20 32 2) is for feedthrough
PHY-3001 : eco cells: (20 33 2) is for feedthrough
PHY-3001 : eco cells: (20 34 0) is for feedthrough
PHY-3001 : eco cells: (20 35 3) is for feedthrough
PHY-3001 : eco cells: (20 36 2) is for feedthrough
PHY-3001 : eco cells: (20 36 3) is for feedthrough
PHY-3001 : eco cells: (20 37 1) is for feedthrough
PHY-3001 : eco cells: (20 37 3) is for feedthrough
PHY-3001 : eco cells: (20 38 1) is for feedthrough
PHY-3001 : eco cells: (20 39 2) is for feedthrough
PHY-3001 : eco cells: (20 40 2) is for feedthrough
PHY-3001 : eco cells: (20 41 2) is for feedthrough
PHY-3001 : eco cells: (20 41 3) is for feedthrough
PHY-3001 : eco cells: (20 42 1) is for feedthrough
PHY-3001 : eco cells: (20 43 1) is for feedthrough
PHY-3001 : eco cells: (20 44 1) is for feedthrough
PHY-3001 : eco cells: (20 45 0) is for feedthrough
PHY-3001 : eco cells: (20 45 2) is for feedthrough
PHY-3001 : eco cells: (20 46 0) is for feedthrough
PHY-3001 : eco cells: (20 46 1) is for feedthrough
PHY-3001 : eco cells: (20 46 2) is for feedthrough
PHY-3001 : eco cells: (20 47 2) is for feedthrough
PHY-3001 : eco cells: (20 48 0) is for feedthrough
PHY-3001 : eco cells: (20 48 1) is for feedthrough
PHY-3001 : eco cells: (20 48 3) is for feedthrough
PHY-3001 : eco cells: (20 49 2) is for feedthrough
PHY-3001 : eco cells: (20 49 3) is for feedthrough
PHY-3001 : eco cells: (20 50 3) is for feedthrough
PHY-3001 : eco cells: (20 51 1) is for feedthrough
PHY-3001 : eco cells: (20 53 1) is for feedthrough
PHY-3001 : eco cells: (20 54 0) is for feedthrough
PHY-3001 : eco cells: (20 59 2) is for feedthrough
PHY-3001 : eco cells: (20 60 0) is for feedthrough
PHY-3001 : eco cells: (21 5 0) is for feedthrough
PHY-3001 : eco cells: (21 7 3) is for feedthrough
PHY-3001 : eco cells: (21 13 0) is for feedthrough
PHY-3001 : eco cells: (21 15 2) is for feedthrough
PHY-3001 : eco cells: (21 17 3) is for feedthrough
PHY-3001 : eco cells: (21 19 1) is for feedthrough
PHY-3001 : eco cells: (21 19 3) is for feedthrough
PHY-3001 : eco cells: (21 20 0) is for feedthrough
PHY-3001 : eco cells: (21 21 1) is for feedthrough
PHY-3001 : eco cells: (21 22 1) is for feedthrough
PHY-3001 : eco cells: (21 22 3) is for feedthrough
PHY-3001 : eco cells: (21 23 0) is for feedthrough
PHY-3001 : eco cells: (21 23 1) is for feedthrough
PHY-3001 : eco cells: (21 24 0) is for feedthrough
PHY-3001 : eco cells: (21 25 1) is for feedthrough
PHY-3001 : eco cells: (21 26 0) is for feedthrough
PHY-3001 : eco cells: (21 26 3) is for feedthrough
PHY-3001 : eco cells: (21 27 3) is for feedthrough
PHY-3001 : eco cells: (21 29 0) is for feedthrough
PHY-3001 : eco cells: (21 33 1) is for feedthrough
PHY-3001 : eco cells: (21 33 2) is for feedthrough
PHY-3001 : eco cells: (21 35 0) is for feedthrough
PHY-3001 : eco cells: (21 36 1) is for feedthrough
PHY-3001 : eco cells: (21 38 1) is for feedthrough
PHY-3001 : eco cells: (21 39 2) is for feedthrough
PHY-3001 : eco cells: (21 40 0) is for feedthrough
PHY-3001 : eco cells: (21 41 2) is for feedthrough
PHY-3001 : eco cells: (21 42 0) is for feedthrough
PHY-3001 : eco cells: (21 43 2) is for feedthrough
PHY-3001 : eco cells: (21 44 1) is for feedthrough
PHY-3001 : eco cells: (21 45 2) is for feedthrough
PHY-3001 : eco cells: (21 47 0) is for feedthrough
PHY-3001 : eco cells: (21 47 1) is for feedthrough
PHY-3001 : eco cells: (21 47 3) is for feedthrough
PHY-3001 : eco cells: (21 48 1) is for feedthrough
PHY-3001 : eco cells: (21 49 3) is for feedthrough
PHY-3001 : eco cells: (21 52 2) is for feedthrough
PHY-3001 : eco cells: (21 52 3) is for feedthrough
PHY-3001 : eco cells: (21 54 3) is for feedthrough
PHY-3001 : eco cells: (21 56 0) is for feedthrough
PHY-3001 : eco cells: (21 61 3) is for feedthrough
PHY-3001 : eco cells: (22 4 1) is for feedthrough
PHY-3001 : eco cells: (22 8 0) is for feedthrough
PHY-3001 : eco cells: (22 16 1) is for feedthrough
PHY-3001 : eco cells: (22 16 3) is for feedthrough
PHY-3001 : eco cells: (22 17 0) is for feedthrough
PHY-3001 : eco cells: (22 17 1) is for feedthrough
PHY-3001 : eco cells: (22 18 3) is for feedthrough
PHY-3001 : eco cells: (22 21 1) is for feedthrough
PHY-3001 : eco cells: (22 21 2) is for feedthrough
PHY-3001 : eco cells: (22 21 3) is for feedthrough
PHY-3001 : eco cells: (22 22 2) is for feedthrough
PHY-3001 : eco cells: (22 22 3) is for feedthrough
PHY-3001 : eco cells: (22 23 1) is for feedthrough
PHY-3001 : eco cells: (22 24 0) is for feedthrough
PHY-3001 : eco cells: (22 24 2) is for feedthrough
PHY-3001 : eco cells: (22 24 3) is for feedthrough
PHY-3001 : eco cells: (22 26 3) is for feedthrough
PHY-3001 : eco cells: (22 27 3) is for feedthrough
PHY-3001 : eco cells: (22 29 1) is for feedthrough
PHY-3001 : eco cells: (22 30 3) is for feedthrough
PHY-3001 : eco cells: (22 32 1) is for feedthrough
PHY-3001 : eco cells: (22 36 2) is for feedthrough
PHY-3001 : eco cells: (22 37 1) is for feedthrough
PHY-3001 : eco cells: (22 38 3) is for feedthrough
PHY-3001 : eco cells: (22 39 2) is for feedthrough
PHY-3001 : eco cells: (22 40 0) is for feedthrough
PHY-3001 : eco cells: (22 41 0) is for feedthrough
PHY-3001 : eco cells: (22 41 3) is for feedthrough
PHY-3001 : eco cells: (22 42 1) is for feedthrough
PHY-3001 : eco cells: (22 42 2) is for feedthrough
PHY-3001 : eco cells: (22 43 1) is for feedthrough
PHY-3001 : eco cells: (22 43 3) is for feedthrough
PHY-3001 : eco cells: (22 44 0) is for feedthrough
PHY-3001 : eco cells: (22 44 1) is for feedthrough
PHY-3001 : eco cells: (22 44 2) is for feedthrough
PHY-3001 : eco cells: (22 44 3) is for feedthrough
PHY-3001 : eco cells: (22 45 3) is for feedthrough
PHY-3001 : eco cells: (22 46 0) is for feedthrough
PHY-3001 : eco cells: (22 46 1) is for feedthrough
PHY-3001 : eco cells: (22 48 1) is for feedthrough
PHY-3001 : eco cells: (22 48 2) is for feedthrough
PHY-3001 : eco cells: (22 48 3) is for feedthrough
PHY-3001 : eco cells: (22 49 3) is for feedthrough
PHY-3001 : eco cells: (22 54 3) is for feedthrough
PHY-3001 : eco cells: (23 11 2) is for feedthrough
PHY-3001 : eco cells: (23 12 1) is for feedthrough
PHY-3001 : eco cells: (23 13 3) is for feedthrough
PHY-3001 : eco cells: (23 14 0) is for feedthrough
PHY-3001 : eco cells: (23 22 1) is for feedthrough
PHY-3001 : eco cells: (23 23 3) is for feedthrough
PHY-3001 : eco cells: (23 29 3) is for feedthrough
PHY-3001 : eco cells: (23 30 2) is for feedthrough
PHY-3001 : eco cells: (23 30 3) is for feedthrough
PHY-3001 : eco cells: (23 31 2) is for feedthrough
PHY-3001 : eco cells: (23 32 0) is for feedthrough
PHY-3001 : eco cells: (23 32 2) is for feedthrough
PHY-3001 : eco cells: (23 32 3) is for feedthrough
PHY-3001 : eco cells: (23 34 1) is for feedthrough
PHY-3001 : eco cells: (23 36 0) is for feedthrough
PHY-3001 : eco cells: (23 36 2) is for feedthrough
PHY-3001 : eco cells: (23 36 3) is for feedthrough
PHY-3001 : eco cells: (23 37 0) is for feedthrough
PHY-3001 : eco cells: (23 37 1) is for feedthrough
PHY-3001 : eco cells: (23 38 3) is for feedthrough
PHY-3001 : eco cells: (23 39 2) is for feedthrough
PHY-3001 : eco cells: (23 41 3) is for feedthrough
PHY-3001 : eco cells: (23 43 0) is for feedthrough
PHY-3001 : eco cells: (23 43 1) is for feedthrough
PHY-3001 : eco cells: (23 43 2) is for feedthrough
PHY-3001 : eco cells: (23 43 3) is for feedthrough
PHY-3001 : eco cells: (23 44 0) is for feedthrough
PHY-3001 : eco cells: (23 46 1) is for feedthrough
PHY-3001 : eco cells: (23 47 1) is for feedthrough
PHY-3001 : eco cells: (23 47 2) is for feedthrough
PHY-3001 : eco cells: (23 50 0) is for feedthrough
PHY-3001 : eco cells: (23 50 1) is for feedthrough
PHY-3001 : eco cells: (23 51 1) is for feedthrough
PHY-3001 : eco cells: (23 52 1) is for feedthrough
PHY-3001 : eco cells: (23 54 3) is for feedthrough
PHY-3001 : eco cells: (23 59 0) is for feedthrough
PHY-3001 : eco cells: (23 59 1) is for feedthrough
PHY-3001 : eco cells: (23 61 3) is for feedthrough
PHY-3001 : eco cells: (25 4 1) is for feedthrough
PHY-3001 : eco cells: (25 19 3) is for feedthrough
PHY-3001 : eco cells: (25 20 1) is for feedthrough
PHY-3001 : eco cells: (25 22 1) is for feedthrough
PHY-3001 : eco cells: (25 23 3) is for feedthrough
PHY-3001 : eco cells: (25 35 0) is for feedthrough
PHY-3001 : eco cells: (25 38 2) is for feedthrough
PHY-3001 : eco cells: (25 38 3) is for feedthrough
PHY-3001 : eco cells: (25 39 2) is for feedthrough
PHY-3001 : eco cells: (25 40 1) is for feedthrough
PHY-3001 : eco cells: (25 44 0) is for feedthrough
PHY-3001 : eco cells: (25 44 3) is for feedthrough
PHY-3001 : eco cells: (25 51 1) is for feedthrough
PHY-3001 : eco cells: (25 57 2) is for feedthrough
PHY-3001 : eco cells: (26 20 0) is for feedthrough
PHY-3001 : eco cells: (26 26 3) is for feedthrough
PHY-3001 : eco cells: (26 37 0) is for feedthrough
PHY-3001 : eco cells: (26 41 3) is for feedthrough
PHY-3001 : eco cells: (26 42 3) is for feedthrough
PHY-3001 : eco cells: (26 43 1) is for feedthrough
PHY-3001 : eco cells: (26 44 1) is for feedthrough
PHY-3001 : eco cells: (26 46 2) is for feedthrough
PHY-3001 : eco cells: (26 50 1) is for feedthrough
PHY-3001 : eco cells: (26 51 2) is for feedthrough
PHY-3001 : eco cells: (27 2 2) is for feedthrough
PHY-3001 : eco cells: (27 4 1) is for feedthrough
PHY-3001 : eco cells: (27 10 2) is for feedthrough
PHY-3001 : eco cells: (27 15 0) is for feedthrough
PHY-3001 : eco cells: (27 20 2) is for feedthrough
PHY-3001 : eco cells: (27 21 2) is for feedthrough
PHY-3001 : eco cells: (27 23 0) is for feedthrough
PHY-3001 : eco cells: (27 23 2) is for feedthrough
PHY-3001 : eco cells: (27 25 3) is for feedthrough
PHY-3001 : eco cells: (27 32 0) is for feedthrough
PHY-3001 : eco cells: (27 32 1) is for feedthrough
PHY-3001 : eco cells: (27 33 2) is for feedthrough
PHY-3001 : eco cells: (27 34 2) is for feedthrough
PHY-3001 : eco cells: (27 36 0) is for feedthrough
PHY-3001 : eco cells: (27 39 2) is for feedthrough
PHY-3001 : eco cells: (27 39 3) is for feedthrough
PHY-3001 : eco cells: (27 42 3) is for feedthrough
PHY-3001 : eco cells: (27 43 2) is for feedthrough
PHY-3001 : eco cells: (27 44 1) is for feedthrough
PHY-3001 : eco cells: (27 47 1) is for feedthrough
PHY-3001 : eco cells: (27 50 2) is for feedthrough
PHY-3001 : eco cells: (27 52 0) is for feedthrough
PHY-3001 : eco cells: (27 53 0) is for feedthrough
PHY-3001 : eco cells: (27 58 1) is for feedthrough
PHY-3001 : eco cells: (28 2 3) is for feedthrough
PHY-3001 : eco cells: (28 4 0) is for feedthrough
PHY-3001 : eco cells: (28 5 0) is for feedthrough
PHY-3001 : eco cells: (28 18 3) is for feedthrough
PHY-3001 : eco cells: (28 23 3) is for feedthrough
PHY-3001 : eco cells: (28 24 0) is for feedthrough
PHY-3001 : eco cells: (28 38 0) is for feedthrough
PHY-3001 : eco cells: (28 38 1) is for feedthrough
PHY-3001 : eco cells: (28 39 2) is for feedthrough
PHY-3001 : eco cells: (28 43 1) is for feedthrough
PHY-3001 : eco cells: (28 43 3) is for feedthrough
PHY-3001 : eco cells: (28 44 3) is for feedthrough
PHY-3001 : eco cells: (28 47 2) is for feedthrough
PHY-3001 : eco cells: (28 48 0) is for feedthrough
PHY-3001 : eco cells: (28 48 2) is for feedthrough
PHY-3001 : eco cells: (28 49 1) is for feedthrough
PHY-3001 : eco cells: (28 50 0) is for feedthrough
PHY-3001 : eco cells: (28 50 1) is for feedthrough
PHY-3001 : eco cells: (28 52 3) is for feedthrough
PHY-3001 : eco cells: (28 53 2) is for feedthrough
PHY-3001 : eco cells: (28 58 1) is for feedthrough
PHY-3001 : eco cells: (29 2 2) is for feedthrough
PHY-3001 : eco cells: (29 4 0) is for feedthrough
PHY-3001 : eco cells: (29 23 0) is for feedthrough
PHY-3001 : eco cells: (29 25 3) is for feedthrough
PHY-3001 : eco cells: (29 31 0) is for feedthrough
PHY-3001 : eco cells: (29 32 2) is for feedthrough
PHY-3001 : eco cells: (29 33 1) is for feedthrough
PHY-3001 : eco cells: (29 33 3) is for feedthrough
PHY-3001 : eco cells: (29 37 1) is for feedthrough
PHY-3001 : eco cells: (29 41 2) is for feedthrough
PHY-3001 : eco cells: (29 43 0) is for feedthrough
PHY-3001 : eco cells: (29 46 2) is for feedthrough
PHY-3001 : eco cells: (29 47 2) is for feedthrough
PHY-3001 : eco cells: (29 51 0) is for feedthrough
PHY-3001 : eco cells: (29 51 3) is for feedthrough
PHY-3001 : eco cells: (30 2 3) is for feedthrough
PHY-3001 : eco cells: (30 3 2) is for feedthrough
PHY-3001 : eco cells: (30 11 0) is for feedthrough
PHY-3001 : eco cells: (30 16 3) is for feedthrough
PHY-3001 : eco cells: (30 32 0) is for feedthrough
PHY-3001 : eco cells: (30 33 1) is for feedthrough
PHY-3001 : eco cells: (30 36 2) is for feedthrough
PHY-3001 : eco cells: (30 41 2) is for feedthrough
PHY-3001 : eco cells: (30 43 1) is for feedthrough
PHY-3001 : eco cells: (30 44 0) is for feedthrough
PHY-3001 : eco cells: (30 44 2) is for feedthrough
PHY-3001 : eco cells: (30 45 0) is for feedthrough
PHY-3001 : eco cells: (30 45 2) is for feedthrough
PHY-3001 : eco cells: (30 46 0) is for feedthrough
PHY-3001 : eco cells: (30 48 0) is for feedthrough
PHY-3001 : eco cells: (30 48 1) is for feedthrough
PHY-3001 : eco cells: (30 48 3) is for feedthrough
PHY-3001 : eco cells: (30 53 2) is for feedthrough
PHY-3001 : eco cells: (30 55 3) is for feedthrough
PHY-3001 : eco cells: (30 58 1) is for feedthrough
PHY-3001 : eco cells: (31 4 0) is for feedthrough
PHY-3001 : eco cells: (31 13 1) is for feedthrough
PHY-3001 : eco cells: (31 19 0) is for feedthrough
PHY-3001 : eco cells: (31 39 3) is for feedthrough
PHY-3001 : eco cells: (31 43 3) is for feedthrough
PHY-3001 : eco cells: (31 46 3) is for feedthrough
PHY-3001 : eco cells: (31 48 1) is for feedthrough
PHY-3001 : eco cells: (31 50 0) is for feedthrough
PHY-3001 : eco cells: (31 51 3) is for feedthrough
PHY-3001 : eco cells: (31 55 3) is for feedthrough
PHY-3001 : eco cells: (33 4 3) is for feedthrough
PHY-3001 : eco cells: (33 10 2) is for feedthrough
PHY-3001 : eco cells: (33 16 0) is for feedthrough
PHY-3001 : eco cells: (33 19 3) is for feedthrough
PHY-3001 : eco cells: (33 34 3) is for feedthrough
PHY-3001 : eco cells: (33 42 1) is for feedthrough
PHY-3001 : eco cells: (33 44 0) is for feedthrough
PHY-3001 : eco cells: (33 49 0) is for feedthrough
PHY-3001 : eco cells: (34 5 1) is for feedthrough
PHY-3001 : eco cells: (34 12 2) is for feedthrough
PHY-3001 : eco cells: (34 15 1) is for feedthrough
PHY-3001 : eco cells: (34 18 0) is for feedthrough
PHY-3001 : eco cells: (34 21 0) is for feedthrough
PHY-3001 : eco cells: (34 25 0) is for feedthrough
PHY-3001 : eco cells: (34 33 0) is for feedthrough
PHY-3001 : eco cells: (34 33 3) is for feedthrough
PHY-3001 : eco cells: (34 38 0) is for feedthrough
PHY-3001 : eco cells: (34 38 1) is for feedthrough
PHY-3001 : eco cells: (34 39 0) is for feedthrough
PHY-3001 : eco cells: (34 40 1) is for feedthrough
PHY-3001 : eco cells: (34 44 1) is for feedthrough
PHY-3001 : eco cells: (34 46 0) is for feedthrough
PHY-3001 : eco cells: (34 48 2) is for feedthrough
PHY-3001 : eco cells: (35 14 0) is for feedthrough
PHY-3001 : eco cells: (35 19 0) is for feedthrough
PHY-3001 : eco cells: (35 20 1) is for feedthrough
PHY-3001 : eco cells: (35 30 2) is for feedthrough
PHY-3001 : eco cells: (35 35 0) is for feedthrough
PHY-3001 : eco cells: (35 37 0) is for feedthrough
PHY-3001 : eco cells: (35 40 3) is for feedthrough
PHY-3001 : eco cells: (35 44 1) is for feedthrough
PHY-3001 : eco cells: (35 45 0) is for feedthrough
PHY-3001 : eco cells: (35 46 3) is for feedthrough
PHY-3001 : eco cells: (35 55 0) is for feedthrough
PHY-3001 : eco cells: (35 57 3) is for feedthrough
PHY-3001 : eco cells: (35 60 2) is for feedthrough
PHY-3001 : eco cells: (36 21 0) is for feedthrough
PHY-3001 : eco cells: (36 40 2) is for feedthrough
PHY-3001 : eco cells: (36 47 0) is for feedthrough
PHY-3001 : eco cells: (36 52 3) is for feedthrough
PHY-3001 : eco cells: (36 57 1) is for feedthrough
PHY-3001 : eco cells: (36 59 2) is for feedthrough
PHY-3001 : eco cells: (36 60 1) is for feedthrough
PHY-3001 : eco cells: (37 9 0) is for feedthrough
PHY-3001 : eco cells: (37 12 0) is for feedthrough
PHY-3001 : eco cells: (37 18 0) is for feedthrough
PHY-3001 : eco cells: (37 33 3) is for feedthrough
PHY-3001 : eco cells: (37 36 1) is for feedthrough
PHY-3001 : eco cells: (37 40 0) is for feedthrough
PHY-3001 : eco cells: (37 50 0) is for feedthrough
PHY-3001 : eco cells: (37 50 1) is for feedthrough
PHY-3001 : eco cells: (38 11 3) is for feedthrough
PHY-3001 : eco cells: (38 19 0) is for feedthrough
PHY-3001 : eco cells: (38 34 2) is for feedthrough
PHY-3001 : eco cells: (38 46 0) is for feedthrough
PHY-3001 : eco cells: (38 54 0) is for feedthrough
PHY-3001 : eco cells: (39 10 1) is for feedthrough
PHY-3001 : eco cells: (39 11 1) is for feedthrough
PHY-3001 : eco cells: (39 12 0) is for feedthrough
PHY-3001 : eco cells: (39 34 0) is for feedthrough
PHY-3001 : eco cells: 5747 has valid locations, 0 needs to be replaced
PHY-3001 : design contains 5814 instances, 5745 slices, 188 macros(910 instances: 593 mslices 317 lslices)
PHY-3001 : Huge net locked with 4248 pins
PHY-3001 : Huge net u_pitch_shift/read_ptr[1] with 3028 pins
PHY-3001 : Huge net u_pitch_shift/read_ptr[0] with 1776 pins
PHY-3001 : End placement; No cells to be placed.
RUN-1001 : Eco place succeeded
RUN-1002 : start command "route -eco"
RUN-1001 : Open license file D:/TD/license/Anlogic.lic
RUN-1001 : Print Global Property
RUN-1001 : ---------------------------------------------------------------
RUN-1001 :        Parameters        |  Settings  |  Default Values  |  Note  
RUN-1001 : ---------------------------------------------------------------
RUN-1001 :          message         |  standard  |     standard     |        
RUN-1001 :   mixed_pack_place_flow  |     on     |        on        |        
RUN-1001 :        qor_monitor       |    off     |       off        |        
RUN-1001 :        syn_ip_flow       |    off     |       off        |        
RUN-1001 :          thread          |    auto    |       auto       |        
RUN-1001 : ---------------------------------------------------------------
RUN-1001 : Print Route Property
RUN-1001 : -------------------------------------------------------
RUN-1001 :    Parameters    |  Settings  |  Default Values  |  Note  
RUN-1001 : -------------------------------------------------------
RUN-1001 :      effort      |   medium   |      medium      |        
RUN-1001 :     fix_hold     |    off     |       off        |        
RUN-1001 :    opt_timing    |   medium   |      medium      |        
RUN-1001 :   phy_sim_model  |    off     |       off        |        
RUN-1001 :     priority     |   timing   |      timing      |        
RUN-1001 :     swap_pin     |     on     |        on        |        
RUN-1001 : -------------------------------------------------------
PHY-1001 : Route runs in 24 thread(s)
RUN-1001 : There are total 5816 instances
RUN-1001 : 2873 mslices, 2872 lslices, 51 pads, 0 brams, 2 dsps
RUN-1001 : There are total 15496 nets
RUN-1001 : 13119 nets have 2 pins
RUN-1001 : 1553 nets have [3 - 5] pins
RUN-1001 : 327 nets have [6 - 10] pins
RUN-1001 : 390 nets have [11 - 20] pins
RUN-1001 : 66 nets have [21 - 99] pins
RUN-1001 : 41 nets have 100+ pins
PHY-1001 : 2873 mslices, 2872 lslices, 51 pads, 0 brams, 2 dsps
TMR-2503 : Start to update net delay, extr mode = 3.
TMR-2504 : Update delay of 14438 nets completely.
TMR-2502 : Annotate delay completely, extr mode = 3.
TMR-3501 : Forward propagation: start to calculate arrival time...
TMR-3502 : Backward propagation: start to calculate required time...
TMR-3503 : Timing propagation completes.
PHY-1001 : Start detail routing ...
PHY-1001 : Current memory(MB): used = 961, reserve = 960, peak = 1024.
PHY-1001 : Detailed router is running in eco mode.
PHY-1001 : Refresh detailed routing grids ...
PHY-1001 : Processed IO instance aud_dacdat_syn_4 with INV attribute.
PHY-1001 : Processed IO instance aud_dacdat_1_syn_4 with INV attribute.
PHY-1001 : Processed IO instance aud_dacdat_2_syn_4 with INV attribute.
PHY-1001 : Processed IO instance aud_dacdat_3_syn_4 with INV attribute.
PHY-1001 : Generate nets ...
PHY-1001 : clock net aud_bclk_syn_4 will be merged with clock aud_bclk_dup_1
PHY-1001 : clock net aud_bclk_1_syn_4 will be merged with clock aud_bclk_1_dup_1
PHY-1001 : clock net aud_bclk_2_syn_4 will be merged with clock aud_bclk_2_dup_1
PHY-1001 : clock net aud_bclk_3_syn_4 will be merged with clock aud_bclk_3_dup_1
PHY-1001 : net aud_mclk_dup_1 will be routed on clock mesh
PHY-1001 : net aud_mclk_1_dup_1 will be routed on clock mesh
PHY-1001 : net aud_mclk_2_dup_1 will be routed on clock mesh
PHY-1001 : net aud_mclk_3_dup_1 will be routed on clock mesh
PHY-1001 : clock net ilaclk_dup_1 will be merged with clock u_pll_clk/clk0_buf
PHY-1001 : clock net ilaclk_1_dup_1 will be merged with clock u1_pll_clk/clk0_buf
PHY-1001 : clock net ilaclk_2_dup_1 will be merged with clock u2_pll_clk/clk0_buf
PHY-1001 : clock net ilaclk_3_dup_1 will be merged with clock u3_pll_clk/clk0_buf
PHY-1001 : net sys_clk_dup_1 will be routed on clock mesh
PHY-1001 : clock net u1_es8388_ctrl/u_es8388_config/u_i2c_dri/dri_clk_syn_4 will be merged with clock u1_es8388_ctrl/u_es8388_config/u_i2c_dri/dri_clk
PHY-1001 : clock net u2_es8388_ctrl/u_es8388_config/u_i2c_dri/dri_clk_syn_4 will be merged with clock u2_es8388_ctrl/u_es8388_config/u_i2c_dri/dri_clk
PHY-1001 : clock net u3_es8388_ctrl/u_es8388_config/u_i2c_dri/dri_clk_syn_4 will be merged with clock u3_es8388_ctrl/u_es8388_config/u_i2c_dri/dri_clk
PHY-1001 : eco open net = 0
PHY-1001 : Current memory(MB): used = 1011, reserve = 1007, peak = 1024.
PHY-1001 : End build detailed router design. 1.245843s wall, 1.156250s user + 0.031250s system = 1.187500s CPU (95.3%)

PHY-1001 : Detail Route ...
PHY-1001 : ===== Detail Route Phase 1 =====
PHY-1001 : Clock net routing.....
PHY-1001 : Routed 89% nets.
PHY-1022 : len = 2.89686e+06, over cnt = 1(0%), over = 1, worst = 1, crit = 0
PHY-1001 : End initial clock net routed; 0.015721s wall, 0.000000s user + 0.000000s system = 0.000000s CPU (n/a%)

PHY-1001 : Ripup-reroute.....
PHY-1001 : ===== DR Iter 1 =====
PHY-1022 : len = 2.89686e+06, over cnt = 1(0%), over = 1, worst = 1, crit = 0
PHY-1001 : End DR Iter 1; 0.021151s wall, 0.015625s user + 0.000000s system = 0.015625s CPU (73.9%)

PHY-1001 : ===== DR Iter 2 =====
PHY-1022 : len = 2.89686e+06, over cnt = 1(0%), over = 1, worst = 1, crit = 0
PHY-1001 : End DR Iter 2; 0.021198s wall, 0.031250s user + 0.000000s system = 0.031250s CPU (147.4%)

PHY-1001 : ===== DR Iter 3 =====
PHY-1022 : len = 2.89686e+06, over cnt = 1(0%), over = 1, worst = 1, crit = 0
PHY-1001 : End DR Iter 3; 0.020097s wall, 0.015625s user + 0.000000s system = 0.015625s CPU (77.7%)

PHY-1001 : ===== DR Iter 4 =====
PHY-1022 : len = 2.89686e+06, over cnt = 1(0%), over = 1, worst = 1, crit = 0
PHY-1001 : End DR Iter 4; 0.022460s wall, 0.031250s user + 0.000000s system = 0.031250s CPU (139.1%)

PHY-1001 : ===== DR Iter 5 =====
PHY-1022 : len = 2.89686e+06, over cnt = 1(0%), over = 1, worst = 1, crit = 0
PHY-1001 : End DR Iter 5; 0.022254s wall, 0.031250s user + 0.000000s system = 0.031250s CPU (140.4%)

PHY-1001 : Current memory(MB): used = 1011, reserve = 1007, peak = 1024.
PHY-1001 : End phase 1; 0.149388s wall, 0.125000s user + 0.000000s system = 0.125000s CPU (83.7%)

PHY-1001 : ===== Detail Route Phase 2 =====
PHY-1001 : Initial routing.....
PHY-1022 : len = 2.89686e+06, over cnt = 1(0%), over = 1, worst = 1, crit = 0
PHY-1001 : Current memory(MB): used = 1012, reserve = 1008, peak = 1024.
PHY-1001 : End initial routed; 0.082902s wall, 0.078125s user + 0.000000s system = 0.078125s CPU (94.2%)

PHY-1001 : Current memory(MB): used = 1012, reserve = 1008, peak = 1024.
PHY-1001 : End phase 2; 0.082983s wall, 0.078125s user + 0.000000s system = 0.078125s CPU (94.1%)

PHY-1001 : ===== Detail Route Phase 3 =====
PHY-1001 : Ripup-reroute.....
PHY-1001 : ===== DR Iter 1 =====
PHY-1022 : len = 2.89686e+06, over cnt = 1(0%), over = 1, worst = 1, crit = 0
PHY-1001 : End DR Iter 1; 0.076538s wall, 0.078125s user + 0.000000s system = 0.078125s CPU (102.1%)

PHY-1001 : ===== DR Iter 2 =====
PHY-1022 : len = 2.89686e+06, over cnt = 1(0%), over = 1, worst = 1, crit = 0
PHY-1001 : End DR Iter 2; 0.074031s wall, 0.078125s user + 0.000000s system = 0.078125s CPU (105.5%)

PHY-1001 : ===== DR Iter 3 =====
PHY-1022 : len = 2.89686e+06, over cnt = 1(0%), over = 1, worst = 1, crit = 0
PHY-1001 : End DR Iter 3; 0.073089s wall, 0.078125s user + 0.000000s system = 0.078125s CPU (106.9%)

PHY-1001 : ===== DR Iter 4 =====
PHY-1022 : len = 2.89686e+06, over cnt = 1(0%), over = 1, worst = 1, crit = 0
PHY-1001 : End DR Iter 4; 0.083153s wall, 0.093750s user + 0.000000s system = 0.093750s CPU (112.7%)

PHY-1001 : ===== DR Iter 5 =====
PHY-1022 : len = 2.89686e+06, over cnt = 1(0%), over = 1, worst = 1, crit = 0
PHY-1001 : End DR Iter 5; 0.075143s wall, 0.078125s user + 0.000000s system = 0.078125s CPU (104.0%)

PHY-1001 : ===== DR Iter 6 =====
PHY-1022 : len = 2.89686e+06, over cnt = 1(0%), over = 1, worst = 1, crit = 0
PHY-1001 : End DR Iter 6; 0.073735s wall, 0.078125s user + 0.000000s system = 0.078125s CPU (106.0%)

PHY-1001 : ===== DR Iter 7 =====
PHY-1022 : len = 2.89686e+06, over cnt = 1(0%), over = 1, worst = 1, crit = 0
PHY-1001 : End DR Iter 7; 0.077320s wall, 0.078125s user + 0.000000s system = 0.078125s CPU (101.0%)

PHY-1001 : ==== DR Iter 8 ====
PHY-1022 : len = 2.89686e+06, over cnt = 1(0%), over = 1, worst = 1, crit = 0
PHY-1001 : End DR Iter 8; 0.072417s wall, 0.062500s user + 0.000000s system = 0.062500s CPU (86.3%)

PHY-1001 : ==== DR Iter 9 ====
PHY-1022 : len = 2.89686e+06, over cnt = 1(0%), over = 1, worst = 1, crit = 0
PHY-1001 : End DR Iter 9; 0.077481s wall, 0.093750s user + 0.093750s system = 0.187500s CPU (242.0%)

PHY-1001 : ==== DR Iter 10 ====
PHY-1022 : len = 2.89686e+06, over cnt = 1(0%), over = 1, worst = 1, crit = 0
PHY-1001 : End DR Iter 10; 0.075503s wall, 0.093750s user + 0.000000s system = 0.093750s CPU (124.2%)

PHY-1001 : ==== DR Iter 11 ====
PHY-1022 : len = 2.89686e+06, over cnt = 1(0%), over = 1, worst = 1, crit = 0
PHY-1001 : End DR Iter 11; 0.068942s wall, 0.062500s user + 0.000000s system = 0.062500s CPU (90.7%)

PHY-1001 : ===== DR Iter 12 =====
PHY-1022 : len = 2.89686e+06, over cnt = 1(0%), over = 1, worst = 1, crit = 0
PHY-1001 : End DR Iter 12; 0.076624s wall, 0.078125s user + 0.000000s system = 0.078125s CPU (102.0%)

PHY-1001 : ==== DR Iter 13 ====
PHY-1022 : len = 2.89686e+06, over cnt = 1(0%), over = 1, worst = 1, crit = 0
PHY-1001 : End DR Iter 13; 0.074138s wall, 0.046875s user + 0.015625s system = 0.062500s CPU (84.3%)

PHY-1001 : ==== DR Iter 14 ====
PHY-1022 : len = 2.89686e+06, over cnt = 1(0%), over = 1, worst = 1, crit = 0
PHY-1001 : End DR Iter 14; 0.081136s wall, 0.093750s user + 0.031250s system = 0.125000s CPU (154.1%)

PHY-1001 : ==== DR Iter 15 ====
PHY-1022 : len = 2.89686e+06, over cnt = 1(0%), over = 1, worst = 1, crit = 0
PHY-1001 : End DR Iter 15; 0.069879s wall, 0.062500s user + 0.000000s system = 0.062500s CPU (89.4%)

PHY-1001 : ==== DR Iter 16 ====
PHY-1022 : len = 2.89686e+06, over cnt = 1(0%), over = 1, worst = 1, crit = 0
PHY-1001 : End DR Iter 16; 0.070986s wall, 0.078125s user + 0.000000s system = 0.078125s CPU (110.1%)

PHY-1001 : ==== DR Iter 17 ====
PHY-1022 : len = 2.89686e+06, over cnt = 1(0%), over = 1, worst = 1, crit = 0
PHY-1001 : End DR Iter 17; 0.074746s wall, 0.062500s user + 0.000000s system = 0.062500s CPU (83.6%)

PHY-1001 : ===== DR Iter 18 =====
PHY-1022 : len = 2.89686e+06, over cnt = 1(0%), over = 1, worst = 1, crit = 0
PHY-1001 : End DR Iter 18; 0.073075s wall, 0.078125s user + 0.000000s system = 0.078125s CPU (106.9%)

PHY-1001 : ==== DR Iter 19 ====
PHY-1022 : len = 2.89686e+06, over cnt = 1(0%), over = 1, worst = 1, crit = 0
PHY-1001 : End DR Iter 19; 0.068555s wall, 0.109375s user + 0.046875s system = 0.156250s CPU (227.9%)

PHY-1001 : ==== DR Iter 20 ====
PHY-1022 : len = 2.89686e+06, over cnt = 1(0%), over = 1, worst = 1, crit = 0
PHY-1001 : End DR Iter 20; 0.074825s wall, 0.062500s user + 0.000000s system = 0.062500s CPU (83.5%)

PHY-1001 : ==== DR Iter 21 ====
PHY-1022 : len = 2.89686e+06, over cnt = 1(0%), over = 1, worst = 1, crit = 0
PHY-1001 : End DR Iter 21; 0.070573s wall, 0.078125s user + 0.000000s system = 0.078125s CPU (110.7%)

PHY-1001 : ==== DR Iter 22 ====
PHY-1022 : len = 2.89686e+06, over cnt = 1(0%), over = 1, worst = 1, crit = 0
PHY-1001 : End DR Iter 22; 0.077527s wall, 0.078125s user + 0.000000s system = 0.078125s CPU (100.8%)

PHY-1001 : ==== DR Iter 23 ====
PHY-1022 : len = 2.89686e+06, over cnt = 1(0%), over = 1, worst = 1, crit = 0
PHY-1001 : End DR Iter 23; 0.076017s wall, 0.078125s user + 0.000000s system = 0.078125s CPU (102.8%)

PHY-1001 : ==== DR Iter 24 ====
PHY-1022 : len = 2.89686e+06, over cnt = 1(0%), over = 1, worst = 1, crit = 0
PHY-1001 : End DR Iter 24; 0.077491s wall, 0.078125s user + 0.000000s system = 0.078125s CPU (100.8%)

PHY-1001 : ===== DR Iter 25 =====
PHY-1022 : len = 2.89686e+06, over cnt = 1(0%), over = 1, worst = 1, crit = 0
PHY-1001 : End DR Iter 25; 0.099511s wall, 0.093750s user + 0.000000s system = 0.093750s CPU (94.2%)

PHY-1001 : ==== DR Iter 26 ====
PHY-1022 : len = 2.89686e+06, over cnt = 1(0%), over = 1, worst = 1, crit = 0
PHY-1001 : End DR Iter 26; 0.072939s wall, 0.078125s user + 0.000000s system = 0.078125s CPU (107.1%)

PHY-1001 : ==== DR Iter 27 ====
PHY-1022 : len = 2.89686e+06, over cnt = 1(0%), over = 1, worst = 1, crit = 0
PHY-1001 : End DR Iter 27; 0.068952s wall, 0.078125s user + 0.000000s system = 0.078125s CPU (113.3%)

PHY-1001 : ==== DR Iter 28 ====
PHY-1022 : len = 2.89686e+06, over cnt = 1(0%), over = 1, worst = 1, crit = 0
PHY-1001 : End DR Iter 28; 0.069010s wall, 0.062500s user + 0.000000s system = 0.062500s CPU (90.6%)

PHY-1001 : ==== DR Iter 29 ====
PHY-1022 : len = 2.89686e+06, over cnt = 1(0%), over = 1, worst = 1, crit = 0
PHY-1001 : End DR Iter 29; 0.072385s wall, 0.078125s user + 0.000000s system = 0.078125s CPU (107.9%)

PHY-1001 : ==== DR Iter 30 ====
PHY-1022 : len = 2.89686e+06, over cnt = 1(0%), over = 1, worst = 1, crit = 0
PHY-1001 : End DR Iter 30; 0.075843s wall, 0.062500s user + 0.000000s system = 0.062500s CPU (82.4%)

PHY-1001 : ==== DR Iter 31 ====
PHY-1022 : len = 2.89686e+06, over cnt = 1(0%), over = 1, worst = 1, crit = 0
PHY-1001 : End DR Iter 31; 0.075294s wall, 0.109375s user + 0.015625s system = 0.125000s CPU (166.0%)

PHY-1001 : ==== DR Iter 32 ====
PHY-1022 : len = 2.89686e+06, over cnt = 1(0%), over = 1, worst = 1, crit = 0
PHY-1001 : End DR Iter 32; 0.075652s wall, 0.062500s user + 0.015625s system = 0.078125s CPU (103.3%)

PHY-1001 : ===== DR Iter 33 =====
PHY-1022 : len = 2.89686e+06, over cnt = 1(0%), over = 1, worst = 1, crit = 0
PHY-1001 : End DR Iter 33; 0.074983s wall, 0.078125s user + 0.015625s system = 0.093750s CPU (125.0%)

PHY-1001 : ==== DR Iter 34 ====
PHY-1022 : len = 2.89686e+06, over cnt = 1(0%), over = 1, worst = 1, crit = 0
PHY-1001 : End DR Iter 34; 0.073030s wall, 0.078125s user + 0.000000s system = 0.078125s CPU (107.0%)

PHY-1001 : ==== DR Iter 35 ====
PHY-1022 : len = 2.89686e+06, over cnt = 1(0%), over = 1, worst = 1, crit = 0
PHY-1001 : End DR Iter 35; 0.069647s wall, 0.062500s user + 0.000000s system = 0.062500s CPU (89.7%)

PHY-1001 : ==== DR Iter 36 ====
PHY-1022 : len = 2.89686e+06, over cnt = 1(0%), over = 1, worst = 1, crit = 0
PHY-1001 : End DR Iter 36; 0.072336s wall, 0.109375s user + 0.031250s system = 0.140625s CPU (194.4%)

PHY-1001 : ==== DR Iter 37 ====
PHY-1022 : len = 2.89686e+06, over cnt = 1(0%), over = 1, worst = 1, crit = 0
PHY-1001 : End DR Iter 37; 0.070004s wall, 0.062500s user + 0.000000s system = 0.062500s CPU (89.3%)

PHY-1001 : ==== DR Iter 38 ====
PHY-1022 : len = 2.89686e+06, over cnt = 1(0%), over = 1, worst = 1, crit = 0
PHY-1001 : End DR Iter 38; 0.074149s wall, 0.109375s user + 0.000000s system = 0.109375s CPU (147.5%)

PHY-1001 : ==== DR Iter 39 ====
PHY-1022 : len = 2.89686e+06, over cnt = 1(0%), over = 1, worst = 1, crit = 0
PHY-1001 : End DR Iter 39; 0.073684s wall, 0.078125s user + 0.000000s system = 0.078125s CPU (106.0%)

PHY-1001 : ==== DR Iter 40 ====
PHY-1022 : len = 2.89686e+06, over cnt = 1(0%), over = 1, worst = 1, crit = 0
PHY-1001 : End DR Iter 40; 0.074094s wall, 0.078125s user + 0.000000s system = 0.078125s CPU (105.4%)

PHY-1001 : ==== DR Iter 41 ====
PHY-1022 : len = 2.89686e+06, over cnt = 1(0%), over = 1, worst = 1, crit = 0
PHY-1001 : End DR Iter 41; 0.079905s wall, 0.078125s user + 0.000000s system = 0.078125s CPU (97.8%)

PHY-1001 : ===== DR Iter 42 =====
PHY-1022 : len = 2.89686e+06, over cnt = 1(0%), over = 1, worst = 1, crit = 0
PHY-1001 : End DR Iter 42; 0.073521s wall, 0.046875s user + 0.015625s system = 0.062500s CPU (85.0%)

PHY-1001 : ==== DR Iter 43 ====
PHY-1022 : len = 2.89686e+06, over cnt = 1(0%), over = 1, worst = 1, crit = 0
PHY-1001 : End DR Iter 43; 0.070617s wall, 0.062500s user + 0.000000s system = 0.062500s CPU (88.5%)

PHY-1001 : ==== DR Iter 44 ====
PHY-1022 : len = 2.89686e+06, over cnt = 1(0%), over = 1, worst = 1, crit = 0
PHY-1001 : End DR Iter 44; 0.070341s wall, 0.140625s user + 0.015625s system = 0.156250s CPU (222.1%)

PHY-1001 : ==== DR Iter 45 ====
PHY-1022 : len = 2.89686e+06, over cnt = 1(0%), over = 1, worst = 1, crit = 0
PHY-1001 : End DR Iter 45; 0.073718s wall, 0.062500s user + 0.000000s system = 0.062500s CPU (84.8%)

PHY-1001 : ==== DR Iter 46 ====
PHY-1022 : len = 2.89686e+06, over cnt = 1(0%), over = 1, worst = 1, crit = 0
PHY-1001 : End DR Iter 46; 0.071504s wall, 0.078125s user + 0.031250s system = 0.109375s CPU (153.0%)

PHY-1001 : ==== DR Iter 47 ====
PHY-1022 : len = 2.89686e+06, over cnt = 1(0%), over = 1, worst = 1, crit = 0
PHY-1001 : End DR Iter 47; 0.070693s wall, 0.078125s user + 0.000000s system = 0.078125s CPU (110.5%)

PHY-1001 : ==== DR Iter 48 ====
PHY-1022 : len = 2.89686e+06, over cnt = 1(0%), over = 1, worst = 1, crit = 0
PHY-1001 : End DR Iter 48; 0.069557s wall, 0.062500s user + 0.000000s system = 0.062500s CPU (89.9%)

PHY-1001 : ==== DR Iter 49 ====
PHY-1022 : len = 2.89686e+06, over cnt = 1(0%), over = 1, worst = 1, crit = 0
PHY-1001 : End DR Iter 49; 0.067082s wall, 0.062500s user + 0.000000s system = 0.062500s CPU (93.2%)

PHY-1001 : ==== DR Iter 50 ====
PHY-1022 : len = 2.89686e+06, over cnt = 1(0%), over = 1, worst = 1, crit = 0
PHY-1001 : End DR Iter 50; 0.069002s wall, 0.062500s user + 0.015625s system = 0.078125s CPU (113.2%)

PHY-1001 : ==== DR Iter 51 ====
PHY-1022 : len = 2.89686e+06, over cnt = 1(0%), over = 1, worst = 1, crit = 0
PHY-1001 : End DR Iter 51; 0.067877s wall, 0.062500s user + 0.000000s system = 0.062500s CPU (92.1%)

PHY-1001 : ===== DR Iter 52 =====
PHY-1022 : len = 2.89686e+06, over cnt = 1(0%), over = 1, worst = 1, crit = 0
PHY-1001 : End DR Iter 52; 0.074332s wall, 0.125000s user + 0.046875s system = 0.171875s CPU (231.2%)

PHY-1001 : ==== DR Iter 53 ====
PHY-1022 : len = 2.89686e+06, over cnt = 1(0%), over = 1, worst = 1, crit = 0
PHY-1001 : End DR Iter 53; 0.074816s wall, 0.062500s user + 0.015625s system = 0.078125s CPU (104.4%)

PHY-1001 : ==== DR Iter 54 ====
PHY-1022 : len = 2.89686e+06, over cnt = 1(0%), over = 1, worst = 1, crit = 0
PHY-1001 : End DR Iter 54; 0.071207s wall, 0.062500s user + 0.000000s system = 0.062500s CPU (87.8%)

PHY-1001 : ==== DR Iter 55 ====
PHY-1022 : len = 2.89686e+06, over cnt = 1(0%), over = 1, worst = 1, crit = 0
PHY-1001 : End DR Iter 55; 0.070816s wall, 0.093750s user + 0.031250s system = 0.125000s CPU (176.5%)

PHY-1001 : ==== DR Iter 56 ====
PHY-1022 : len = 2.89686e+06, over cnt = 1(0%), over = 1, worst = 1, crit = 0
PHY-1001 : End DR Iter 56; 0.069667s wall, 0.062500s user + 0.000000s system = 0.062500s CPU (89.7%)

PHY-1001 : ==== DR Iter 57 ====
PHY-1022 : len = 2.89686e+06, over cnt = 1(0%), over = 1, worst = 1, crit = 0
PHY-1001 : End DR Iter 57; 0.072322s wall, 0.093750s user + 0.015625s system = 0.109375s CPU (151.2%)

PHY-1001 : ==== DR Iter 58 ====
PHY-1022 : len = 2.89686e+06, over cnt = 1(0%), over = 1, worst = 1, crit = 0
PHY-1001 : End DR Iter 58; 0.070473s wall, 0.078125s user + 0.000000s system = 0.078125s CPU (110.9%)

PHY-1001 : ==== DR Iter 59 ====
PHY-1022 : len = 2.89686e+06, over cnt = 1(0%), over = 1, worst = 1, crit = 0
PHY-1001 : End DR Iter 59; 0.071309s wall, 0.062500s user + 0.000000s system = 0.062500s CPU (87.6%)

PHY-1001 : ==== DR Iter 60 ====
PHY-1022 : len = 2.89686e+06, over cnt = 1(0%), over = 1, worst = 1, crit = 0
PHY-1001 : End DR Iter 60; 0.069440s wall, 0.078125s user + 0.000000s system = 0.078125s CPU (112.5%)

PHY-1001 : ==== DR Iter 61 ====
PHY-1022 : len = 2.89686e+06, over cnt = 1(0%), over = 1, worst = 1, crit = 0
PHY-1001 : End DR Iter 61; 0.076534s wall, 0.062500s user + 0.000000s system = 0.062500s CPU (81.7%)

PHY-1001 : ==== DR Iter 62 ====
PHY-1022 : len = 2.89686e+06, over cnt = 1(0%), over = 1, worst = 1, crit = 0
PHY-1001 : End DR Iter 62; 0.076626s wall, 0.078125s user + 0.000000s system = 0.078125s CPU (102.0%)

PHY-1001 : ===== DR Iter 63 =====
PHY-1022 : len = 2.89686e+06, over cnt = 1(0%), over = 1, worst = 1, crit = 0
PHY-1001 : End DR Iter 63; 0.071257s wall, 0.078125s user + 0.000000s system = 0.078125s CPU (109.6%)

PHY-1001 : ==== DR Iter 64 ====
PHY-1022 : len = 2.89686e+06, over cnt = 1(0%), over = 1, worst = 1, crit = 0
PHY-1001 : End DR Iter 64; 0.070935s wall, 0.062500s user + 0.015625s system = 0.078125s CPU (110.1%)

PHY-1001 : ==== DR Iter 65 ====
PHY-1022 : len = 2.89686e+06, over cnt = 1(0%), over = 1, worst = 1, crit = 0
PHY-1001 : End DR Iter 65; 0.069031s wall, 0.046875s user + 0.015625s system = 0.062500s CPU (90.5%)

PHY-1001 : ==== DR Iter 66 ====
PHY-1022 : len = 2.89686e+06, over cnt = 1(0%), over = 1, worst = 1, crit = 0
PHY-1001 : End DR Iter 66; 0.071799s wall, 0.078125s user + 0.000000s system = 0.078125s CPU (108.8%)

PHY-1001 : ==== DR Iter 67 ====
PHY-1022 : len = 2.89686e+06, over cnt = 1(0%), over = 1, worst = 1, crit = 0
PHY-1001 : End DR Iter 67; 0.070935s wall, 0.062500s user + 0.000000s system = 0.062500s CPU (88.1%)

PHY-1001 : ==== DR Iter 68 ====
PHY-1022 : len = 2.89686e+06, over cnt = 1(0%), over = 1, worst = 1, crit = 0
PHY-1001 : End DR Iter 68; 0.072707s wall, 0.062500s user + 0.015625s system = 0.078125s CPU (107.5%)

PHY-1001 : ==== DR Iter 69 ====
PHY-1022 : len = 2.89686e+06, over cnt = 1(0%), over = 1, worst = 1, crit = 0
PHY-1001 : End DR Iter 69; 0.073845s wall, 0.078125s user + 0.000000s system = 0.078125s CPU (105.8%)

PHY-1001 : ==== DR Iter 70 ====
PHY-1022 : len = 2.89686e+06, over cnt = 1(0%), over = 1, worst = 1, crit = 0
PHY-1001 : End DR Iter 70; 0.074999s wall, 0.062500s user + 0.000000s system = 0.062500s CPU (83.3%)

PHY-1001 : ==== DR Iter 71 ====
PHY-1022 : len = 2.89686e+06, over cnt = 1(0%), over = 1, worst = 1, crit = 0
PHY-1001 : End DR Iter 71; 0.075728s wall, 0.093750s user + 0.000000s system = 0.093750s CPU (123.8%)

PHY-1001 : ==== DR Iter 72 ====
PHY-1022 : len = 2.89686e+06, over cnt = 1(0%), over = 1, worst = 1, crit = 0
PHY-1001 : End DR Iter 72; 0.072937s wall, 0.062500s user + 0.000000s system = 0.062500s CPU (85.7%)

PHY-1001 : ==== DR Iter 73 ====
PHY-1022 : len = 2.89686e+06, over cnt = 1(0%), over = 1, worst = 1, crit = 0
PHY-1001 : End DR Iter 73; 0.074890s wall, 0.078125s user + 0.000000s system = 0.078125s CPU (104.3%)

PHY-1001 : ==== DR Iter 74 ====
PHY-1022 : len = 2.89686e+06, over cnt = 1(0%), over = 1, worst = 1, crit = 0
PHY-1001 : End DR Iter 74; 0.070779s wall, 0.062500s user + 0.000000s system = 0.062500s CPU (88.3%)

PHY-1001 : Current memory(MB): used = 1012, reserve = 1008, peak = 1024.
PHY-1001 : End phase 3; 5.507045s wall, 5.671875s user + 0.500000s system = 6.171875s CPU (112.1%)

PHY-1001 : 712 feed throughs used by 255 nets
PHY-1001 : Current memory(MB): used = 1019, reserve = 1015, peak = 1024.
PHY-1001 : End export database. 1.540399s wall, 1.515625s user + 0.015625s system = 1.531250s CPU (99.4%)

PHY-1001 : Routing violations:
PHY-8023 ERROR: Location: (x18y9_local5), nets: u_pitch_shift/buffer[0]_b256[168] u_pitch_shift/buffer[0]_b256[167]
PHY-1001 : End of Routing Violations.
RUN-1003 : finish command "route -eco" in  9.138040s wall, 9.140625s user + 0.562500s system = 9.703125s CPU (106.2%)

RUN-1004 : used memory is 1018 MB, reserved memory is 1014 MB, peak memory is 1024 MB
RUN-8102 ERROR: Incremental route failed
PHY-1001 : Routing violations:
PHY-8023 ERROR: Location: (x18y9_local5), nets: u_pitch_shift/buffer[0]_b256[168] u_pitch_shift/buffer[0]_b256[167]
PHY-1001 : End of Routing Violations.
RUN-1003 : finish command "route" in  60.688965s wall, 61.781250s user + 7.984375s system = 69.765625s CPU (115.0%)

RUN-1004 : used memory is 1018 MB, reserved memory is 1014 MB, peak memory is 1024 MB
RUN-1002 : start command "backup_run_log run.log ../.logs/phy_1/td_20251031_233030.log"
