============================================================
   Tang Dynasty, V5.6.71036
      Copyright (c) 2012-2023 Anlogic Inc.
   Executable = E:/Software/Anlogic/TD5.6.2/bin/td.exe
   Built at =   20:34:38 Mar 21 2023
   Run by =     Lviva
   Run Date =   Thu Oct 23 15:12:43 2025

   Run on =     VIVACIOUS
============================================================
RUN-1001 : open_run phy_1.
RUN-1002 : start command "import_db C:/Users/Lviva/Desktop/es8388_3MIC/TD/ES8388_Runs/phy_1/ES8388_pr.db"
RUN-1001 : Importing database generated by Tang Dynasty, V5.6.71036.
RUN-1001 : Database version number 46146.
RUN-1001 : Import flow parameters
PHY-1001 : Generate detailed routing grids ...
PHY-1001 : Processed IO instance aud_dacdat_syn_4 with INV attribute.
PHY-1001 : Processed IO instance aud_dacdat_1_syn_4 with INV attribute.
PHY-1001 : Processed IO instance aud_dacdat_2_syn_4 with INV attribute.
PHY-1001 : Generate nets ...
PHY-1001 : clock net aud_bclk_syn_4 will be merged with clock aud_bclk_dup_1
PHY-1001 : clock net aud_bclk_1_syn_4 will be merged with clock aud_bclk_1_dup_1
PHY-1001 : net aud_bclk_2_dup_1 will be routed on clock mesh
PHY-1001 : net aud_mclk_dup_1 will be routed on clock mesh
PHY-1001 : net aud_mclk_1_dup_1 will be routed on clock mesh
PHY-1001 : net aud_mclk_2_dup_1 will be routed on clock mesh
PHY-1001 : clock net ilaclk_dup_1 will be merged with clock u_pll_clk/clk0_buf
PHY-1001 : clock net ilaclk_1_dup_1 will be merged with clock u1_pll_clk/clk0_buf
PHY-1001 : clock net ilaclk_2_dup_1 will be merged with clock u2_pll_clk/clk0_buf
PHY-1001 : net sys_clk_dup_1 will be routed on clock mesh
PHY-1001 : clock net show/sample_clk_syn_4 will be merged with clock show/sample_clk
PHY-1001 : clock net u_es8388_ctrl/u_es8388_config/u_i2c_dri/dri_clk_syn_4 will be merged with clock u_es8388_ctrl/u_es8388_config/u_i2c_dri/dri_clk
PHY-1001 : clock net u1_es8388_ctrl/u_es8388_config/u_i2c_dri/dri_clk_syn_4 will be merged with clock u1_es8388_ctrl/u_es8388_config/u_i2c_dri/dri_clk
PHY-1001 : clock net u2_es8388_ctrl/u_es8388_config/u_i2c_dri/dri_clk_syn_4 will be merged with clock u2_es8388_ctrl/u_es8388_config/u_i2c_dri/dri_clk
PHY-1001 : eco open net = 0
PHY-1001 : 12 feed throughs used by 12 nets
RUN-1001 : Import IO constraints
RUN-1001 : Import Inst constraints
RUN-1001 : Import design success TD_VERSION=5.6.71036 , DB_VERSION=46146
RUN-1003 : finish command "import_db C:/Users/Lviva/Desktop/es8388_3MIC/TD/ES8388_Runs/phy_1/ES8388_pr.db" in  2.567440s wall, 2.468750s user + 0.390625s system = 2.859375s CPU (111.4%)

RUN-1004 : used memory is 467 MB, reserved memory is 420 MB, peak memory is 498 MB
HDL-1007 : analyze verilog file ../RTL/audio_speak.v
HDL-8007 ERROR: syntax error near ')' in ../RTL/audio_speak.v(42)
HDL-1007 : Verilog file '../RTL/audio_speak.v' ignored due to errors
HDL-1007 : analyze verilog file ../RTL/audio_speak.v
RUN-1001 : reset_run syn_1 phy_1.
RUN-1001 : launch_runs syn_1 phy_1  -jobs 6.
RUN-6001 WARNING: syn_1: run failed.
RUN-1001 : open_run syn_1.
RUN-1002 : start command "import_db C:/Users/Lviva/Desktop/es8388_3MIC/TD/ES8388_Runs/syn_1/ES8388_elaborate.db"
RUN-1001 : Importing database generated by Tang Dynasty, V5.6.71036.
RUN-1001 : Database version number 46146.
RUN-1001 : Import flow parameters
RUN-1001 : Import IO constraints
RUN-1001 : Import Inst constraints
RUN-1001 : Import design success TD_VERSION=5.6.71036 , DB_VERSION=46146
RUN-1001 : Print Global Property
RUN-1001 : ---------------------------------------------------------------
RUN-1001 :        Parameters        |  Settings  |  Default Values  |  Note  
RUN-1001 : ---------------------------------------------------------------
RUN-1001 :          message         |  standard  |     standard     |        
RUN-1001 :   mixed_pack_place_flow  |     on     |        on        |        
RUN-1001 :        qor_monitor       |    off     |       off        |        
RUN-1001 :        syn_ip_flow       |    off     |       off        |        
RUN-1001 :          thread          |    auto    |       auto       |        
RUN-1001 : ---------------------------------------------------------------
RUN-1001 : Print Design Property
RUN-1001 : --------------------------------------------------------------
RUN-1001 :        Parameters       |  Settings  |  Default Values  |  Note  
RUN-1001 : --------------------------------------------------------------
RUN-1001 :   default_reg_initial   |    auto    |       auto       |        
RUN-1001 :        infer_add        |     on     |        on        |        
RUN-1001 :        infer_fsm        |    off     |       off        |        
RUN-1001 :        infer_mult       |     on     |        on        |        
RUN-1001 :        infer_ram        |     on     |        on        |        
RUN-1001 :        infer_reg        |     on     |        on        |        
RUN-1001 :   infer_reg_init_value  |     on     |        on        |        
RUN-1001 :        infer_rom        |     on     |        on        |        
RUN-1001 :      infer_shifter      |     on     |        on        |        
RUN-1001 : --------------------------------------------------------------
RUN-1001 : Print Rtl Property
RUN-1001 : --------------------------------------------------------------
RUN-1001 :        Parameters       |  Settings  |  Default Values  |  Note  
RUN-1001 : --------------------------------------------------------------
RUN-1001 :       compress_add      |   ripple   |      ripple      |        
RUN-1001 :        elf_sload        |    off     |       off        |        
RUN-1001 :       fix_undriven      |     0      |        0         |        
RUN-1001 :         flatten         |    off     |       off        |        
RUN-1001 :       gate_sharing      |     on     |        on        |        
RUN-1001 :    hdl_warning_level    |   normal   |      normal      |        
RUN-1001 :   impl_internal_tribuf  |     on     |        on        |        
RUN-1001 :      impl_set_reset     |     on     |        on        |        
RUN-1001 :        infer_gsr        |    off     |       off        |        
RUN-1001 :      keep_hierarchy     |    auto    |       auto       |        
RUN-1001 :        max_fanout       |    9999    |       9999       |        
RUN-1001 :      max_oh2bin_len     |     10     |        10        |        
RUN-1001 :       merge_equal       |     on     |        on        |        
RUN-1001 :       merge_equiv       |     on     |        on        |        
RUN-1001 :        merge_mux        |    off     |       off        |        
RUN-1001 :     min_control_set     |     8      |        8         |        
RUN-1001 :      min_ripple_len     |    auto    |       auto       |        
RUN-1001 :       oh2bin_ratio      |    0.08    |       0.08       |        
RUN-1001 :     opt_adder_fanout    |     on     |        on        |        
RUN-1001 :        opt_arith        |     on     |        on        |        
RUN-1001 :       opt_big_gate      |    off     |       off        |        
RUN-1001 :        opt_const        |     on     |        on        |        
RUN-1001 :      opt_const_mult     |     on     |        on        |        
RUN-1001 :       opt_lessthan      |     on     |        on        |        
RUN-1001 :         opt_mux         |    off     |       off        |        
RUN-1001 :         opt_ram         |    high    |       high       |        
RUN-1001 :      rtl_sim_model      |    off     |       off        |        
RUN-1001 :         seq_syn         |     on     |        on        |        
RUN-1001 : --------------------------------------------------------------
HDL-1007 : analyze verilog file al_ip/clk_wiz_0.v
HDL-1007 : undeclared symbol 'open', assumed default net type 'wire' in al_ip/clk_wiz_0.v(80)
HDL-1007 : analyze verilog file ../RTL/audio_receive.v
HDL-1007 : analyze verilog file ../RTL/audio_send.v
HDL-1007 : analyze verilog file ../RTL/audio_speak.v
HDL-1007 : analyze verilog file ../RTL/es8388_config.v
HDL-1007 : analyze verilog file ../RTL/es8388_ctrl.v
HDL-1007 : analyze verilog file ../RTL/i2c_dri.v
HDL-1007 : analyze verilog file ../RTL/i2c_reg_cfg.v
HDL-1007 : analyze verilog file sound_direction_led.v
HDL-1007 : analyze verilog file al_ip/i2s_tx.v
HDL-1007 : analyze verilog file al_ip/direction.v
HDL-1007 : analyze verilog file al_ip/TDOA.v
HDL-1007 : analyze verilog file al_ip/FFT.v
HDL-1007 : analyze verilog file al_ip/bit_reverse.v
HDL-1007 : analyze verilog file al_ip/butterfly.v
HDL-1007 : analyze verilog file al_ip/rom_128x16.v
HDL-1007 : analyze verilog file al_ip/gcc_phat.v
HDL-1007 : analyze verilog file al_ip/cross_correlate.v
HDL-1007 : analyze verilog file al_ip/tdoa_location.v
HDL-1007 : analyze verilog file al_ip/sound_localization .v
HDL-5007 WARNING: loop variable declaration is not allowed in this mode of Verilog in al_ip/sound_localization .v(36)
HDL-5007 WARNING: loop variable declaration is not allowed in this mode of Verilog in al_ip/sound_localization .v(56)
HDL-5007 WARNING: loop variable declaration is not allowed in this mode of Verilog in al_ip/sound_localization .v(62)
HDL-5007 WARNING: loop variable declaration is not allowed in this mode of Verilog in al_ip/sound_localization .v(104)
HDL-5007 WARNING: loop variable declaration is not allowed in this mode of Verilog in al_ip/sound_localization .v(111)
RUN-1001 : Print Global Property
RUN-1001 : ---------------------------------------------------------------
RUN-1001 :        Parameters        |  Settings  |  Default Values  |  Note  
RUN-1001 : ---------------------------------------------------------------
RUN-1001 :          message         |  standard  |     standard     |        
RUN-1001 :   mixed_pack_place_flow  |     on     |        on        |        
RUN-1001 :        qor_monitor       |    off     |       off        |        
RUN-1001 :        syn_ip_flow       |    off     |       off        |        
RUN-1001 :          thread          |    auto    |       auto       |        
RUN-1001 : ---------------------------------------------------------------
RUN-1001 : Print Design Property
RUN-1001 : --------------------------------------------------------------
RUN-1001 :        Parameters       |  Settings  |  Default Values  |  Note  
RUN-1001 : --------------------------------------------------------------
RUN-1001 :   default_reg_initial   |    auto    |       auto       |        
RUN-1001 :        infer_add        |     on     |        on        |        
RUN-1001 :        infer_fsm        |    off     |       off        |        
RUN-1001 :        infer_mult       |     on     |        on        |        
RUN-1001 :        infer_ram        |     on     |        on        |        
RUN-1001 :        infer_reg        |     on     |        on        |        
RUN-1001 :   infer_reg_init_value  |     on     |        on        |        
RUN-1001 :        infer_rom        |     on     |        on        |        
RUN-1001 :      infer_shifter      |     on     |        on        |        
RUN-1001 : --------------------------------------------------------------
RUN-1001 : Print Rtl Property
RUN-1001 : --------------------------------------------------------------
RUN-1001 :        Parameters       |  Settings  |  Default Values  |  Note  
RUN-1001 : --------------------------------------------------------------
RUN-1001 :       compress_add      |   ripple   |      ripple      |        
RUN-1001 :        elf_sload        |    off     |       off        |        
RUN-1001 :       fix_undriven      |     0      |        0         |        
RUN-1001 :         flatten         |    off     |       off        |        
RUN-1001 :       gate_sharing      |     on     |        on        |        
RUN-1001 :    hdl_warning_level    |   normal   |      normal      |        
RUN-1001 :   impl_internal_tribuf  |     on     |        on        |        
RUN-1001 :      impl_set_reset     |     on     |        on        |        
RUN-1001 :        infer_gsr        |    off     |       off        |        
RUN-1001 :      keep_hierarchy     |    auto    |       auto       |        
RUN-1001 :        max_fanout       |    9999    |       9999       |        
RUN-1001 :      max_oh2bin_len     |     10     |        10        |        
RUN-1001 :       merge_equal       |     on     |        on        |        
RUN-1001 :       merge_equiv       |     on     |        on        |        
RUN-1001 :        merge_mux        |    off     |       off        |        
RUN-1001 :     min_control_set     |     8      |        8         |        
RUN-1001 :      min_ripple_len     |    auto    |       auto       |        
RUN-1001 :       oh2bin_ratio      |    0.08    |       0.08       |        
RUN-1001 :     opt_adder_fanout    |     on     |        on        |        
RUN-1001 :        opt_arith        |     on     |        on        |        
RUN-1001 :       opt_big_gate      |    off     |       off        |        
RUN-1001 :        opt_const        |     on     |        on        |        
RUN-1001 :      opt_const_mult     |     on     |        on        |        
RUN-1001 :       opt_lessthan      |     on     |        on        |        
RUN-1001 :         opt_mux         |    off     |       off        |        
RUN-1001 :         opt_ram         |    high    |       high       |        
RUN-1001 :      rtl_sim_model      |    off     |       off        |        
RUN-1001 :         seq_syn         |     on     |        on        |        
RUN-1001 : --------------------------------------------------------------
HDL-1007 : analyze verilog file al_ip/clk_wiz_0.v
HDL-1007 : undeclared symbol 'open', assumed default net type 'wire' in al_ip/clk_wiz_0.v(80)
HDL-1007 : analyze verilog file ../RTL/audio_receive.v
HDL-1007 : analyze verilog file ../RTL/audio_send.v
HDL-1007 : analyze verilog file ../RTL/audio_speak.v
HDL-1007 : analyze verilog file ../RTL/es8388_config.v
HDL-1007 : analyze verilog file ../RTL/es8388_ctrl.v
HDL-1007 : analyze verilog file ../RTL/i2c_dri.v
HDL-1007 : analyze verilog file ../RTL/i2c_reg_cfg.v
HDL-1007 : analyze verilog file al_ip/i2s_tx.v
HDL-1007 : analyze verilog file al_ip/direction.v
HDL-1007 : analyze verilog file al_ip/TDOA.v
HDL-1007 : analyze verilog file al_ip/FFT.v
HDL-1007 : analyze verilog file al_ip/bit_reverse.v
HDL-1007 : analyze verilog file al_ip/butterfly.v
HDL-1007 : analyze verilog file al_ip/rom_128x16.v
HDL-1007 : analyze verilog file al_ip/gcc_phat.v
HDL-1007 : analyze verilog file al_ip/cross_correlate.v
HDL-1007 : analyze verilog file al_ip/tdoa_location.v
HDL-1007 : analyze verilog file al_ip/sound_localization .v
HDL-5007 WARNING: loop variable declaration is not allowed in this mode of Verilog in al_ip/sound_localization .v(36)
HDL-5007 WARNING: loop variable declaration is not allowed in this mode of Verilog in al_ip/sound_localization .v(56)
HDL-5007 WARNING: loop variable declaration is not allowed in this mode of Verilog in al_ip/sound_localization .v(62)
HDL-5007 WARNING: loop variable declaration is not allowed in this mode of Verilog in al_ip/sound_localization .v(104)
HDL-5007 WARNING: loop variable declaration is not allowed in this mode of Verilog in al_ip/sound_localization .v(111)
RUN-1001 : Print Global Property
RUN-1001 : ---------------------------------------------------------------
RUN-1001 :        Parameters        |  Settings  |  Default Values  |  Note  
RUN-1001 : ---------------------------------------------------------------
RUN-1001 :          message         |  standard  |     standard     |        
RUN-1001 :   mixed_pack_place_flow  |     on     |        on        |        
RUN-1001 :        qor_monitor       |    off     |       off        |        
RUN-1001 :        syn_ip_flow       |    off     |       off        |        
RUN-1001 :          thread          |    auto    |       auto       |        
RUN-1001 : ---------------------------------------------------------------
RUN-1001 : Print Design Property
RUN-1001 : --------------------------------------------------------------
RUN-1001 :        Parameters       |  Settings  |  Default Values  |  Note  
RUN-1001 : --------------------------------------------------------------
RUN-1001 :   default_reg_initial   |    auto    |       auto       |        
RUN-1001 :        infer_add        |     on     |        on        |        
RUN-1001 :        infer_fsm        |    off     |       off        |        
RUN-1001 :        infer_mult       |     on     |        on        |        
RUN-1001 :        infer_ram        |     on     |        on        |        
RUN-1001 :        infer_reg        |     on     |        on        |        
RUN-1001 :   infer_reg_init_value  |     on     |        on        |        
RUN-1001 :        infer_rom        |     on     |        on        |        
RUN-1001 :      infer_shifter      |     on     |        on        |        
RUN-1001 : --------------------------------------------------------------
RUN-1001 : Print Rtl Property
RUN-1001 : --------------------------------------------------------------
RUN-1001 :        Parameters       |  Settings  |  Default Values  |  Note  
RUN-1001 : --------------------------------------------------------------
RUN-1001 :       compress_add      |   ripple   |      ripple      |        
RUN-1001 :        elf_sload        |    off     |       off        |        
RUN-1001 :       fix_undriven      |     0      |        0         |        
RUN-1001 :         flatten         |    off     |       off        |        
RUN-1001 :       gate_sharing      |     on     |        on        |        
RUN-1001 :    hdl_warning_level    |   normal   |      normal      |        
RUN-1001 :   impl_internal_tribuf  |     on     |        on        |        
RUN-1001 :      impl_set_reset     |     on     |        on        |        
RUN-1001 :        infer_gsr        |    off     |       off        |        
RUN-1001 :      keep_hierarchy     |    auto    |       auto       |        
RUN-1001 :        max_fanout       |    9999    |       9999       |        
RUN-1001 :      max_oh2bin_len     |     10     |        10        |        
RUN-1001 :       merge_equal       |     on     |        on        |        
RUN-1001 :       merge_equiv       |     on     |        on        |        
RUN-1001 :        merge_mux        |    off     |       off        |        
RUN-1001 :     min_control_set     |     8      |        8         |        
RUN-1001 :      min_ripple_len     |    auto    |       auto       |        
RUN-1001 :       oh2bin_ratio      |    0.08    |       0.08       |        
RUN-1001 :     opt_adder_fanout    |     on     |        on        |        
RUN-1001 :        opt_arith        |     on     |        on        |        
RUN-1001 :       opt_big_gate      |    off     |       off        |        
RUN-1001 :        opt_const        |     on     |        on        |        
RUN-1001 :      opt_const_mult     |     on     |        on        |        
RUN-1001 :       opt_lessthan      |     on     |        on        |        
RUN-1001 :         opt_mux         |    off     |       off        |        
RUN-1001 :         opt_ram         |    high    |       high       |        
RUN-1001 :      rtl_sim_model      |    off     |       off        |        
RUN-1001 :         seq_syn         |     on     |        on        |        
RUN-1001 : --------------------------------------------------------------
HDL-1007 : analyze verilog file al_ip/clk_wiz_0.v
HDL-1007 : undeclared symbol 'open', assumed default net type 'wire' in al_ip/clk_wiz_0.v(80)
HDL-1007 : analyze verilog file ../RTL/audio_receive.v
HDL-1007 : analyze verilog file ../RTL/audio_send.v
HDL-1007 : analyze verilog file ../RTL/audio_speak.v
HDL-1007 : analyze verilog file ../RTL/es8388_config.v
HDL-1007 : analyze verilog file ../RTL/es8388_ctrl.v
HDL-1007 : analyze verilog file ../RTL/i2c_dri.v
HDL-1007 : analyze verilog file ../RTL/i2c_reg_cfg.v
HDL-1007 : analyze verilog file al_ip/direction.v
HDL-1007 : analyze verilog file al_ip/TDOA.v
HDL-1007 : analyze verilog file al_ip/FFT.v
HDL-1007 : analyze verilog file al_ip/bit_reverse.v
HDL-1007 : analyze verilog file al_ip/butterfly.v
HDL-1007 : analyze verilog file al_ip/rom_128x16.v
HDL-1007 : analyze verilog file al_ip/gcc_phat.v
HDL-1007 : analyze verilog file al_ip/cross_correlate.v
HDL-1007 : analyze verilog file al_ip/tdoa_location.v
HDL-1007 : analyze verilog file al_ip/sound_localization .v
HDL-5007 WARNING: loop variable declaration is not allowed in this mode of Verilog in al_ip/sound_localization .v(36)
HDL-5007 WARNING: loop variable declaration is not allowed in this mode of Verilog in al_ip/sound_localization .v(56)
HDL-5007 WARNING: loop variable declaration is not allowed in this mode of Verilog in al_ip/sound_localization .v(62)
HDL-5007 WARNING: loop variable declaration is not allowed in this mode of Verilog in al_ip/sound_localization .v(104)
HDL-5007 WARNING: loop variable declaration is not allowed in this mode of Verilog in al_ip/sound_localization .v(111)
RUN-1001 : Print Global Property
RUN-1001 : ---------------------------------------------------------------
RUN-1001 :        Parameters        |  Settings  |  Default Values  |  Note  
RUN-1001 : ---------------------------------------------------------------
RUN-1001 :          message         |  standard  |     standard     |        
RUN-1001 :   mixed_pack_place_flow  |     on     |        on        |        
RUN-1001 :        qor_monitor       |    off     |       off        |        
RUN-1001 :        syn_ip_flow       |    off     |       off        |        
RUN-1001 :          thread          |    auto    |       auto       |        
RUN-1001 : ---------------------------------------------------------------
RUN-1001 : Print Design Property
RUN-1001 : --------------------------------------------------------------
RUN-1001 :        Parameters       |  Settings  |  Default Values  |  Note  
RUN-1001 : --------------------------------------------------------------
RUN-1001 :   default_reg_initial   |    auto    |       auto       |        
RUN-1001 :        infer_add        |     on     |        on        |        
RUN-1001 :        infer_fsm        |    off     |       off        |        
RUN-1001 :        infer_mult       |     on     |        on        |        
RUN-1001 :        infer_ram        |     on     |        on        |        
RUN-1001 :        infer_reg        |     on     |        on        |        
RUN-1001 :   infer_reg_init_value  |     on     |        on        |        
RUN-1001 :        infer_rom        |     on     |        on        |        
RUN-1001 :      infer_shifter      |     on     |        on        |        
RUN-1001 : --------------------------------------------------------------
RUN-1001 : Print Rtl Property
RUN-1001 : --------------------------------------------------------------
RUN-1001 :        Parameters       |  Settings  |  Default Values  |  Note  
RUN-1001 : --------------------------------------------------------------
RUN-1001 :       compress_add      |   ripple   |      ripple      |        
RUN-1001 :        elf_sload        |    off     |       off        |        
RUN-1001 :       fix_undriven      |     0      |        0         |        
RUN-1001 :         flatten         |    off     |       off        |        
RUN-1001 :       gate_sharing      |     on     |        on        |        
RUN-1001 :    hdl_warning_level    |   normal   |      normal      |        
RUN-1001 :   impl_internal_tribuf  |     on     |        on        |        
RUN-1001 :      impl_set_reset     |     on     |        on        |        
RUN-1001 :        infer_gsr        |    off     |       off        |        
RUN-1001 :      keep_hierarchy     |    auto    |       auto       |        
RUN-1001 :        max_fanout       |    9999    |       9999       |        
RUN-1001 :      max_oh2bin_len     |     10     |        10        |        
RUN-1001 :       merge_equal       |     on     |        on        |        
RUN-1001 :       merge_equiv       |     on     |        on        |        
RUN-1001 :        merge_mux        |    off     |       off        |        
RUN-1001 :     min_control_set     |     8      |        8         |        
RUN-1001 :      min_ripple_len     |    auto    |       auto       |        
RUN-1001 :       oh2bin_ratio      |    0.08    |       0.08       |        
RUN-1001 :     opt_adder_fanout    |     on     |        on        |        
RUN-1001 :        opt_arith        |     on     |        on        |        
RUN-1001 :       opt_big_gate      |    off     |       off        |        
RUN-1001 :        opt_const        |     on     |        on        |        
RUN-1001 :      opt_const_mult     |     on     |        on        |        
RUN-1001 :       opt_lessthan      |     on     |        on        |        
RUN-1001 :         opt_mux         |    off     |       off        |        
RUN-1001 :         opt_ram         |    high    |       high       |        
RUN-1001 :      rtl_sim_model      |    off     |       off        |        
RUN-1001 :         seq_syn         |     on     |        on        |        
RUN-1001 : --------------------------------------------------------------
HDL-1007 : analyze verilog file al_ip/clk_wiz_0.v
HDL-1007 : undeclared symbol 'open', assumed default net type 'wire' in al_ip/clk_wiz_0.v(80)
HDL-1007 : analyze verilog file ../RTL/audio_receive.v
HDL-1007 : analyze verilog file ../RTL/audio_send.v
HDL-1007 : analyze verilog file ../RTL/audio_speak.v
HDL-1007 : analyze verilog file ../RTL/es8388_config.v
HDL-1007 : analyze verilog file ../RTL/es8388_ctrl.v
HDL-1007 : analyze verilog file ../RTL/i2c_dri.v
HDL-1007 : analyze verilog file ../RTL/i2c_reg_cfg.v
HDL-1007 : analyze verilog file al_ip/TDOA.v
HDL-1007 : analyze verilog file al_ip/FFT.v
HDL-1007 : analyze verilog file al_ip/bit_reverse.v
HDL-1007 : analyze verilog file al_ip/butterfly.v
HDL-1007 : analyze verilog file al_ip/rom_128x16.v
HDL-1007 : analyze verilog file al_ip/gcc_phat.v
HDL-1007 : analyze verilog file al_ip/cross_correlate.v
HDL-1007 : analyze verilog file al_ip/tdoa_location.v
HDL-1007 : analyze verilog file al_ip/sound_localization .v
HDL-5007 WARNING: loop variable declaration is not allowed in this mode of Verilog in al_ip/sound_localization .v(36)
HDL-5007 WARNING: loop variable declaration is not allowed in this mode of Verilog in al_ip/sound_localization .v(56)
HDL-5007 WARNING: loop variable declaration is not allowed in this mode of Verilog in al_ip/sound_localization .v(62)
HDL-5007 WARNING: loop variable declaration is not allowed in this mode of Verilog in al_ip/sound_localization .v(104)
HDL-5007 WARNING: loop variable declaration is not allowed in this mode of Verilog in al_ip/sound_localization .v(111)
RUN-1001 : Print Global Property
RUN-1001 : ---------------------------------------------------------------
RUN-1001 :        Parameters        |  Settings  |  Default Values  |  Note  
RUN-1001 : ---------------------------------------------------------------
RUN-1001 :          message         |  standard  |     standard     |        
RUN-1001 :   mixed_pack_place_flow  |     on     |        on        |        
RUN-1001 :        qor_monitor       |    off     |       off        |        
RUN-1001 :        syn_ip_flow       |    off     |       off        |        
RUN-1001 :          thread          |    auto    |       auto       |        
RUN-1001 : ---------------------------------------------------------------
RUN-1001 : Print Design Property
RUN-1001 : --------------------------------------------------------------
RUN-1001 :        Parameters       |  Settings  |  Default Values  |  Note  
RUN-1001 : --------------------------------------------------------------
RUN-1001 :   default_reg_initial   |    auto    |       auto       |        
RUN-1001 :        infer_add        |     on     |        on        |        
RUN-1001 :        infer_fsm        |    off     |       off        |        
RUN-1001 :        infer_mult       |     on     |        on        |        
RUN-1001 :        infer_ram        |     on     |        on        |        
RUN-1001 :        infer_reg        |     on     |        on        |        
RUN-1001 :   infer_reg_init_value  |     on     |        on        |        
RUN-1001 :        infer_rom        |     on     |        on        |        
RUN-1001 :      infer_shifter      |     on     |        on        |        
RUN-1001 : --------------------------------------------------------------
RUN-1001 : Print Rtl Property
RUN-1001 : --------------------------------------------------------------
RUN-1001 :        Parameters       |  Settings  |  Default Values  |  Note  
RUN-1001 : --------------------------------------------------------------
RUN-1001 :       compress_add      |   ripple   |      ripple      |        
RUN-1001 :        elf_sload        |    off     |       off        |        
RUN-1001 :       fix_undriven      |     0      |        0         |        
RUN-1001 :         flatten         |    off     |       off        |        
RUN-1001 :       gate_sharing      |     on     |        on        |        
RUN-1001 :    hdl_warning_level    |   normal   |      normal      |        
RUN-1001 :   impl_internal_tribuf  |     on     |        on        |        
RUN-1001 :      impl_set_reset     |     on     |        on        |        
RUN-1001 :        infer_gsr        |    off     |       off        |        
RUN-1001 :      keep_hierarchy     |    auto    |       auto       |        
RUN-1001 :        max_fanout       |    9999    |       9999       |        
RUN-1001 :      max_oh2bin_len     |     10     |        10        |        
RUN-1001 :       merge_equal       |     on     |        on        |        
RUN-1001 :       merge_equiv       |     on     |        on        |        
RUN-1001 :        merge_mux        |    off     |       off        |        
RUN-1001 :     min_control_set     |     8      |        8         |        
RUN-1001 :      min_ripple_len     |    auto    |       auto       |        
RUN-1001 :       oh2bin_ratio      |    0.08    |       0.08       |        
RUN-1001 :     opt_adder_fanout    |     on     |        on        |        
RUN-1001 :        opt_arith        |     on     |        on        |        
RUN-1001 :       opt_big_gate      |    off     |       off        |        
RUN-1001 :        opt_const        |     on     |        on        |        
RUN-1001 :      opt_const_mult     |     on     |        on        |        
RUN-1001 :       opt_lessthan      |     on     |        on        |        
RUN-1001 :         opt_mux         |    off     |       off        |        
RUN-1001 :         opt_ram         |    high    |       high       |        
RUN-1001 :      rtl_sim_model      |    off     |       off        |        
RUN-1001 :         seq_syn         |     on     |        on        |        
RUN-1001 : --------------------------------------------------------------
HDL-1007 : analyze verilog file al_ip/clk_wiz_0.v
HDL-1007 : undeclared symbol 'open', assumed default net type 'wire' in al_ip/clk_wiz_0.v(80)
HDL-1007 : analyze verilog file ../RTL/audio_receive.v
HDL-1007 : analyze verilog file ../RTL/audio_send.v
HDL-1007 : analyze verilog file ../RTL/audio_speak.v
HDL-1007 : analyze verilog file ../RTL/es8388_config.v
HDL-1007 : analyze verilog file ../RTL/es8388_ctrl.v
HDL-1007 : analyze verilog file ../RTL/i2c_dri.v
HDL-1007 : analyze verilog file ../RTL/i2c_reg_cfg.v
HDL-1007 : analyze verilog file al_ip/FFT.v
HDL-1007 : analyze verilog file al_ip/bit_reverse.v
HDL-1007 : analyze verilog file al_ip/butterfly.v
HDL-1007 : analyze verilog file al_ip/rom_128x16.v
HDL-1007 : analyze verilog file al_ip/gcc_phat.v
HDL-1007 : analyze verilog file al_ip/cross_correlate.v
HDL-1007 : analyze verilog file al_ip/tdoa_location.v
HDL-1007 : analyze verilog file al_ip/sound_localization .v
HDL-5007 WARNING: loop variable declaration is not allowed in this mode of Verilog in al_ip/sound_localization .v(36)
HDL-5007 WARNING: loop variable declaration is not allowed in this mode of Verilog in al_ip/sound_localization .v(56)
HDL-5007 WARNING: loop variable declaration is not allowed in this mode of Verilog in al_ip/sound_localization .v(62)
HDL-5007 WARNING: loop variable declaration is not allowed in this mode of Verilog in al_ip/sound_localization .v(104)
HDL-5007 WARNING: loop variable declaration is not allowed in this mode of Verilog in al_ip/sound_localization .v(111)
RUN-1001 : Print Global Property
RUN-1001 : ---------------------------------------------------------------
RUN-1001 :        Parameters        |  Settings  |  Default Values  |  Note  
RUN-1001 : ---------------------------------------------------------------
RUN-1001 :          message         |  standard  |     standard     |        
RUN-1001 :   mixed_pack_place_flow  |     on     |        on        |        
RUN-1001 :        qor_monitor       |    off     |       off        |        
RUN-1001 :        syn_ip_flow       |    off     |       off        |        
RUN-1001 :          thread          |    auto    |       auto       |        
RUN-1001 : ---------------------------------------------------------------
RUN-1001 : Print Design Property
RUN-1001 : --------------------------------------------------------------
RUN-1001 :        Parameters       |  Settings  |  Default Values  |  Note  
RUN-1001 : --------------------------------------------------------------
RUN-1001 :   default_reg_initial   |    auto    |       auto       |        
RUN-1001 :        infer_add        |     on     |        on        |        
RUN-1001 :        infer_fsm        |    off     |       off        |        
RUN-1001 :        infer_mult       |     on     |        on        |        
RUN-1001 :        infer_ram        |     on     |        on        |        
RUN-1001 :        infer_reg        |     on     |        on        |        
RUN-1001 :   infer_reg_init_value  |     on     |        on        |        
RUN-1001 :        infer_rom        |     on     |        on        |        
RUN-1001 :      infer_shifter      |     on     |        on        |        
RUN-1001 : --------------------------------------------------------------
RUN-1001 : Print Rtl Property
RUN-1001 : --------------------------------------------------------------
RUN-1001 :        Parameters       |  Settings  |  Default Values  |  Note  
RUN-1001 : --------------------------------------------------------------
RUN-1001 :       compress_add      |   ripple   |      ripple      |        
RUN-1001 :        elf_sload        |    off     |       off        |        
RUN-1001 :       fix_undriven      |     0      |        0         |        
RUN-1001 :         flatten         |    off     |       off        |        
RUN-1001 :       gate_sharing      |     on     |        on        |        
RUN-1001 :    hdl_warning_level    |   normal   |      normal      |        
RUN-1001 :   impl_internal_tribuf  |     on     |        on        |        
RUN-1001 :      impl_set_reset     |     on     |        on        |        
RUN-1001 :        infer_gsr        |    off     |       off        |        
RUN-1001 :      keep_hierarchy     |    auto    |       auto       |        
RUN-1001 :        max_fanout       |    9999    |       9999       |        
RUN-1001 :      max_oh2bin_len     |     10     |        10        |        
RUN-1001 :       merge_equal       |     on     |        on        |        
RUN-1001 :       merge_equiv       |     on     |        on        |        
RUN-1001 :        merge_mux        |    off     |       off        |        
RUN-1001 :     min_control_set     |     8      |        8         |        
RUN-1001 :      min_ripple_len     |    auto    |       auto       |        
RUN-1001 :       oh2bin_ratio      |    0.08    |       0.08       |        
RUN-1001 :     opt_adder_fanout    |     on     |        on        |        
RUN-1001 :        opt_arith        |     on     |        on        |        
RUN-1001 :       opt_big_gate      |    off     |       off        |        
RUN-1001 :        opt_const        |     on     |        on        |        
RUN-1001 :      opt_const_mult     |     on     |        on        |        
RUN-1001 :       opt_lessthan      |     on     |        on        |        
RUN-1001 :         opt_mux         |    off     |       off        |        
RUN-1001 :         opt_ram         |    high    |       high       |        
RUN-1001 :      rtl_sim_model      |    off     |       off        |        
RUN-1001 :         seq_syn         |     on     |        on        |        
RUN-1001 : --------------------------------------------------------------
HDL-1007 : analyze verilog file al_ip/clk_wiz_0.v
HDL-1007 : undeclared symbol 'open', assumed default net type 'wire' in al_ip/clk_wiz_0.v(80)
HDL-1007 : analyze verilog file ../RTL/audio_receive.v
HDL-1007 : analyze verilog file ../RTL/audio_send.v
HDL-1007 : analyze verilog file ../RTL/audio_speak.v
HDL-1007 : analyze verilog file ../RTL/es8388_config.v
HDL-1007 : analyze verilog file ../RTL/es8388_ctrl.v
HDL-1007 : analyze verilog file ../RTL/i2c_dri.v
HDL-1007 : analyze verilog file ../RTL/i2c_reg_cfg.v
HDL-1007 : analyze verilog file al_ip/bit_reverse.v
HDL-1007 : analyze verilog file al_ip/butterfly.v
HDL-1007 : analyze verilog file al_ip/rom_128x16.v
HDL-1007 : analyze verilog file al_ip/gcc_phat.v
HDL-1007 : analyze verilog file al_ip/cross_correlate.v
HDL-1007 : analyze verilog file al_ip/tdoa_location.v
HDL-1007 : analyze verilog file al_ip/sound_localization .v
HDL-5007 WARNING: loop variable declaration is not allowed in this mode of Verilog in al_ip/sound_localization .v(36)
HDL-5007 WARNING: loop variable declaration is not allowed in this mode of Verilog in al_ip/sound_localization .v(56)
HDL-5007 WARNING: loop variable declaration is not allowed in this mode of Verilog in al_ip/sound_localization .v(62)
HDL-5007 WARNING: loop variable declaration is not allowed in this mode of Verilog in al_ip/sound_localization .v(104)
HDL-5007 WARNING: loop variable declaration is not allowed in this mode of Verilog in al_ip/sound_localization .v(111)
RUN-1001 : Print Global Property
RUN-1001 : ---------------------------------------------------------------
RUN-1001 :        Parameters        |  Settings  |  Default Values  |  Note  
RUN-1001 : ---------------------------------------------------------------
RUN-1001 :          message         |  standard  |     standard     |        
RUN-1001 :   mixed_pack_place_flow  |     on     |        on        |        
RUN-1001 :        qor_monitor       |    off     |       off        |        
RUN-1001 :        syn_ip_flow       |    off     |       off        |        
RUN-1001 :          thread          |    auto    |       auto       |        
RUN-1001 : ---------------------------------------------------------------
RUN-1001 : Print Design Property
RUN-1001 : --------------------------------------------------------------
RUN-1001 :        Parameters       |  Settings  |  Default Values  |  Note  
RUN-1001 : --------------------------------------------------------------
RUN-1001 :   default_reg_initial   |    auto    |       auto       |        
RUN-1001 :        infer_add        |     on     |        on        |        
RUN-1001 :        infer_fsm        |    off     |       off        |        
RUN-1001 :        infer_mult       |     on     |        on        |        
RUN-1001 :        infer_ram        |     on     |        on        |        
RUN-1001 :        infer_reg        |     on     |        on        |        
RUN-1001 :   infer_reg_init_value  |     on     |        on        |        
RUN-1001 :        infer_rom        |     on     |        on        |        
RUN-1001 :      infer_shifter      |     on     |        on        |        
RUN-1001 : --------------------------------------------------------------
RUN-1001 : Print Rtl Property
RUN-1001 : --------------------------------------------------------------
RUN-1001 :        Parameters       |  Settings  |  Default Values  |  Note  
RUN-1001 : --------------------------------------------------------------
RUN-1001 :       compress_add      |   ripple   |      ripple      |        
RUN-1001 :        elf_sload        |    off     |       off        |        
RUN-1001 :       fix_undriven      |     0      |        0         |        
RUN-1001 :         flatten         |    off     |       off        |        
RUN-1001 :       gate_sharing      |     on     |        on        |        
RUN-1001 :    hdl_warning_level    |   normal   |      normal      |        
RUN-1001 :   impl_internal_tribuf  |     on     |        on        |        
RUN-1001 :      impl_set_reset     |     on     |        on        |        
RUN-1001 :        infer_gsr        |    off     |       off        |        
RUN-1001 :      keep_hierarchy     |    auto    |       auto       |        
RUN-1001 :        max_fanout       |    9999    |       9999       |        
RUN-1001 :      max_oh2bin_len     |     10     |        10        |        
RUN-1001 :       merge_equal       |     on     |        on        |        
RUN-1001 :       merge_equiv       |     on     |        on        |        
RUN-1001 :        merge_mux        |    off     |       off        |        
RUN-1001 :     min_control_set     |     8      |        8         |        
RUN-1001 :      min_ripple_len     |    auto    |       auto       |        
RUN-1001 :       oh2bin_ratio      |    0.08    |       0.08       |        
RUN-1001 :     opt_adder_fanout    |     on     |        on        |        
RUN-1001 :        opt_arith        |     on     |        on        |        
RUN-1001 :       opt_big_gate      |    off     |       off        |        
RUN-1001 :        opt_const        |     on     |        on        |        
RUN-1001 :      opt_const_mult     |     on     |        on        |        
RUN-1001 :       opt_lessthan      |     on     |        on        |        
RUN-1001 :         opt_mux         |    off     |       off        |        
RUN-1001 :         opt_ram         |    high    |       high       |        
RUN-1001 :      rtl_sim_model      |    off     |       off        |        
RUN-1001 :         seq_syn         |     on     |        on        |        
RUN-1001 : --------------------------------------------------------------
HDL-1007 : analyze verilog file al_ip/clk_wiz_0.v
HDL-1007 : undeclared symbol 'open', assumed default net type 'wire' in al_ip/clk_wiz_0.v(80)
HDL-1007 : analyze verilog file ../RTL/audio_receive.v
HDL-1007 : analyze verilog file ../RTL/audio_send.v
HDL-1007 : analyze verilog file ../RTL/audio_speak.v
HDL-1007 : analyze verilog file ../RTL/es8388_config.v
HDL-1007 : analyze verilog file ../RTL/es8388_ctrl.v
HDL-1007 : analyze verilog file ../RTL/i2c_dri.v
HDL-1007 : analyze verilog file ../RTL/i2c_reg_cfg.v
HDL-1007 : analyze verilog file al_ip/butterfly.v
HDL-1007 : analyze verilog file al_ip/rom_128x16.v
HDL-1007 : analyze verilog file al_ip/gcc_phat.v
HDL-1007 : analyze verilog file al_ip/cross_correlate.v
HDL-1007 : analyze verilog file al_ip/tdoa_location.v
HDL-1007 : analyze verilog file al_ip/sound_localization .v
HDL-5007 WARNING: loop variable declaration is not allowed in this mode of Verilog in al_ip/sound_localization .v(36)
HDL-5007 WARNING: loop variable declaration is not allowed in this mode of Verilog in al_ip/sound_localization .v(56)
HDL-5007 WARNING: loop variable declaration is not allowed in this mode of Verilog in al_ip/sound_localization .v(62)
HDL-5007 WARNING: loop variable declaration is not allowed in this mode of Verilog in al_ip/sound_localization .v(104)
HDL-5007 WARNING: loop variable declaration is not allowed in this mode of Verilog in al_ip/sound_localization .v(111)
RUN-1001 : Print Global Property
RUN-1001 : ---------------------------------------------------------------
RUN-1001 :        Parameters        |  Settings  |  Default Values  |  Note  
RUN-1001 : ---------------------------------------------------------------
RUN-1001 :          message         |  standard  |     standard     |        
RUN-1001 :   mixed_pack_place_flow  |     on     |        on        |        
RUN-1001 :        qor_monitor       |    off     |       off        |        
RUN-1001 :        syn_ip_flow       |    off     |       off        |        
RUN-1001 :          thread          |    auto    |       auto       |        
RUN-1001 : ---------------------------------------------------------------
RUN-1001 : Print Design Property
RUN-1001 : --------------------------------------------------------------
RUN-1001 :        Parameters       |  Settings  |  Default Values  |  Note  
RUN-1001 : --------------------------------------------------------------
RUN-1001 :   default_reg_initial   |    auto    |       auto       |        
RUN-1001 :        infer_add        |     on     |        on        |        
RUN-1001 :        infer_fsm        |    off     |       off        |        
RUN-1001 :        infer_mult       |     on     |        on        |        
RUN-1001 :        infer_ram        |     on     |        on        |        
RUN-1001 :        infer_reg        |     on     |        on        |        
RUN-1001 :   infer_reg_init_value  |     on     |        on        |        
RUN-1001 :        infer_rom        |     on     |        on        |        
RUN-1001 :      infer_shifter      |     on     |        on        |        
RUN-1001 : --------------------------------------------------------------
RUN-1001 : Print Rtl Property
RUN-1001 : --------------------------------------------------------------
RUN-1001 :        Parameters       |  Settings  |  Default Values  |  Note  
RUN-1001 : --------------------------------------------------------------
RUN-1001 :       compress_add      |   ripple   |      ripple      |        
RUN-1001 :        elf_sload        |    off     |       off        |        
RUN-1001 :       fix_undriven      |     0      |        0         |        
RUN-1001 :         flatten         |    off     |       off        |        
RUN-1001 :       gate_sharing      |     on     |        on        |        
RUN-1001 :    hdl_warning_level    |   normal   |      normal      |        
RUN-1001 :   impl_internal_tribuf  |     on     |        on        |        
RUN-1001 :      impl_set_reset     |     on     |        on        |        
RUN-1001 :        infer_gsr        |    off     |       off        |        
RUN-1001 :      keep_hierarchy     |    auto    |       auto       |        
RUN-1001 :        max_fanout       |    9999    |       9999       |        
RUN-1001 :      max_oh2bin_len     |     10     |        10        |        
RUN-1001 :       merge_equal       |     on     |        on        |        
RUN-1001 :       merge_equiv       |     on     |        on        |        
RUN-1001 :        merge_mux        |    off     |       off        |        
RUN-1001 :     min_control_set     |     8      |        8         |        
RUN-1001 :      min_ripple_len     |    auto    |       auto       |        
RUN-1001 :       oh2bin_ratio      |    0.08    |       0.08       |        
RUN-1001 :     opt_adder_fanout    |     on     |        on        |        
RUN-1001 :        opt_arith        |     on     |        on        |        
RUN-1001 :       opt_big_gate      |    off     |       off        |        
RUN-1001 :        opt_const        |     on     |        on        |        
RUN-1001 :      opt_const_mult     |     on     |        on        |        
RUN-1001 :       opt_lessthan      |     on     |        on        |        
RUN-1001 :         opt_mux         |    off     |       off        |        
RUN-1001 :         opt_ram         |    high    |       high       |        
RUN-1001 :      rtl_sim_model      |    off     |       off        |        
RUN-1001 :         seq_syn         |     on     |        on        |        
RUN-1001 : --------------------------------------------------------------
HDL-1007 : analyze verilog file al_ip/clk_wiz_0.v
HDL-1007 : undeclared symbol 'open', assumed default net type 'wire' in al_ip/clk_wiz_0.v(80)
HDL-1007 : analyze verilog file ../RTL/audio_receive.v
HDL-1007 : analyze verilog file ../RTL/audio_send.v
HDL-1007 : analyze verilog file ../RTL/audio_speak.v
HDL-1007 : analyze verilog file ../RTL/es8388_config.v
HDL-1007 : analyze verilog file ../RTL/es8388_ctrl.v
HDL-1007 : analyze verilog file ../RTL/i2c_dri.v
HDL-1007 : analyze verilog file ../RTL/i2c_reg_cfg.v
HDL-1007 : analyze verilog file al_ip/rom_128x16.v
HDL-1007 : analyze verilog file al_ip/gcc_phat.v
HDL-1007 : analyze verilog file al_ip/cross_correlate.v
HDL-1007 : analyze verilog file al_ip/tdoa_location.v
HDL-1007 : analyze verilog file al_ip/sound_localization .v
HDL-5007 WARNING: loop variable declaration is not allowed in this mode of Verilog in al_ip/sound_localization .v(36)
HDL-5007 WARNING: loop variable declaration is not allowed in this mode of Verilog in al_ip/sound_localization .v(56)
HDL-5007 WARNING: loop variable declaration is not allowed in this mode of Verilog in al_ip/sound_localization .v(62)
HDL-5007 WARNING: loop variable declaration is not allowed in this mode of Verilog in al_ip/sound_localization .v(104)
HDL-5007 WARNING: loop variable declaration is not allowed in this mode of Verilog in al_ip/sound_localization .v(111)
RUN-1001 : Print Global Property
RUN-1001 : ---------------------------------------------------------------
RUN-1001 :        Parameters        |  Settings  |  Default Values  |  Note  
RUN-1001 : ---------------------------------------------------------------
RUN-1001 :          message         |  standard  |     standard     |        
RUN-1001 :   mixed_pack_place_flow  |     on     |        on        |        
RUN-1001 :        qor_monitor       |    off     |       off        |        
RUN-1001 :        syn_ip_flow       |    off     |       off        |        
RUN-1001 :          thread          |    auto    |       auto       |        
RUN-1001 : ---------------------------------------------------------------
RUN-1001 : Print Design Property
RUN-1001 : --------------------------------------------------------------
RUN-1001 :        Parameters       |  Settings  |  Default Values  |  Note  
RUN-1001 : --------------------------------------------------------------
RUN-1001 :   default_reg_initial   |    auto    |       auto       |        
RUN-1001 :        infer_add        |     on     |        on        |        
RUN-1001 :        infer_fsm        |    off     |       off        |        
RUN-1001 :        infer_mult       |     on     |        on        |        
RUN-1001 :        infer_ram        |     on     |        on        |        
RUN-1001 :        infer_reg        |     on     |        on        |        
RUN-1001 :   infer_reg_init_value  |     on     |        on        |        
RUN-1001 :        infer_rom        |     on     |        on        |        
RUN-1001 :      infer_shifter      |     on     |        on        |        
RUN-1001 : --------------------------------------------------------------
RUN-1001 : Print Rtl Property
RUN-1001 : --------------------------------------------------------------
RUN-1001 :        Parameters       |  Settings  |  Default Values  |  Note  
RUN-1001 : --------------------------------------------------------------
RUN-1001 :       compress_add      |   ripple   |      ripple      |        
RUN-1001 :        elf_sload        |    off     |       off        |        
RUN-1001 :       fix_undriven      |     0      |        0         |        
RUN-1001 :         flatten         |    off     |       off        |        
RUN-1001 :       gate_sharing      |     on     |        on        |        
RUN-1001 :    hdl_warning_level    |   normal   |      normal      |        
RUN-1001 :   impl_internal_tribuf  |     on     |        on        |        
RUN-1001 :      impl_set_reset     |     on     |        on        |        
RUN-1001 :        infer_gsr        |    off     |       off        |        
RUN-1001 :      keep_hierarchy     |    auto    |       auto       |        
RUN-1001 :        max_fanout       |    9999    |       9999       |        
RUN-1001 :      max_oh2bin_len     |     10     |        10        |        
RUN-1001 :       merge_equal       |     on     |        on        |        
RUN-1001 :       merge_equiv       |     on     |        on        |        
RUN-1001 :        merge_mux        |    off     |       off        |        
RUN-1001 :     min_control_set     |     8      |        8         |        
RUN-1001 :      min_ripple_len     |    auto    |       auto       |        
RUN-1001 :       oh2bin_ratio      |    0.08    |       0.08       |        
RUN-1001 :     opt_adder_fanout    |     on     |        on        |        
RUN-1001 :        opt_arith        |     on     |        on        |        
RUN-1001 :       opt_big_gate      |    off     |       off        |        
RUN-1001 :        opt_const        |     on     |        on        |        
RUN-1001 :      opt_const_mult     |     on     |        on        |        
RUN-1001 :       opt_lessthan      |     on     |        on        |        
RUN-1001 :         opt_mux         |    off     |       off        |        
RUN-1001 :         opt_ram         |    high    |       high       |        
RUN-1001 :      rtl_sim_model      |    off     |       off        |        
RUN-1001 :         seq_syn         |     on     |        on        |        
RUN-1001 : --------------------------------------------------------------
HDL-1007 : analyze verilog file al_ip/clk_wiz_0.v
HDL-1007 : undeclared symbol 'open', assumed default net type 'wire' in al_ip/clk_wiz_0.v(80)
HDL-1007 : analyze verilog file ../RTL/audio_receive.v
HDL-1007 : analyze verilog file ../RTL/audio_send.v
HDL-1007 : analyze verilog file ../RTL/audio_speak.v
HDL-1007 : analyze verilog file ../RTL/es8388_config.v
HDL-1007 : analyze verilog file ../RTL/es8388_ctrl.v
HDL-1007 : analyze verilog file ../RTL/i2c_dri.v
HDL-1007 : analyze verilog file ../RTL/i2c_reg_cfg.v
HDL-1007 : analyze verilog file al_ip/gcc_phat.v
HDL-1007 : analyze verilog file al_ip/cross_correlate.v
HDL-1007 : analyze verilog file al_ip/tdoa_location.v
HDL-1007 : analyze verilog file al_ip/sound_localization .v
HDL-5007 WARNING: loop variable declaration is not allowed in this mode of Verilog in al_ip/sound_localization .v(36)
HDL-5007 WARNING: loop variable declaration is not allowed in this mode of Verilog in al_ip/sound_localization .v(56)
HDL-5007 WARNING: loop variable declaration is not allowed in this mode of Verilog in al_ip/sound_localization .v(62)
HDL-5007 WARNING: loop variable declaration is not allowed in this mode of Verilog in al_ip/sound_localization .v(104)
HDL-5007 WARNING: loop variable declaration is not allowed in this mode of Verilog in al_ip/sound_localization .v(111)
RUN-1001 : Print Global Property
RUN-1001 : ---------------------------------------------------------------
RUN-1001 :        Parameters        |  Settings  |  Default Values  |  Note  
RUN-1001 : ---------------------------------------------------------------
RUN-1001 :          message         |  standard  |     standard     |        
RUN-1001 :   mixed_pack_place_flow  |     on     |        on        |        
RUN-1001 :        qor_monitor       |    off     |       off        |        
RUN-1001 :        syn_ip_flow       |    off     |       off        |        
RUN-1001 :          thread          |    auto    |       auto       |        
RUN-1001 : ---------------------------------------------------------------
RUN-1001 : Print Design Property
RUN-1001 : --------------------------------------------------------------
RUN-1001 :        Parameters       |  Settings  |  Default Values  |  Note  
RUN-1001 : --------------------------------------------------------------
RUN-1001 :   default_reg_initial   |    auto    |       auto       |        
RUN-1001 :        infer_add        |     on     |        on        |        
RUN-1001 :        infer_fsm        |    off     |       off        |        
RUN-1001 :        infer_mult       |     on     |        on        |        
RUN-1001 :        infer_ram        |     on     |        on        |        
RUN-1001 :        infer_reg        |     on     |        on        |        
RUN-1001 :   infer_reg_init_value  |     on     |        on        |        
RUN-1001 :        infer_rom        |     on     |        on        |        
RUN-1001 :      infer_shifter      |     on     |        on        |        
RUN-1001 : --------------------------------------------------------------
RUN-1001 : Print Rtl Property
RUN-1001 : --------------------------------------------------------------
RUN-1001 :        Parameters       |  Settings  |  Default Values  |  Note  
RUN-1001 : --------------------------------------------------------------
RUN-1001 :       compress_add      |   ripple   |      ripple      |        
RUN-1001 :        elf_sload        |    off     |       off        |        
RUN-1001 :       fix_undriven      |     0      |        0         |        
RUN-1001 :         flatten         |    off     |       off        |        
RUN-1001 :       gate_sharing      |     on     |        on        |        
RUN-1001 :    hdl_warning_level    |   normal   |      normal      |        
RUN-1001 :   impl_internal_tribuf  |     on     |        on        |        
RUN-1001 :      impl_set_reset     |     on     |        on        |        
RUN-1001 :        infer_gsr        |    off     |       off        |        
RUN-1001 :      keep_hierarchy     |    auto    |       auto       |        
RUN-1001 :        max_fanout       |    9999    |       9999       |        
RUN-1001 :      max_oh2bin_len     |     10     |        10        |        
RUN-1001 :       merge_equal       |     on     |        on        |        
RUN-1001 :       merge_equiv       |     on     |        on        |        
RUN-1001 :        merge_mux        |    off     |       off        |        
RUN-1001 :     min_control_set     |     8      |        8         |        
RUN-1001 :      min_ripple_len     |    auto    |       auto       |        
RUN-1001 :       oh2bin_ratio      |    0.08    |       0.08       |        
RUN-1001 :     opt_adder_fanout    |     on     |        on        |        
RUN-1001 :        opt_arith        |     on     |        on        |        
RUN-1001 :       opt_big_gate      |    off     |       off        |        
RUN-1001 :        opt_const        |     on     |        on        |        
RUN-1001 :      opt_const_mult     |     on     |        on        |        
RUN-1001 :       opt_lessthan      |     on     |        on        |        
RUN-1001 :         opt_mux         |    off     |       off        |        
RUN-1001 :         opt_ram         |    high    |       high       |        
RUN-1001 :      rtl_sim_model      |    off     |       off        |        
RUN-1001 :         seq_syn         |     on     |        on        |        
RUN-1001 : --------------------------------------------------------------
HDL-1007 : analyze verilog file al_ip/clk_wiz_0.v
HDL-1007 : undeclared symbol 'open', assumed default net type 'wire' in al_ip/clk_wiz_0.v(80)
HDL-1007 : analyze verilog file ../RTL/audio_receive.v
HDL-1007 : analyze verilog file ../RTL/audio_send.v
HDL-1007 : analyze verilog file ../RTL/audio_speak.v
HDL-1007 : analyze verilog file ../RTL/es8388_config.v
HDL-1007 : analyze verilog file ../RTL/es8388_ctrl.v
HDL-1007 : analyze verilog file ../RTL/i2c_dri.v
HDL-1007 : analyze verilog file ../RTL/i2c_reg_cfg.v
HDL-1007 : analyze verilog file al_ip/cross_correlate.v
HDL-1007 : analyze verilog file al_ip/tdoa_location.v
HDL-1007 : analyze verilog file al_ip/sound_localization .v
HDL-5007 WARNING: loop variable declaration is not allowed in this mode of Verilog in al_ip/sound_localization .v(36)
HDL-5007 WARNING: loop variable declaration is not allowed in this mode of Verilog in al_ip/sound_localization .v(56)
HDL-5007 WARNING: loop variable declaration is not allowed in this mode of Verilog in al_ip/sound_localization .v(62)
HDL-5007 WARNING: loop variable declaration is not allowed in this mode of Verilog in al_ip/sound_localization .v(104)
HDL-5007 WARNING: loop variable declaration is not allowed in this mode of Verilog in al_ip/sound_localization .v(111)
RUN-1001 : Print Global Property
RUN-1001 : ---------------------------------------------------------------
RUN-1001 :        Parameters        |  Settings  |  Default Values  |  Note  
RUN-1001 : ---------------------------------------------------------------
RUN-1001 :          message         |  standard  |     standard     |        
RUN-1001 :   mixed_pack_place_flow  |     on     |        on        |        
RUN-1001 :        qor_monitor       |    off     |       off        |        
RUN-1001 :        syn_ip_flow       |    off     |       off        |        
RUN-1001 :          thread          |    auto    |       auto       |        
RUN-1001 : ---------------------------------------------------------------
RUN-1001 : Print Design Property
RUN-1001 : --------------------------------------------------------------
RUN-1001 :        Parameters       |  Settings  |  Default Values  |  Note  
RUN-1001 : --------------------------------------------------------------
RUN-1001 :   default_reg_initial   |    auto    |       auto       |        
RUN-1001 :        infer_add        |     on     |        on        |        
RUN-1001 :        infer_fsm        |    off     |       off        |        
RUN-1001 :        infer_mult       |     on     |        on        |        
RUN-1001 :        infer_ram        |     on     |        on        |        
RUN-1001 :        infer_reg        |     on     |        on        |        
RUN-1001 :   infer_reg_init_value  |     on     |        on        |        
RUN-1001 :        infer_rom        |     on     |        on        |        
RUN-1001 :      infer_shifter      |     on     |        on        |        
RUN-1001 : --------------------------------------------------------------
RUN-1001 : Print Rtl Property
RUN-1001 : --------------------------------------------------------------
RUN-1001 :        Parameters       |  Settings  |  Default Values  |  Note  
RUN-1001 : --------------------------------------------------------------
RUN-1001 :       compress_add      |   ripple   |      ripple      |        
RUN-1001 :        elf_sload        |    off     |       off        |        
RUN-1001 :       fix_undriven      |     0      |        0         |        
RUN-1001 :         flatten         |    off     |       off        |        
RUN-1001 :       gate_sharing      |     on     |        on        |        
RUN-1001 :    hdl_warning_level    |   normal   |      normal      |        
RUN-1001 :   impl_internal_tribuf  |     on     |        on        |        
RUN-1001 :      impl_set_reset     |     on     |        on        |        
RUN-1001 :        infer_gsr        |    off     |       off        |        
RUN-1001 :      keep_hierarchy     |    auto    |       auto       |        
RUN-1001 :        max_fanout       |    9999    |       9999       |        
RUN-1001 :      max_oh2bin_len     |     10     |        10        |        
RUN-1001 :       merge_equal       |     on     |        on        |        
RUN-1001 :       merge_equiv       |     on     |        on        |        
RUN-1001 :        merge_mux        |    off     |       off        |        
RUN-1001 :     min_control_set     |     8      |        8         |        
RUN-1001 :      min_ripple_len     |    auto    |       auto       |        
RUN-1001 :       oh2bin_ratio      |    0.08    |       0.08       |        
RUN-1001 :     opt_adder_fanout    |     on     |        on        |        
RUN-1001 :        opt_arith        |     on     |        on        |        
RUN-1001 :       opt_big_gate      |    off     |       off        |        
RUN-1001 :        opt_const        |     on     |        on        |        
RUN-1001 :      opt_const_mult     |     on     |        on        |        
RUN-1001 :       opt_lessthan      |     on     |        on        |        
RUN-1001 :         opt_mux         |    off     |       off        |        
RUN-1001 :         opt_ram         |    high    |       high       |        
RUN-1001 :      rtl_sim_model      |    off     |       off        |        
RUN-1001 :         seq_syn         |     on     |        on        |        
RUN-1001 : --------------------------------------------------------------
HDL-1007 : analyze verilog file al_ip/clk_wiz_0.v
HDL-1007 : undeclared symbol 'open', assumed default net type 'wire' in al_ip/clk_wiz_0.v(80)
HDL-1007 : analyze verilog file ../RTL/audio_receive.v
HDL-1007 : analyze verilog file ../RTL/audio_send.v
HDL-1007 : analyze verilog file ../RTL/audio_speak.v
HDL-1007 : analyze verilog file ../RTL/es8388_config.v
HDL-1007 : analyze verilog file ../RTL/es8388_ctrl.v
HDL-1007 : analyze verilog file ../RTL/i2c_dri.v
HDL-1007 : analyze verilog file ../RTL/i2c_reg_cfg.v
HDL-1007 : analyze verilog file al_ip/tdoa_location.v
HDL-1007 : analyze verilog file al_ip/sound_localization .v
HDL-5007 WARNING: loop variable declaration is not allowed in this mode of Verilog in al_ip/sound_localization .v(36)
HDL-5007 WARNING: loop variable declaration is not allowed in this mode of Verilog in al_ip/sound_localization .v(56)
HDL-5007 WARNING: loop variable declaration is not allowed in this mode of Verilog in al_ip/sound_localization .v(62)
HDL-5007 WARNING: loop variable declaration is not allowed in this mode of Verilog in al_ip/sound_localization .v(104)
HDL-5007 WARNING: loop variable declaration is not allowed in this mode of Verilog in al_ip/sound_localization .v(111)
RUN-1001 : Print Global Property
RUN-1001 : ---------------------------------------------------------------
RUN-1001 :        Parameters        |  Settings  |  Default Values  |  Note  
RUN-1001 : ---------------------------------------------------------------
RUN-1001 :          message         |  standard  |     standard     |        
RUN-1001 :   mixed_pack_place_flow  |     on     |        on        |        
RUN-1001 :        qor_monitor       |    off     |       off        |        
RUN-1001 :        syn_ip_flow       |    off     |       off        |        
RUN-1001 :          thread          |    auto    |       auto       |        
RUN-1001 : ---------------------------------------------------------------
RUN-1001 : Print Design Property
RUN-1001 : --------------------------------------------------------------
RUN-1001 :        Parameters       |  Settings  |  Default Values  |  Note  
RUN-1001 : --------------------------------------------------------------
RUN-1001 :   default_reg_initial   |    auto    |       auto       |        
RUN-1001 :        infer_add        |     on     |        on        |        
RUN-1001 :        infer_fsm        |    off     |       off        |        
RUN-1001 :        infer_mult       |     on     |        on        |        
RUN-1001 :        infer_ram        |     on     |        on        |        
RUN-1001 :        infer_reg        |     on     |        on        |        
RUN-1001 :   infer_reg_init_value  |     on     |        on        |        
RUN-1001 :        infer_rom        |     on     |        on        |        
RUN-1001 :      infer_shifter      |     on     |        on        |        
RUN-1001 : --------------------------------------------------------------
RUN-1001 : Print Rtl Property
RUN-1001 : --------------------------------------------------------------
RUN-1001 :        Parameters       |  Settings  |  Default Values  |  Note  
RUN-1001 : --------------------------------------------------------------
RUN-1001 :       compress_add      |   ripple   |      ripple      |        
RUN-1001 :        elf_sload        |    off     |       off        |        
RUN-1001 :       fix_undriven      |     0      |        0         |        
RUN-1001 :         flatten         |    off     |       off        |        
RUN-1001 :       gate_sharing      |     on     |        on        |        
RUN-1001 :    hdl_warning_level    |   normal   |      normal      |        
RUN-1001 :   impl_internal_tribuf  |     on     |        on        |        
RUN-1001 :      impl_set_reset     |     on     |        on        |        
RUN-1001 :        infer_gsr        |    off     |       off        |        
RUN-1001 :      keep_hierarchy     |    auto    |       auto       |        
RUN-1001 :        max_fanout       |    9999    |       9999       |        
RUN-1001 :      max_oh2bin_len     |     10     |        10        |        
RUN-1001 :       merge_equal       |     on     |        on        |        
RUN-1001 :       merge_equiv       |     on     |        on        |        
RUN-1001 :        merge_mux        |    off     |       off        |        
RUN-1001 :     min_control_set     |     8      |        8         |        
RUN-1001 :      min_ripple_len     |    auto    |       auto       |        
RUN-1001 :       oh2bin_ratio      |    0.08    |       0.08       |        
RUN-1001 :     opt_adder_fanout    |     on     |        on        |        
RUN-1001 :        opt_arith        |     on     |        on        |        
RUN-1001 :       opt_big_gate      |    off     |       off        |        
RUN-1001 :        opt_const        |     on     |        on        |        
RUN-1001 :      opt_const_mult     |     on     |        on        |        
RUN-1001 :       opt_lessthan      |     on     |        on        |        
RUN-1001 :         opt_mux         |    off     |       off        |        
RUN-1001 :         opt_ram         |    high    |       high       |        
RUN-1001 :      rtl_sim_model      |    off     |       off        |        
RUN-1001 :         seq_syn         |     on     |        on        |        
RUN-1001 : --------------------------------------------------------------
HDL-1007 : analyze verilog file al_ip/clk_wiz_0.v
HDL-1007 : undeclared symbol 'open', assumed default net type 'wire' in al_ip/clk_wiz_0.v(80)
HDL-1007 : analyze verilog file ../RTL/audio_receive.v
HDL-1007 : analyze verilog file ../RTL/audio_send.v
HDL-1007 : analyze verilog file ../RTL/audio_speak.v
HDL-1007 : analyze verilog file ../RTL/es8388_config.v
HDL-1007 : analyze verilog file ../RTL/es8388_ctrl.v
HDL-1007 : analyze verilog file ../RTL/i2c_dri.v
HDL-1007 : analyze verilog file ../RTL/i2c_reg_cfg.v
HDL-1007 : analyze verilog file al_ip/sound_localization .v
HDL-5007 WARNING: loop variable declaration is not allowed in this mode of Verilog in al_ip/sound_localization .v(36)
HDL-5007 WARNING: loop variable declaration is not allowed in this mode of Verilog in al_ip/sound_localization .v(56)
HDL-5007 WARNING: loop variable declaration is not allowed in this mode of Verilog in al_ip/sound_localization .v(62)
HDL-5007 WARNING: loop variable declaration is not allowed in this mode of Verilog in al_ip/sound_localization .v(104)
HDL-5007 WARNING: loop variable declaration is not allowed in this mode of Verilog in al_ip/sound_localization .v(111)
RUN-1001 : Print Global Property
RUN-1001 : ---------------------------------------------------------------
RUN-1001 :        Parameters        |  Settings  |  Default Values  |  Note  
RUN-1001 : ---------------------------------------------------------------
RUN-1001 :          message         |  standard  |     standard     |        
RUN-1001 :   mixed_pack_place_flow  |     on     |        on        |        
RUN-1001 :        qor_monitor       |    off     |       off        |        
RUN-1001 :        syn_ip_flow       |    off     |       off        |        
RUN-1001 :          thread          |    auto    |       auto       |        
RUN-1001 : ---------------------------------------------------------------
RUN-1001 : Print Design Property
RUN-1001 : --------------------------------------------------------------
RUN-1001 :        Parameters       |  Settings  |  Default Values  |  Note  
RUN-1001 : --------------------------------------------------------------
RUN-1001 :   default_reg_initial   |    auto    |       auto       |        
RUN-1001 :        infer_add        |     on     |        on        |        
RUN-1001 :        infer_fsm        |    off     |       off        |        
RUN-1001 :        infer_mult       |     on     |        on        |        
RUN-1001 :        infer_ram        |     on     |        on        |        
RUN-1001 :        infer_reg        |     on     |        on        |        
RUN-1001 :   infer_reg_init_value  |     on     |        on        |        
RUN-1001 :        infer_rom        |     on     |        on        |        
RUN-1001 :      infer_shifter      |     on     |        on        |        
RUN-1001 : --------------------------------------------------------------
RUN-1001 : Print Rtl Property
RUN-1001 : --------------------------------------------------------------
RUN-1001 :        Parameters       |  Settings  |  Default Values  |  Note  
RUN-1001 : --------------------------------------------------------------
RUN-1001 :       compress_add      |   ripple   |      ripple      |        
RUN-1001 :        elf_sload        |    off     |       off        |        
RUN-1001 :       fix_undriven      |     0      |        0         |        
RUN-1001 :         flatten         |    off     |       off        |        
RUN-1001 :       gate_sharing      |     on     |        on        |        
RUN-1001 :    hdl_warning_level    |   normal   |      normal      |        
RUN-1001 :   impl_internal_tribuf  |     on     |        on        |        
RUN-1001 :      impl_set_reset     |     on     |        on        |        
RUN-1001 :        infer_gsr        |    off     |       off        |        
RUN-1001 :      keep_hierarchy     |    auto    |       auto       |        
RUN-1001 :        max_fanout       |    9999    |       9999       |        
RUN-1001 :      max_oh2bin_len     |     10     |        10        |        
RUN-1001 :       merge_equal       |     on     |        on        |        
RUN-1001 :       merge_equiv       |     on     |        on        |        
RUN-1001 :        merge_mux        |    off     |       off        |        
RUN-1001 :     min_control_set     |     8      |        8         |        
RUN-1001 :      min_ripple_len     |    auto    |       auto       |        
RUN-1001 :       oh2bin_ratio      |    0.08    |       0.08       |        
RUN-1001 :     opt_adder_fanout    |     on     |        on        |        
RUN-1001 :        opt_arith        |     on     |        on        |        
RUN-1001 :       opt_big_gate      |    off     |       off        |        
RUN-1001 :        opt_const        |     on     |        on        |        
RUN-1001 :      opt_const_mult     |     on     |        on        |        
RUN-1001 :       opt_lessthan      |     on     |        on        |        
RUN-1001 :         opt_mux         |    off     |       off        |        
RUN-1001 :         opt_ram         |    high    |       high       |        
RUN-1001 :      rtl_sim_model      |    off     |       off        |        
RUN-1001 :         seq_syn         |     on     |        on        |        
RUN-1001 : --------------------------------------------------------------
HDL-1007 : analyze verilog file al_ip/clk_wiz_0.v
HDL-1007 : undeclared symbol 'open', assumed default net type 'wire' in al_ip/clk_wiz_0.v(80)
HDL-1007 : analyze verilog file ../RTL/audio_receive.v
HDL-1007 : analyze verilog file ../RTL/audio_send.v
HDL-1007 : analyze verilog file ../RTL/audio_speak.v
HDL-1007 : analyze verilog file ../RTL/es8388_config.v
HDL-1007 : analyze verilog file ../RTL/es8388_ctrl.v
HDL-1007 : analyze verilog file ../RTL/i2c_dri.v
HDL-1007 : analyze verilog file ../RTL/i2c_reg_cfg.v
RUN-1001 : reset_run syn_1 phy_1.
RUN-1001 : launch_runs syn_1 phy_1  -jobs 6.
RUN-6001 WARNING: syn_1: run failed.
RUN-1001 : open_run syn_1.
RUN-1002 : start command "import_db C:/Users/Lviva/Desktop/es8388_3MIC/TD/ES8388_Runs/syn_1/ES8388_elaborate.db"
RUN-1001 : Importing database generated by Tang Dynasty, V5.6.71036.
RUN-1001 : Database version number 46146.
RUN-1001 : Import flow parameters
RUN-1001 : Import IO constraints
RUN-1001 : Import Inst constraints
RUN-1001 : Import design success TD_VERSION=5.6.71036 , DB_VERSION=46146
RUN-1001 : reset_run syn_1 phy_1.
RUN-1001 : launch_runs syn_1 phy_1  -jobs 6.
RUN-1001 : syn_1: run complete.
RUN-1001 : phy_1: run complete.
RUN-1001 : open_run phy_1.
RUN-1002 : start command "import_db C:/Users/Lviva/Desktop/es8388_3MIC/TD/ES8388_Runs/phy_1/ES8388_pr.db"
RUN-1001 : Importing database generated by Tang Dynasty, V5.6.71036.
RUN-1001 : Database version number 46146.
RUN-1001 : Import flow parameters
PHY-1001 : Generate detailed routing grids ...
PHY-1001 : Processed IO instance aud_dacdat_syn_4 with INV attribute.
PHY-1001 : Processed IO instance aud_dacdat_1_syn_4 with INV attribute.
PHY-1001 : Processed IO instance aud_dacdat_2_syn_4 with INV attribute.
PHY-1001 : Generate nets ...
PHY-1001 : clock net aud_bclk_syn_4 will be merged with clock aud_bclk_dup_1
PHY-1001 : clock net aud_bclk_1_syn_4 will be merged with clock aud_bclk_1_dup_1
PHY-1001 : net aud_bclk_2_dup_1 will be routed on clock mesh
PHY-1001 : net aud_mclk_dup_1 will be routed on clock mesh
PHY-1001 : net aud_mclk_1_dup_1 will be routed on clock mesh
PHY-1001 : net aud_mclk_2_dup_1 will be routed on clock mesh
PHY-1001 : clock net ilaclk_dup_1 will be merged with clock u_pll_clk/clk0_buf
PHY-1001 : clock net ilaclk_1_dup_1 will be merged with clock u1_pll_clk/clk0_buf
PHY-1001 : clock net ilaclk_2_dup_1 will be merged with clock u2_pll_clk/clk0_buf
PHY-1001 : net sys_clk_dup_1 will be routed on clock mesh
PHY-1001 : clock net u1_es8388_ctrl/u_es8388_config/u_i2c_dri/dri_clk_syn_4 will be merged with clock u1_es8388_ctrl/u_es8388_config/u_i2c_dri/dri_clk
PHY-1001 : clock net u_es8388_ctrl/u_es8388_config/u_i2c_dri/dri_clk_syn_4 will be merged with clock u_es8388_ctrl/u_es8388_config/u_i2c_dri/dri_clk
PHY-1001 : clock net u2_es8388_ctrl/u_es8388_config/u_i2c_dri/dri_clk_syn_4 will be merged with clock u2_es8388_ctrl/u_es8388_config/u_i2c_dri/dri_clk
PHY-1001 : eco open net = 0
PHY-1001 : 14 feed throughs used by 14 nets
RUN-1001 : Import IO constraints
RUN-1001 : Import Inst constraints
RUN-1001 : Import design success TD_VERSION=5.6.71036 , DB_VERSION=46146
HDL-1007 : analyze verilog file ../RTL/audio_speak.v
HDL-8007 ERROR: syntax error near 'output' in ../RTL/audio_speak.v(41)
HDL-8007 ERROR: Verilog 2000 keyword 'output' used in incorrect context in ../RTL/audio_speak.v(41)
HDL-1007 : Verilog file '../RTL/audio_speak.v' ignored due to errors
HDL-1007 : analyze verilog file ../RTL/audio_speak.v
RUN-1001 : reset_run syn_1 phy_1.
RUN-1001 : launch_runs syn_1 phy_1  -jobs 6.
RUN-1001 : syn_1: run complete.
RUN-1001 : phy_1: run complete.
RUN-1001 : open_run phy_1.
RUN-1002 : start command "import_db C:/Users/Lviva/Desktop/es8388_3MIC/TD/ES8388_Runs/phy_1/ES8388_pr.db"
RUN-1001 : Importing database generated by Tang Dynasty, V5.6.71036.
RUN-1001 : Database version number 46146.
RUN-1001 : Import flow parameters
PHY-1001 : Generate detailed routing grids ...
PHY-1001 : Processed IO instance aud_dacdat_syn_4 with INV attribute.
PHY-1001 : Processed IO instance aud_dacdat_1_syn_4 with INV attribute.
PHY-1001 : Processed IO instance aud_dacdat_2_syn_4 with INV attribute.
PHY-1001 : Generate nets ...
PHY-1001 : clock net aud_bclk_syn_4 will be merged with clock aud_bclk_dup_1
PHY-1001 : clock net aud_bclk_1_syn_4 will be merged with clock aud_bclk_1_dup_1
PHY-1001 : net aud_bclk_2_dup_1 will be routed on clock mesh
PHY-1001 : net aud_mclk_dup_1 will be routed on clock mesh
PHY-1001 : net aud_mclk_1_dup_1 will be routed on clock mesh
PHY-1001 : net aud_mclk_2_dup_1 will be routed on clock mesh
PHY-1001 : clock net ilaclk_dup_1 will be merged with clock u_pll_clk/clk0_buf
PHY-1001 : clock net ilaclk_1_dup_1 will be merged with clock u1_pll_clk/clk0_buf
PHY-1001 : clock net ilaclk_2_dup_1 will be merged with clock u2_pll_clk/clk0_buf
PHY-1001 : net sys_clk_dup_1 will be routed on clock mesh
PHY-1001 : clock net u1_es8388_ctrl/u_es8388_config/u_i2c_dri/dri_clk_syn_4 will be merged with clock u1_es8388_ctrl/u_es8388_config/u_i2c_dri/dri_clk
PHY-1001 : clock net u_es8388_ctrl/u_es8388_config/u_i2c_dri/dri_clk_syn_4 will be merged with clock u_es8388_ctrl/u_es8388_config/u_i2c_dri/dri_clk
PHY-1001 : clock net u2_es8388_ctrl/u_es8388_config/u_i2c_dri/dri_clk_syn_4 will be merged with clock u2_es8388_ctrl/u_es8388_config/u_i2c_dri/dri_clk
PHY-1001 : eco open net = 0
PHY-1001 : 20 feed throughs used by 15 nets
RUN-1001 : Import IO constraints
RUN-1001 : Import Inst constraints
RUN-1001 : Import design success TD_VERSION=5.6.71036 , DB_VERSION=46146
RUN-1002 : start command "download -bit ES8388_Runs\phy_1\ES8388.bit -mode jtag -spd 7 -sec 64 -cable 0"
PRG-2014 : Chip validation success: EAGLE_S20_BG256
RUN-1002 : start command "bit_to_vec -chip EAGLE_S20_BG256 -m jtag_burst -freq 4 -bit ES8388_Runs/phy_1/ES8388.bit"
RUN-1002 : start command "program -cable 0 -mode svf -spd 7 -p"
RUN-1003 : finish command "program -cable 0 -mode svf -spd 7 -p" in  6.253367s wall, 0.093750s user + 0.421875s system = 0.515625s CPU (8.2%)

RUN-1004 : used memory is 580 MB, reserved memory is 503 MB, peak memory is 596 MB
RUN-1003 : finish command "download -bit ES8388_Runs\phy_1\ES8388.bit -mode jtag -spd 7 -sec 64 -cable 0" in  6.621275s wall, 0.140625s user + 0.453125s system = 0.593750s CPU (9.0%)

RUN-1004 : used memory is 580 MB, reserved memory is 503 MB, peak memory is 596 MB
GUI-1001 : Downloading succeeded!
RUN-1001 : reset_run syn_1 phy_1.
GUI-6001 WARNING: File C:/Users/Lviva/Desktop/es8388_3MIC/TD/ES8388_Runs/phy_1/ES8388.bit does not exist!
RUN-1001 : launch_runs syn_1 phy_1  -jobs 6.
RUN-1001 : syn_1: run complete.
RUN-1001 : phy_1: run complete.
RUN-1001 : open_run phy_1.
RUN-1002 : start command "import_db C:/Users/Lviva/Desktop/es8388_3MIC/TD/ES8388_Runs/phy_1/ES8388_pr.db"
RUN-1001 : Importing database generated by Tang Dynasty, V5.6.71036.
RUN-1001 : Database version number 46146.
RUN-1001 : Import flow parameters
PHY-1001 : Generate detailed routing grids ...
PHY-1001 : Processed IO instance aud_dacdat_syn_4 with INV attribute.
PHY-1001 : Processed IO instance aud_dacdat_1_syn_4 with INV attribute.
PHY-1001 : Processed IO instance aud_dacdat_2_syn_4 with INV attribute.
PHY-1001 : Generate nets ...
PHY-1001 : clock net aud_bclk_syn_4 will be merged with clock aud_bclk_dup_1
PHY-1001 : clock net aud_bclk_1_syn_4 will be merged with clock aud_bclk_1_dup_1
PHY-1001 : net aud_bclk_2_dup_1 will be routed on clock mesh
PHY-1001 : net aud_mclk_dup_1 will be routed on clock mesh
PHY-1001 : net aud_mclk_1_dup_1 will be routed on clock mesh
PHY-1001 : net aud_mclk_2_dup_1 will be routed on clock mesh
PHY-1001 : clock net ilaclk_dup_1 will be merged with clock u_pll_clk/clk0_buf
PHY-1001 : clock net ilaclk_1_dup_1 will be merged with clock u1_pll_clk/clk0_buf
PHY-1001 : clock net ilaclk_2_dup_1 will be merged with clock u2_pll_clk/clk0_buf
PHY-1001 : net sys_clk_dup_1 will be routed on clock mesh
PHY-1001 : clock net u1_es8388_ctrl/u_es8388_config/u_i2c_dri/dri_clk_syn_4 will be merged with clock u1_es8388_ctrl/u_es8388_config/u_i2c_dri/dri_clk
PHY-1001 : clock net u_es8388_ctrl/u_es8388_config/u_i2c_dri/dri_clk_syn_4 will be merged with clock u_es8388_ctrl/u_es8388_config/u_i2c_dri/dri_clk
PHY-1001 : clock net u2_es8388_ctrl/u_es8388_config/u_i2c_dri/dri_clk_syn_4 will be merged with clock u2_es8388_ctrl/u_es8388_config/u_i2c_dri/dri_clk
PHY-1001 : eco open net = 0
PHY-1001 : 25 feed throughs used by 20 nets
RUN-1001 : Import IO constraints
RUN-1001 : Import Inst constraints
RUN-1001 : Import design success TD_VERSION=5.6.71036 , DB_VERSION=46146
RUN-1002 : start command "download -bit ES8388_Runs\phy_1\ES8388.bit -mode jtag -spd 7 -sec 64 -cable 0"
PRG-2014 : Chip validation success: EAGLE_S20_BG256
RUN-1002 : start command "bit_to_vec -chip EAGLE_S20_BG256 -m jtag_burst -freq 4 -bit ES8388_Runs/phy_1/ES8388.bit"
RUN-1002 : start command "program -cable 0 -mode svf -spd 7 -p"
RUN-1003 : finish command "program -cable 0 -mode svf -spd 7 -p" in  6.264280s wall, 0.046875s user + 0.312500s system = 0.359375s CPU (5.7%)

RUN-1004 : used memory is 595 MB, reserved memory is 515 MB, peak memory is 611 MB
RUN-1003 : finish command "download -bit ES8388_Runs\phy_1\ES8388.bit -mode jtag -spd 7 -sec 64 -cable 0" in  6.631863s wall, 0.140625s user + 0.375000s system = 0.515625s CPU (7.8%)

RUN-1004 : used memory is 595 MB, reserved memory is 515 MB, peak memory is 611 MB
GUI-1001 : Downloading succeeded!
RUN-1001 : reset_run syn_1 phy_1.
GUI-6001 WARNING: File C:/Users/Lviva/Desktop/es8388_3MIC/TD/ES8388_Runs/phy_1/ES8388.bit does not exist!
RUN-1001 : launch_runs syn_1 phy_1  -jobs 6.
RUN-1001 : syn_1: run complete.
RUN-1001 : phy_1: run complete.
RUN-1001 : open_run phy_1.
RUN-1002 : start command "import_db C:/Users/Lviva/Desktop/es8388_3MIC/TD/ES8388_Runs/phy_1/ES8388_pr.db"
RUN-1001 : Importing database generated by Tang Dynasty, V5.6.71036.
RUN-1001 : Database version number 46146.
RUN-1001 : Import flow parameters
PHY-1001 : Generate detailed routing grids ...
PHY-1001 : Processed IO instance aud_dacdat_syn_4 with INV attribute.
PHY-1001 : Processed IO instance aud_dacdat_1_syn_4 with INV attribute.
PHY-1001 : Processed IO instance aud_dacdat_2_syn_4 with INV attribute.
PHY-1001 : Generate nets ...
PHY-1001 : clock net aud_bclk_syn_4 will be merged with clock aud_bclk_dup_1
PHY-1001 : clock net aud_bclk_1_syn_4 will be merged with clock aud_bclk_1_dup_1
PHY-1001 : net aud_bclk_2_dup_1 will be routed on clock mesh
PHY-1001 : net aud_mclk_dup_1 will be routed on clock mesh
PHY-1001 : net aud_mclk_1_dup_1 will be routed on clock mesh
PHY-1001 : net aud_mclk_2_dup_1 will be routed on clock mesh
PHY-1001 : clock net ilaclk_dup_1 will be merged with clock u_pll_clk/clk0_buf
PHY-1001 : clock net ilaclk_1_dup_1 will be merged with clock u1_pll_clk/clk0_buf
PHY-1001 : clock net ilaclk_2_dup_1 will be merged with clock u2_pll_clk/clk0_buf
PHY-1001 : net sys_clk_dup_1 will be routed on clock mesh
PHY-1001 : clock net u1_es8388_ctrl/u_es8388_config/u_i2c_dri/dri_clk_syn_4 will be merged with clock u1_es8388_ctrl/u_es8388_config/u_i2c_dri/dri_clk
PHY-1001 : clock net u_es8388_ctrl/u_es8388_config/u_i2c_dri/dri_clk_syn_4 will be merged with clock u_es8388_ctrl/u_es8388_config/u_i2c_dri/dri_clk
PHY-1001 : clock net u2_es8388_ctrl/u_es8388_config/u_i2c_dri/dri_clk_syn_4 will be merged with clock u2_es8388_ctrl/u_es8388_config/u_i2c_dri/dri_clk
PHY-1001 : eco open net = 0
PHY-1001 : 20 feed throughs used by 15 nets
RUN-1001 : Import IO constraints
RUN-1001 : Import Inst constraints
RUN-1001 : Import design success TD_VERSION=5.6.71036 , DB_VERSION=46146
RUN-1002 : start command "download -bit ES8388_Runs\phy_1\ES8388.bit -mode jtag -spd 7 -sec 64 -cable 0"
PRG-2014 : Chip validation success: EAGLE_S20_BG256
RUN-1002 : start command "bit_to_vec -chip EAGLE_S20_BG256 -m jtag_burst -freq 4 -bit ES8388_Runs/phy_1/ES8388.bit"
RUN-1002 : start command "program -cable 0 -mode svf -spd 7 -p"
RUN-1003 : finish command "program -cable 0 -mode svf -spd 7 -p" in  6.259021s wall, 0.062500s user + 0.250000s system = 0.312500s CPU (5.0%)

RUN-1004 : used memory is 599 MB, reserved memory is 525 MB, peak memory is 616 MB
RUN-1003 : finish command "download -bit ES8388_Runs\phy_1\ES8388.bit -mode jtag -spd 7 -sec 64 -cable 0" in  6.629734s wall, 0.109375s user + 0.281250s system = 0.390625s CPU (5.9%)

RUN-1004 : used memory is 599 MB, reserved memory is 525 MB, peak memory is 616 MB
GUI-1001 : Downloading succeeded!
RUN-1002 : start command "download -bit ES8388_Runs\phy_1\ES8388.bit -mode jtag -spd 7 -sec 64 -cable 0"
PRG-2014 : Chip validation success: EAGLE_S20_BG256
RUN-1002 : start command "bit_to_vec -chip EAGLE_S20_BG256 -m jtag_burst -freq 4 -bit ES8388_Runs/phy_1/ES8388.bit"
RUN-1002 : start command "program -cable 0 -mode svf -spd 7 -p"
RUN-1003 : finish command "program -cable 0 -mode svf -spd 7 -p" in  6.252037s wall, 0.171875s user + 0.453125s system = 0.625000s CPU (10.0%)

RUN-1004 : used memory is 601 MB, reserved memory is 527 MB, peak memory is 619 MB
RUN-1003 : finish command "download -bit ES8388_Runs\phy_1\ES8388.bit -mode jtag -spd 7 -sec 64 -cable 0" in  6.618941s wall, 0.203125s user + 0.531250s system = 0.734375s CPU (11.1%)

RUN-1004 : used memory is 601 MB, reserved memory is 527 MB, peak memory is 619 MB
GUI-1001 : Downloading succeeded!
RUN-1001 : reset_run syn_1 phy_1.
GUI-6001 WARNING: File C:/Users/Lviva/Desktop/es8388_3MIC/TD/ES8388_Runs/phy_1/ES8388.bit does not exist!
RUN-1001 : launch_runs syn_1 phy_1  -jobs 6.
RUN-6001 WARNING: syn_1: run failed.
RUN-1001 : open_run syn_1.
RUN-1002 : start command "import_db C:/Users/Lviva/Desktop/es8388_3MIC/TD/ES8388_Runs/syn_1/ES8388_elaborate.db"
RUN-1001 : Importing database generated by Tang Dynasty, V5.6.71036.
RUN-1001 : Database version number 46146.
RUN-1001 : Import flow parameters
RUN-1001 : Import IO constraints
RUN-1001 : Import Inst constraints
RUN-1001 : Import design success TD_VERSION=5.6.71036 , DB_VERSION=46146
RUN-1001 : reset_run syn_1 phy_1.
RUN-1001 : launch_runs syn_1 phy_1  -jobs 6.
RUN-1001 : syn_1: run complete.
RUN-1001 : phy_1: run complete.
RUN-1001 : open_run phy_1.
RUN-1002 : start command "import_db C:/Users/Lviva/Desktop/es8388_3MIC/TD/ES8388_Runs/phy_1/ES8388_pr.db"
RUN-1001 : Importing database generated by Tang Dynasty, V5.6.71036.
RUN-1001 : Database version number 46146.
RUN-1001 : Import flow parameters
PHY-1001 : Generate detailed routing grids ...
PHY-1001 : Processed IO instance aud_dacdat_syn_4 with INV attribute.
PHY-1001 : Processed IO instance aud_dacdat_1_syn_4 with INV attribute.
PHY-1001 : Processed IO instance aud_dacdat_2_syn_4 with INV attribute.
PHY-1001 : Generate nets ...
PHY-1001 : clock net aud_bclk_syn_4 will be merged with clock aud_bclk_dup_1
PHY-1001 : clock net aud_bclk_1_syn_4 will be merged with clock aud_bclk_1_dup_1
PHY-1001 : clock net aud_bclk_2_syn_4 will be merged with clock aud_bclk_2_dup_1
PHY-1001 : net aud_mclk_dup_1 will be routed on clock mesh
PHY-1001 : net aud_mclk_1_dup_1 will be routed on clock mesh
PHY-1001 : net aud_mclk_2_dup_1 will be routed on clock mesh
PHY-1001 : clock net ilaclk_dup_1 will be merged with clock u_pll_clk/clk0_buf
PHY-1001 : clock net ilaclk_1_dup_1 will be merged with clock u1_pll_clk/clk0_buf
PHY-1001 : clock net ilaclk_2_dup_1 will be merged with clock u2_pll_clk/clk0_buf
PHY-1001 : net sys_clk_dup_1 will be routed on clock mesh
PHY-1001 : clock net u1_es8388_ctrl/u_es8388_config/u_i2c_dri/dri_clk_syn_4 will be merged with clock u1_es8388_ctrl/u_es8388_config/u_i2c_dri/dri_clk
PHY-1001 : clock net u_es8388_ctrl/u_es8388_config/u_i2c_dri/dri_clk_syn_4 will be merged with clock u_es8388_ctrl/u_es8388_config/u_i2c_dri/dri_clk
PHY-1001 : clock net u2_es8388_ctrl/u_es8388_config/u_i2c_dri/dri_clk_syn_4 will be merged with clock u2_es8388_ctrl/u_es8388_config/u_i2c_dri/dri_clk
PHY-1001 : eco open net = 0
PHY-1001 : 12 feed throughs used by 11 nets
RUN-1001 : Import IO constraints
RUN-1001 : Import Inst constraints
RUN-1001 : Import design success TD_VERSION=5.6.71036 , DB_VERSION=46146
RUN-1002 : start command "download -bit ES8388_Runs\phy_1\ES8388.bit -mode jtag -spd 7 -sec 64 -cable 0"
PRG-9505 ERROR: USB device open error, please re-connect the USB cable!
PRG-9505 ERROR: USB device open error, please re-connect the USB cable!
PRG-9525 ERROR: Chip validation failed! Please check the connection or type of chip!
GUI-8702 ERROR: Downloading failed!
GUI-5005 WARNING: Unknown file icon ...
RUN-1002 : start command "download -bit ES8388_Runs\phy_1\ES8388.bit -mode jtag -spd 7 -sec 64 -cable 0"
PRG-2014 : Chip validation success: EAGLE_S20_BG256
RUN-1002 : start command "bit_to_vec -chip EAGLE_S20_BG256 -m jtag_burst -freq 4 -bit ES8388_Runs/phy_1/ES8388.bit"
RUN-1002 : start command "program -cable 0 -mode svf -spd 7 -p"
RUN-1003 : finish command "program -cable 0 -mode svf -spd 7 -p" in  6.303776s wall, 0.140625s user + 0.328125s system = 0.468750s CPU (7.4%)

RUN-1004 : used memory is 625 MB, reserved memory is 543 MB, peak memory is 642 MB
RUN-1003 : finish command "download -bit ES8388_Runs\phy_1\ES8388.bit -mode jtag -spd 7 -sec 64 -cable 0" in  6.671375s wall, 0.156250s user + 0.375000s system = 0.531250s CPU (8.0%)

RUN-1004 : used memory is 625 MB, reserved memory is 543 MB, peak memory is 642 MB
GUI-1001 : Downloading succeeded!
RUN-1001 : reset_run syn_1 phy_1.
GUI-6001 WARNING: File C:/Users/Lviva/Desktop/es8388_3MIC/TD/ES8388_Runs/phy_1/ES8388.bit does not exist!
RUN-1001 : launch_runs syn_1 phy_1  -jobs 6.
RUN-6001 WARNING: syn_1: run failed.
RUN-1001 : open_run syn_1.
RUN-1002 : start command "import_db C:/Users/Lviva/Desktop/es8388_3MIC/TD/ES8388_Runs/syn_1/ES8388_elaborate.db"
RUN-1001 : Importing database generated by Tang Dynasty, V5.6.71036.
RUN-1001 : Database version number 46146.
RUN-1001 : Import flow parameters
RUN-1001 : Import IO constraints
RUN-1001 : Import Inst constraints
RUN-1001 : Import design success TD_VERSION=5.6.71036 , DB_VERSION=46146
RUN-1001 : reset_run syn_1 phy_1.
RUN-1001 : launch_runs syn_1 phy_1  -jobs 6.
RUN-1001 : syn_1: run complete.
RUN-1001 : phy_1: run complete.
RUN-1001 : open_run phy_1.
RUN-1002 : start command "import_db C:/Users/Lviva/Desktop/es8388_3MIC/TD/ES8388_Runs/phy_1/ES8388_pr.db"
RUN-1001 : Importing database generated by Tang Dynasty, V5.6.71036.
RUN-1001 : Database version number 46146.
RUN-1001 : Import flow parameters
PHY-1001 : Generate detailed routing grids ...
PHY-1001 : Processed IO instance aud_dacdat_syn_4 with INV attribute.
PHY-1001 : Processed IO instance aud_dacdat_1_syn_4 with INV attribute.
PHY-1001 : Processed IO instance aud_dacdat_2_syn_4 with INV attribute.
PHY-1001 : Generate nets ...
PHY-1001 : clock net aud_bclk_syn_4 will be merged with clock aud_bclk_dup_1
PHY-1001 : clock net aud_bclk_1_syn_4 will be merged with clock aud_bclk_1_dup_1
PHY-1001 : clock net aud_bclk_2_syn_4 will be merged with clock aud_bclk_2_dup_1
PHY-1001 : net aud_mclk_dup_1 will be routed on clock mesh
PHY-1001 : net aud_mclk_1_dup_1 will be routed on clock mesh
PHY-1001 : net aud_mclk_2_dup_1 will be routed on clock mesh
PHY-1001 : clock net ilaclk_dup_1 will be merged with clock u_pll_clk/clk0_buf
PHY-1001 : clock net ilaclk_1_dup_1 will be merged with clock u1_pll_clk/clk0_buf
PHY-1001 : clock net ilaclk_2_dup_1 will be merged with clock u2_pll_clk/clk0_buf
PHY-1001 : net sys_clk_dup_1 will be routed on clock mesh
PHY-1001 : clock net u1_es8388_ctrl/u_es8388_config/u_i2c_dri/dri_clk_syn_4 will be merged with clock u1_es8388_ctrl/u_es8388_config/u_i2c_dri/dri_clk
PHY-1001 : clock net u_es8388_ctrl/u_es8388_config/u_i2c_dri/dri_clk_syn_4 will be merged with clock u_es8388_ctrl/u_es8388_config/u_i2c_dri/dri_clk
PHY-1001 : clock net u2_es8388_ctrl/u_es8388_config/u_i2c_dri/dri_clk_syn_4 will be merged with clock u2_es8388_ctrl/u_es8388_config/u_i2c_dri/dri_clk
PHY-1001 : eco open net = 0
PHY-1001 : 11 feed throughs used by 11 nets
RUN-1001 : Import IO constraints
RUN-1001 : Import Inst constraints
RUN-1001 : Import design success TD_VERSION=5.6.71036 , DB_VERSION=46146
RUN-1002 : start command "download -bit ES8388_Runs\phy_1\ES8388.bit -mode jtag -spd 7 -sec 64 -cable 0"
PRG-2014 : Chip validation success: EAGLE_S20_BG256
RUN-1002 : start command "bit_to_vec -chip EAGLE_S20_BG256 -m jtag_burst -freq 4 -bit ES8388_Runs/phy_1/ES8388.bit"
RUN-1002 : start command "program -cable 0 -mode svf -spd 7 -p"
RUN-1003 : finish command "program -cable 0 -mode svf -spd 7 -p" in  6.307460s wall, 0.078125s user + 0.281250s system = 0.359375s CPU (5.7%)

RUN-1004 : used memory is 636 MB, reserved memory is 555 MB, peak memory is 654 MB
RUN-1003 : finish command "download -bit ES8388_Runs\phy_1\ES8388.bit -mode jtag -spd 7 -sec 64 -cable 0" in  6.672013s wall, 0.109375s user + 0.359375s system = 0.468750s CPU (7.0%)

RUN-1004 : used memory is 636 MB, reserved memory is 555 MB, peak memory is 654 MB
GUI-1001 : Downloading succeeded!
RUN-1001 : reset_run syn_1 phy_1.
GUI-6001 WARNING: File C:/Users/Lviva/Desktop/es8388_3MIC/TD/ES8388_Runs/phy_1/ES8388.bit does not exist!
RUN-1001 : launch_runs syn_1 phy_1  -jobs 6.
RUN-1001 : syn_1: run complete.
RUN-1001 : phy_1: run complete.
RUN-1001 : open_run phy_1.
RUN-1002 : start command "import_db C:/Users/Lviva/Desktop/es8388_3MIC/TD/ES8388_Runs/phy_1/ES8388_pr.db"
RUN-1001 : Importing database generated by Tang Dynasty, V5.6.71036.
RUN-1001 : Database version number 46146.
RUN-1001 : Import flow parameters
PHY-1001 : Generate detailed routing grids ...
PHY-1001 : Processed IO instance aud_dacdat_syn_4 with INV attribute.
PHY-1001 : Processed IO instance aud_dacdat_1_syn_4 with INV attribute.
PHY-1001 : Processed IO instance aud_dacdat_2_syn_4 with INV attribute.
PHY-1001 : Generate nets ...
PHY-1001 : clock net aud_bclk_syn_4 will be merged with clock aud_bclk_dup_1
PHY-1001 : clock net aud_bclk_1_syn_4 will be merged with clock aud_bclk_1_dup_1
PHY-1001 : clock net aud_bclk_2_syn_4 will be merged with clock aud_bclk_2_dup_1
PHY-1001 : net aud_mclk_dup_1 will be routed on clock mesh
PHY-1001 : net aud_mclk_1_dup_1 will be routed on clock mesh
PHY-1001 : net aud_mclk_2_dup_1 will be routed on clock mesh
PHY-1001 : clock net ilaclk_dup_1 will be merged with clock u_pll_clk/clk0_buf
PHY-1001 : clock net ilaclk_1_dup_1 will be merged with clock u1_pll_clk/clk0_buf
PHY-1001 : clock net ilaclk_2_dup_1 will be merged with clock u2_pll_clk/clk0_buf
PHY-1001 : net sys_clk_dup_1 will be routed on clock mesh
PHY-1001 : clock net u1_es8388_ctrl/u_es8388_config/u_i2c_dri/dri_clk_syn_4 will be merged with clock u1_es8388_ctrl/u_es8388_config/u_i2c_dri/dri_clk
PHY-1001 : clock net u_es8388_ctrl/u_es8388_config/u_i2c_dri/dri_clk_syn_4 will be merged with clock u_es8388_ctrl/u_es8388_config/u_i2c_dri/dri_clk
PHY-1001 : clock net u2_es8388_ctrl/u_es8388_config/u_i2c_dri/dri_clk_syn_4 will be merged with clock u2_es8388_ctrl/u_es8388_config/u_i2c_dri/dri_clk
PHY-1001 : eco open net = 0
PHY-1001 : 11 feed throughs used by 11 nets
RUN-1001 : Import IO constraints
RUN-1001 : Import Inst constraints
RUN-1001 : Import design success TD_VERSION=5.6.71036 , DB_VERSION=46146
RUN-1002 : start command "download -bit ES8388_Runs\phy_1\ES8388.bit -mode jtag -spd 7 -sec 64 -cable 0"
PRG-2014 : Chip validation success: EAGLE_S20_BG256
RUN-1002 : start command "bit_to_vec -chip EAGLE_S20_BG256 -m jtag_burst -freq 4 -bit ES8388_Runs/phy_1/ES8388.bit"
RUN-1002 : start command "program -cable 0 -mode svf -spd 7 -p"
RUN-1003 : finish command "program -cable 0 -mode svf -spd 7 -p" in  6.319399s wall, 0.078125s user + 0.515625s system = 0.593750s CPU (9.4%)

RUN-1004 : used memory is 639 MB, reserved memory is 560 MB, peak memory is 657 MB
RUN-1003 : finish command "download -bit ES8388_Runs\phy_1\ES8388.bit -mode jtag -spd 7 -sec 64 -cable 0" in  6.684535s wall, 0.109375s user + 0.578125s system = 0.687500s CPU (10.3%)

RUN-1004 : used memory is 639 MB, reserved memory is 560 MB, peak memory is 657 MB
GUI-1001 : Downloading succeeded!
GUI-5004 WARNING: led_one has not been assigned a location ...
GUI-5004 WARNING: led_tree has not been assigned a location ...
GUI-5004 WARNING: led_two has not been assigned a location ...
GUI-5004 WARNING: sys_rst_n_1 has not been assigned a location ...
GUI-5004 WARNING: sys_rst_n_2 has not been assigned a location ...
