============================================================
   Tang Dynasty, V5.6.71036
      Copyright (c) 2012-2023 Anlogic Inc.
   Executable = E:/Software/Anlogic/TD5.6.2/bin/td.exe
   Built at =   20:34:38 Mar 21 2023
   Run by =     Lviva
   Run Date =   Sat Oct 25 11:10:00 2025

   Run on =     VIVACIOUS
============================================================
RUN-1001 : open_run phy_1.
RUN-1002 : start command "import_db C:/Users/Lviva/Desktop/4MIC - SPAR _1_1/TD/ES8388_Runs/phy_1/ES8388_pr.db"
RUN-1001 : Importing database generated by Tang Dynasty, V5.6.71036.
RUN-1001 : Database version number 46146.
RUN-1001 : Import flow parameters
PHY-1001 : Generate detailed routing grids ...
PHY-1001 : Processed IO instance aud_dacdat_syn_4 with INV attribute.
PHY-1001 : Processed IO instance aud_dacdat_1_syn_4 with INV attribute.
PHY-1001 : Processed IO instance aud_dacdat_2_syn_4 with INV attribute.
PHY-1001 : Processed IO instance aud_dacdat_3_syn_4 with INV attribute.
PHY-1001 : Generate nets ...
PHY-1001 : clock net aud_bclk_syn_4 will be merged with clock aud_bclk_dup_1
PHY-1001 : clock net aud_bclk_1_syn_4 will be merged with clock aud_bclk_1_dup_1
PHY-1001 : clock net aud_bclk_2_syn_4 will be merged with clock aud_bclk_2_dup_1
PHY-1001 : clock net aud_bclk_3_syn_4 will be merged with clock aud_bclk_3_dup_1
PHY-1001 : net aud_mclk_dup_1 will be routed on clock mesh
PHY-1001 : net aud_mclk_1_dup_1 will be routed on clock mesh
PHY-1001 : net aud_mclk_2_dup_1 will be routed on clock mesh
PHY-1001 : net aud_mclk_3_dup_1 will be routed on clock mesh
PHY-1001 : clock net ilaclk_dup_1 will be merged with clock u_pll_clk/clk0_buf
PHY-1001 : clock net ilaclk_1_dup_1 will be merged with clock u1_pll_clk/clk0_buf
PHY-1001 : clock net ilaclk_2_dup_1 will be merged with clock u2_pll_clk/clk0_buf
PHY-1001 : clock net ilaclk_3_dup_1 will be merged with clock u3_pll_clk/clk0_buf
PHY-1001 : net sys_clk_dup_1 will be routed on clock mesh
PHY-1001 : clock net u1_es8388_ctrl/u_es8388_config/u_i2c_dri/dri_clk_syn_4 will be merged with clock u1_es8388_ctrl/u_es8388_config/u_i2c_dri/dri_clk
PHY-1001 : clock net u2_es8388_ctrl/u_es8388_config/u_i2c_dri/dri_clk_syn_4 will be merged with clock u2_es8388_ctrl/u_es8388_config/u_i2c_dri/dri_clk
PHY-1001 : clock net u3_es8388_ctrl/u_es8388_config/u_i2c_dri/dri_clk_syn_4 will be merged with clock u3_es8388_ctrl/u_es8388_config/u_i2c_dri/dri_clk
PHY-1001 : eco open net = 0
PHY-1001 : 20 feed throughs used by 17 nets
RUN-1001 : Import IO constraints
RUN-1001 : Import Inst constraints
RUN-1001 : Import design success TD_VERSION=5.6.71036 , DB_VERSION=46146
RUN-1003 : finish command "import_db C:/Users/Lviva/Desktop/4MIC - SPAR _1_1/TD/ES8388_Runs/phy_1/ES8388_pr.db" in  2.820572s wall, 2.718750s user + 0.390625s system = 3.109375s CPU (110.2%)

RUN-1004 : used memory is 493 MB, reserved memory is 446 MB, peak memory is 526 MB
HDL-1007 : analyze verilog file ../RTL/spar_4mic_localization.v
RUN-1001 : reset_run syn_1 phy_1.
RUN-1001 : launch_runs syn_1 phy_1  -jobs 6.
RUN-1001 : syn_1: run complete.
RUN-1001 : phy_1: run complete.
RUN-1001 : open_run phy_1.
RUN-1002 : start command "import_db C:/Users/Lviva/Desktop/4MIC - SPAR _1_1/TD/ES8388_Runs/phy_1/ES8388_pr.db"
RUN-1001 : Importing database generated by Tang Dynasty, V5.6.71036.
RUN-1001 : Database version number 46146.
RUN-1001 : Import flow parameters
PHY-1001 : Generate detailed routing grids ...
PHY-1001 : Processed IO instance aud_dacdat_syn_4 with INV attribute.
PHY-1001 : Processed IO instance aud_dacdat_1_syn_4 with INV attribute.
PHY-1001 : Processed IO instance aud_dacdat_2_syn_4 with INV attribute.
PHY-1001 : Processed IO instance aud_dacdat_3_syn_4 with INV attribute.
PHY-1001 : Generate nets ...
PHY-1001 : clock net aud_bclk_syn_4 will be merged with clock aud_bclk_dup_1
PHY-1001 : clock net aud_bclk_1_syn_4 will be merged with clock aud_bclk_1_dup_1
PHY-1001 : clock net aud_bclk_2_syn_4 will be merged with clock aud_bclk_2_dup_1
PHY-1001 : clock net aud_bclk_3_syn_4 will be merged with clock aud_bclk_3_dup_1
PHY-1001 : net aud_mclk_dup_1 will be routed on clock mesh
PHY-1001 : net aud_mclk_1_dup_1 will be routed on clock mesh
PHY-1001 : net aud_mclk_2_dup_1 will be routed on clock mesh
PHY-1001 : net aud_mclk_3_dup_1 will be routed on clock mesh
PHY-1001 : clock net ilaclk_dup_1 will be merged with clock u_pll_clk/clk0_buf
PHY-1001 : clock net ilaclk_1_dup_1 will be merged with clock u1_pll_clk/clk0_buf
PHY-1001 : clock net ilaclk_2_dup_1 will be merged with clock u2_pll_clk/clk0_buf
PHY-1001 : clock net ilaclk_3_dup_1 will be merged with clock u3_pll_clk/clk0_buf
PHY-1001 : net sys_clk_dup_1 will be routed on clock mesh
PHY-1001 : clock net u1_es8388_ctrl/u_es8388_config/u_i2c_dri/dri_clk_syn_4 will be merged with clock u1_es8388_ctrl/u_es8388_config/u_i2c_dri/dri_clk
PHY-1001 : clock net u2_es8388_ctrl/u_es8388_config/u_i2c_dri/dri_clk_syn_4 will be merged with clock u2_es8388_ctrl/u_es8388_config/u_i2c_dri/dri_clk
PHY-1001 : clock net u3_es8388_ctrl/u_es8388_config/u_i2c_dri/dri_clk_syn_4 will be merged with clock u3_es8388_ctrl/u_es8388_config/u_i2c_dri/dri_clk
PHY-1001 : eco open net = 0
PHY-1001 : 20 feed throughs used by 17 nets
RUN-1001 : Import IO constraints
RUN-1001 : Import Inst constraints
RUN-1001 : Import design success TD_VERSION=5.6.71036 , DB_VERSION=46146
RUN-1003 : finish command "import_db C:/Users/Lviva/Desktop/4MIC - SPAR _1_1/TD/ES8388_Runs/phy_1/ES8388_pr.db" in  1.038997s wall, 0.937500s user + 0.156250s system = 1.093750s CPU (105.3%)

RUN-1004 : used memory is 524 MB, reserved memory is 479 MB, peak memory is 549 MB
RUN-1001 : reset_run syn_1 phy_1.
RUN-1001 : launch_runs syn_1 phy_1  -jobs 6.
RUN-1001 : syn_1: run complete.
RUN-1001 : phy_1: run complete.
RUN-1001 : open_run phy_1.
RUN-1002 : start command "import_db C:/Users/Lviva/Desktop/4MIC - SPAR _1_1/TD/ES8388_Runs/phy_1/ES8388_pr.db"
RUN-1001 : Importing database generated by Tang Dynasty, V5.6.71036.
RUN-1001 : Database version number 46146.
RUN-1001 : Import flow parameters
PHY-1001 : Generate detailed routing grids ...
PHY-1001 : Processed IO instance aud_dacdat_syn_4 with INV attribute.
PHY-1001 : Processed IO instance aud_dacdat_1_syn_4 with INV attribute.
PHY-1001 : Processed IO instance aud_dacdat_2_syn_4 with INV attribute.
PHY-1001 : Processed IO instance aud_dacdat_3_syn_4 with INV attribute.
PHY-1001 : Generate nets ...
PHY-1001 : clock net aud_bclk_syn_4 will be merged with clock aud_bclk_dup_1
PHY-1001 : clock net aud_bclk_1_syn_4 will be merged with clock aud_bclk_1_dup_1
PHY-1001 : clock net aud_bclk_2_syn_4 will be merged with clock aud_bclk_2_dup_1
PHY-1001 : clock net aud_bclk_3_syn_4 will be merged with clock aud_bclk_3_dup_1
PHY-1001 : net aud_mclk_dup_1 will be routed on clock mesh
PHY-1001 : net aud_mclk_1_dup_1 will be routed on clock mesh
PHY-1001 : net aud_mclk_2_dup_1 will be routed on clock mesh
PHY-1001 : net aud_mclk_3_dup_1 will be routed on clock mesh
PHY-1001 : clock net ilaclk_dup_1 will be merged with clock u_pll_clk/clk0_buf
PHY-1001 : clock net ilaclk_1_dup_1 will be merged with clock u1_pll_clk/clk0_buf
PHY-1001 : clock net ilaclk_2_dup_1 will be merged with clock u2_pll_clk/clk0_buf
PHY-1001 : clock net ilaclk_3_dup_1 will be merged with clock u3_pll_clk/clk0_buf
PHY-1001 : net sys_clk_dup_1 will be routed on clock mesh
PHY-1001 : clock net u1_es8388_ctrl/u_es8388_config/u_i2c_dri/dri_clk_syn_4 will be merged with clock u1_es8388_ctrl/u_es8388_config/u_i2c_dri/dri_clk
PHY-1001 : clock net u2_es8388_ctrl/u_es8388_config/u_i2c_dri/dri_clk_syn_4 will be merged with clock u2_es8388_ctrl/u_es8388_config/u_i2c_dri/dri_clk
PHY-1001 : clock net u3_es8388_ctrl/u_es8388_config/u_i2c_dri/dri_clk_syn_4 will be merged with clock u3_es8388_ctrl/u_es8388_config/u_i2c_dri/dri_clk
PHY-1001 : eco open net = 0
PHY-1001 : 20 feed throughs used by 17 nets
RUN-1001 : Import IO constraints
RUN-1001 : Import Inst constraints
RUN-1001 : Import design success TD_VERSION=5.6.71036 , DB_VERSION=46146
RUN-1003 : finish command "import_db C:/Users/Lviva/Desktop/4MIC - SPAR _1_1/TD/ES8388_Runs/phy_1/ES8388_pr.db" in  1.143179s wall, 1.109375s user + 0.109375s system = 1.218750s CPU (106.6%)

RUN-1004 : used memory is 457 MB, reserved memory is 489 MB, peak memory is 549 MB
RUN-1002 : start command "download -bit ES8388_Runs\phy_1\ES8388.bit -mode jtag -spd 7 -sec 64 -cable 0"
PRG-2014 : Chip validation success: EAGLE_S20_BG256
RUN-1002 : start command "bit_to_vec -chip EAGLE_S20_BG256 -m jtag_burst -freq 4 -bit ES8388_Runs/phy_1/ES8388.bit"
RUN-1002 : start command "program -cable 0 -mode svf -spd 7 -p"
RUN-1003 : finish command "program -cable 0 -mode svf -spd 7 -p" in  6.268888s wall, 0.015625s user + 0.343750s system = 0.359375s CPU (5.7%)

RUN-1004 : used memory is 535 MB, reserved memory is 531 MB, peak memory is 551 MB
RUN-1003 : finish command "download -bit ES8388_Runs\phy_1\ES8388.bit -mode jtag -spd 7 -sec 64 -cable 0" in  6.665715s wall, 0.078125s user + 0.406250s system = 0.484375s CPU (7.3%)

RUN-1004 : used memory is 535 MB, reserved memory is 531 MB, peak memory is 551 MB
GUI-1001 : Downloading succeeded!
RUN-1001 : reset_run syn_1 phy_1.
GUI-6001 WARNING: File C:/Users/Lviva/Desktop/4MIC - SPAR _1_1/TD/ES8388_Runs/phy_1/ES8388.bit does not exist!
RUN-1001 : launch_runs syn_1 phy_1  -jobs 6.
RUN-1001 : syn_1: run complete.
RUN-1001 : phy_1: run complete.
RUN-1001 : open_run phy_1.
RUN-1002 : start command "import_db C:/Users/Lviva/Desktop/4MIC - SPAR _1_1/TD/ES8388_Runs/phy_1/ES8388_pr.db"
RUN-1001 : Importing database generated by Tang Dynasty, V5.6.71036.
RUN-1001 : Database version number 46146.
RUN-1001 : Import flow parameters
PHY-1001 : Generate detailed routing grids ...
PHY-1001 : Processed IO instance aud_dacdat_syn_4 with INV attribute.
PHY-1001 : Processed IO instance aud_dacdat_1_syn_4 with INV attribute.
PHY-1001 : Processed IO instance aud_dacdat_2_syn_4 with INV attribute.
PHY-1001 : Processed IO instance aud_dacdat_3_syn_4 with INV attribute.
PHY-1001 : Generate nets ...
PHY-1001 : clock net aud_bclk_syn_4 will be merged with clock aud_bclk_dup_1
PHY-1001 : clock net aud_bclk_1_syn_4 will be merged with clock aud_bclk_1_dup_1
PHY-1001 : clock net aud_bclk_2_syn_4 will be merged with clock aud_bclk_2_dup_1
PHY-1001 : clock net aud_bclk_3_syn_4 will be merged with clock aud_bclk_3_dup_1
PHY-1001 : net aud_mclk_dup_1 will be routed on clock mesh
PHY-1001 : net aud_mclk_1_dup_1 will be routed on clock mesh
PHY-1001 : net aud_mclk_2_dup_1 will be routed on clock mesh
PHY-1001 : net aud_mclk_3_dup_1 will be routed on clock mesh
PHY-1001 : clock net ilaclk_dup_1 will be merged with clock u_pll_clk/clk0_buf
PHY-1001 : clock net ilaclk_1_dup_1 will be merged with clock u1_pll_clk/clk0_buf
PHY-1001 : clock net ilaclk_2_dup_1 will be merged with clock u2_pll_clk/clk0_buf
PHY-1001 : clock net ilaclk_3_dup_1 will be merged with clock u3_pll_clk/clk0_buf
PHY-1001 : net sys_clk_dup_1 will be routed on clock mesh
PHY-1001 : clock net u1_es8388_ctrl/u_es8388_config/u_i2c_dri/dri_clk_syn_4 will be merged with clock u1_es8388_ctrl/u_es8388_config/u_i2c_dri/dri_clk
PHY-1001 : clock net u2_es8388_ctrl/u_es8388_config/u_i2c_dri/dri_clk_syn_4 will be merged with clock u2_es8388_ctrl/u_es8388_config/u_i2c_dri/dri_clk
PHY-1001 : clock net u3_es8388_ctrl/u_es8388_config/u_i2c_dri/dri_clk_syn_4 will be merged with clock u3_es8388_ctrl/u_es8388_config/u_i2c_dri/dri_clk
PHY-1001 : eco open net = 0
PHY-1001 : 19 feed throughs used by 17 nets
RUN-1001 : Import IO constraints
RUN-1001 : Import Inst constraints
RUN-1001 : Import design success TD_VERSION=5.6.71036 , DB_VERSION=46146
RUN-1003 : finish command "import_db C:/Users/Lviva/Desktop/4MIC - SPAR _1_1/TD/ES8388_Runs/phy_1/ES8388_pr.db" in  1.062596s wall, 0.953125s user + 0.218750s system = 1.171875s CPU (110.3%)

RUN-1004 : used memory is 530 MB, reserved memory is 525 MB, peak memory is 553 MB
RUN-1002 : start command "download -bit ES8388_Runs\phy_1\ES8388.bit -mode jtag -spd 7 -sec 64 -cable 0"
PRG-2014 : Chip validation success: EAGLE_S20_BG256
RUN-1002 : start command "bit_to_vec -chip EAGLE_S20_BG256 -m jtag_burst -freq 4 -bit ES8388_Runs/phy_1/ES8388.bit"
RUN-1002 : start command "program -cable 0 -mode svf -spd 7 -p"
RUN-1003 : finish command "program -cable 0 -mode svf -spd 7 -p" in  6.270615s wall, 0.125000s user + 0.328125s system = 0.453125s CPU (7.2%)

RUN-1004 : used memory is 541 MB, reserved memory is 538 MB, peak memory is 559 MB
RUN-1003 : finish command "download -bit ES8388_Runs\phy_1\ES8388.bit -mode jtag -spd 7 -sec 64 -cable 0" in  6.641739s wall, 0.187500s user + 0.359375s system = 0.546875s CPU (8.2%)

RUN-1004 : used memory is 541 MB, reserved memory is 538 MB, peak memory is 559 MB
GUI-1001 : Downloading succeeded!
HDL-1007 : analyze verilog file ../RTL/spar_4mic_localization.v
RUN-1001 : reset_run syn_1 phy_1.
GUI-6001 WARNING: File C:/Users/Lviva/Desktop/4MIC - SPAR _1_1/TD/ES8388_Runs/phy_1/ES8388.bit does not exist!
RUN-1001 : launch_runs syn_1 phy_1  -jobs 6.
RUN-1001 : syn_1: run complete.
RUN-1001 : phy_1: run complete.
RUN-1001 : open_run phy_1.
RUN-1002 : start command "import_db C:/Users/Lviva/Desktop/4MIC - SPAR _1_1/TD/ES8388_Runs/phy_1/ES8388_pr.db"
RUN-1001 : Importing database generated by Tang Dynasty, V5.6.71036.
RUN-1001 : Database version number 46146.
RUN-1001 : Import flow parameters
PHY-1001 : Generate detailed routing grids ...
PHY-1001 : Processed IO instance aud_dacdat_syn_4 with INV attribute.
PHY-1001 : Processed IO instance aud_dacdat_1_syn_4 with INV attribute.
PHY-1001 : Processed IO instance aud_dacdat_2_syn_4 with INV attribute.
PHY-1001 : Processed IO instance aud_dacdat_3_syn_4 with INV attribute.
PHY-1001 : Generate nets ...
PHY-1001 : clock net aud_bclk_syn_4 will be merged with clock aud_bclk_dup_1
PHY-1001 : clock net aud_bclk_1_syn_4 will be merged with clock aud_bclk_1_dup_1
PHY-1001 : clock net aud_bclk_2_syn_4 will be merged with clock aud_bclk_2_dup_1
PHY-1001 : clock net aud_bclk_3_syn_4 will be merged with clock aud_bclk_3_dup_1
PHY-1001 : net aud_mclk_dup_1 will be routed on clock mesh
PHY-1001 : net aud_mclk_1_dup_1 will be routed on clock mesh
PHY-1001 : net aud_mclk_2_dup_1 will be routed on clock mesh
PHY-1001 : net aud_mclk_3_dup_1 will be routed on clock mesh
PHY-1001 : clock net ilaclk_dup_1 will be merged with clock u_pll_clk/clk0_buf
PHY-1001 : clock net ilaclk_1_dup_1 will be merged with clock u1_pll_clk/clk0_buf
PHY-1001 : clock net ilaclk_2_dup_1 will be merged with clock u2_pll_clk/clk0_buf
PHY-1001 : clock net ilaclk_3_dup_1 will be merged with clock u3_pll_clk/clk0_buf
PHY-1001 : net sys_clk_dup_1 will be routed on clock mesh
PHY-1001 : clock net u1_es8388_ctrl/u_es8388_config/u_i2c_dri/dri_clk_syn_4 will be merged with clock u1_es8388_ctrl/u_es8388_config/u_i2c_dri/dri_clk
PHY-1001 : clock net u2_es8388_ctrl/u_es8388_config/u_i2c_dri/dri_clk_syn_4 will be merged with clock u2_es8388_ctrl/u_es8388_config/u_i2c_dri/dri_clk
PHY-1001 : clock net u3_es8388_ctrl/u_es8388_config/u_i2c_dri/dri_clk_syn_4 will be merged with clock u3_es8388_ctrl/u_es8388_config/u_i2c_dri/dri_clk
PHY-1001 : eco open net = 0
PHY-1001 : 11 feed throughs used by 11 nets
RUN-1001 : Import IO constraints
RUN-1001 : Import Inst constraints
RUN-1001 : Import design success TD_VERSION=5.6.71036 , DB_VERSION=46146
RUN-1003 : finish command "import_db C:/Users/Lviva/Desktop/4MIC - SPAR _1_1/TD/ES8388_Runs/phy_1/ES8388_pr.db" in  1.032905s wall, 0.984375s user + 0.203125s system = 1.187500s CPU (115.0%)

RUN-1004 : used memory is 541 MB, reserved memory is 530 MB, peak memory is 567 MB
HDL-1007 : analyze verilog file ../RTL/spar_4mic_localization.v
RUN-1001 : reset_run syn_1 phy_1.
RUN-1001 : launch_runs syn_1 phy_1  -jobs 6.
RUN-1001 : syn_1: run complete.
RUN-1001 : phy_1: run complete.
RUN-1001 : open_run phy_1.
RUN-1002 : start command "import_db C:/Users/Lviva/Desktop/4MIC - SPAR _1_1/TD/ES8388_Runs/phy_1/ES8388_pr.db"
RUN-1001 : Importing database generated by Tang Dynasty, V5.6.71036.
RUN-1001 : Database version number 46146.
RUN-1001 : Import flow parameters
PHY-1001 : Generate detailed routing grids ...
PHY-1001 : Processed IO instance aud_dacdat_syn_4 with INV attribute.
PHY-1001 : Processed IO instance aud_dacdat_1_syn_4 with INV attribute.
PHY-1001 : Processed IO instance aud_dacdat_2_syn_4 with INV attribute.
PHY-1001 : Processed IO instance aud_dacdat_3_syn_4 with INV attribute.
PHY-1001 : Generate nets ...
PHY-1001 : clock net aud_bclk_syn_4 will be merged with clock aud_bclk_dup_1
PHY-1001 : clock net aud_bclk_1_syn_4 will be merged with clock aud_bclk_1_dup_1
PHY-1001 : clock net aud_bclk_2_syn_4 will be merged with clock aud_bclk_2_dup_1
PHY-1001 : clock net aud_bclk_3_syn_4 will be merged with clock aud_bclk_3_dup_1
PHY-1001 : net aud_mclk_dup_1 will be routed on clock mesh
PHY-1001 : net aud_mclk_1_dup_1 will be routed on clock mesh
PHY-1001 : net aud_mclk_2_dup_1 will be routed on clock mesh
PHY-1001 : net aud_mclk_3_dup_1 will be routed on clock mesh
PHY-1001 : clock net ilaclk_dup_1 will be merged with clock u_pll_clk/clk0_buf
PHY-1001 : clock net ilaclk_1_dup_1 will be merged with clock u1_pll_clk/clk0_buf
PHY-1001 : clock net ilaclk_2_dup_1 will be merged with clock u2_pll_clk/clk0_buf
PHY-1001 : clock net ilaclk_3_dup_1 will be merged with clock u3_pll_clk/clk0_buf
PHY-1001 : net sys_clk_dup_1 will be routed on clock mesh
PHY-1001 : clock net u1_es8388_ctrl/u_es8388_config/u_i2c_dri/dri_clk_syn_4 will be merged with clock u1_es8388_ctrl/u_es8388_config/u_i2c_dri/dri_clk
PHY-1001 : clock net u2_es8388_ctrl/u_es8388_config/u_i2c_dri/dri_clk_syn_4 will be merged with clock u2_es8388_ctrl/u_es8388_config/u_i2c_dri/dri_clk
PHY-1001 : clock net u3_es8388_ctrl/u_es8388_config/u_i2c_dri/dri_clk_syn_4 will be merged with clock u3_es8388_ctrl/u_es8388_config/u_i2c_dri/dri_clk
PHY-1001 : eco open net = 0
PHY-1001 : 11 feed throughs used by 11 nets
RUN-1001 : Import IO constraints
RUN-1001 : Import Inst constraints
RUN-1001 : Import design success TD_VERSION=5.6.71036 , DB_VERSION=46146
RUN-1003 : finish command "import_db C:/Users/Lviva/Desktop/4MIC - SPAR _1_1/TD/ES8388_Runs/phy_1/ES8388_pr.db" in  1.022372s wall, 1.046875s user + 0.125000s system = 1.171875s CPU (114.6%)

RUN-1004 : used memory is 554 MB, reserved memory is 538 MB, peak memory is 579 MB
RUN-1002 : start command "download -bit ES8388_Runs\phy_1\ES8388.bit -mode jtag -spd 7 -sec 64 -cable 0"
PRG-2014 : Chip validation success: EAGLE_S20_BG256
RUN-1002 : start command "bit_to_vec -chip EAGLE_S20_BG256 -m jtag_burst -freq 4 -bit ES8388_Runs/phy_1/ES8388.bit"
RUN-1002 : start command "program -cable 0 -mode svf -spd 7 -p"
RUN-1003 : finish command "program -cable 0 -mode svf -spd 7 -p" in  6.271326s wall, 0.140625s user + 0.453125s system = 0.593750s CPU (9.5%)

RUN-1004 : used memory is 559 MB, reserved memory is 547 MB, peak memory is 579 MB
RUN-1003 : finish command "download -bit ES8388_Runs\phy_1\ES8388.bit -mode jtag -spd 7 -sec 64 -cable 0" in  6.640038s wall, 0.187500s user + 0.484375s system = 0.671875s CPU (10.1%)

RUN-1004 : used memory is 559 MB, reserved memory is 547 MB, peak memory is 579 MB
GUI-1001 : Downloading succeeded!
HDL-1007 : analyze verilog file ../RTL/spar_4mic_localization.v
RUN-1001 : reset_run syn_1 phy_1.
GUI-6001 WARNING: File C:/Users/Lviva/Desktop/4MIC - SPAR _1_1/TD/ES8388_Runs/phy_1/ES8388.bit does not exist!
RUN-1001 : launch_runs syn_1 phy_1  -jobs 6.
RUN-1001 : syn_1: run complete.
RUN-1001 : phy_1: run complete.
RUN-1001 : open_run phy_1.
RUN-1002 : start command "import_db C:/Users/Lviva/Desktop/4MIC - SPAR _1_1/TD/ES8388_Runs/phy_1/ES8388_pr.db"
RUN-1001 : Importing database generated by Tang Dynasty, V5.6.71036.
RUN-1001 : Database version number 46146.
RUN-1001 : Import flow parameters
PHY-1001 : Generate detailed routing grids ...
PHY-1001 : Processed IO instance aud_dacdat_syn_4 with INV attribute.
PHY-1001 : Processed IO instance aud_dacdat_1_syn_4 with INV attribute.
PHY-1001 : Processed IO instance aud_dacdat_2_syn_4 with INV attribute.
PHY-1001 : Processed IO instance aud_dacdat_3_syn_4 with INV attribute.
PHY-1001 : Generate nets ...
PHY-1001 : clock net aud_bclk_syn_4 will be merged with clock aud_bclk_dup_1
PHY-1001 : clock net aud_bclk_1_syn_4 will be merged with clock aud_bclk_1_dup_1
PHY-1001 : clock net aud_bclk_2_syn_4 will be merged with clock aud_bclk_2_dup_1
PHY-1001 : clock net aud_bclk_3_syn_4 will be merged with clock aud_bclk_3_dup_1
PHY-1001 : net aud_mclk_dup_1 will be routed on clock mesh
PHY-1001 : net aud_mclk_1_dup_1 will be routed on clock mesh
PHY-1001 : net aud_mclk_2_dup_1 will be routed on clock mesh
PHY-1001 : net aud_mclk_3_dup_1 will be routed on clock mesh
PHY-1001 : clock net ilaclk_dup_1 will be merged with clock u_pll_clk/clk0_buf
PHY-1001 : clock net ilaclk_1_dup_1 will be merged with clock u1_pll_clk/clk0_buf
PHY-1001 : clock net ilaclk_2_dup_1 will be merged with clock u2_pll_clk/clk0_buf
PHY-1001 : clock net ilaclk_3_dup_1 will be merged with clock u3_pll_clk/clk0_buf
PHY-1001 : net sys_clk_dup_1 will be routed on clock mesh
PHY-1001 : clock net u1_es8388_ctrl/u_es8388_config/u_i2c_dri/dri_clk_syn_4 will be merged with clock u1_es8388_ctrl/u_es8388_config/u_i2c_dri/dri_clk
PHY-1001 : clock net u2_es8388_ctrl/u_es8388_config/u_i2c_dri/dri_clk_syn_4 will be merged with clock u2_es8388_ctrl/u_es8388_config/u_i2c_dri/dri_clk
PHY-1001 : clock net u3_es8388_ctrl/u_es8388_config/u_i2c_dri/dri_clk_syn_4 will be merged with clock u3_es8388_ctrl/u_es8388_config/u_i2c_dri/dri_clk
PHY-1001 : eco open net = 0
PHY-1001 : 19 feed throughs used by 17 nets
RUN-1001 : Import IO constraints
RUN-1001 : Import Inst constraints
RUN-1001 : Import design success TD_VERSION=5.6.71036 , DB_VERSION=46146
RUN-1003 : finish command "import_db C:/Users/Lviva/Desktop/4MIC - SPAR _1_1/TD/ES8388_Runs/phy_1/ES8388_pr.db" in  1.024620s wall, 1.000000s user + 0.078125s system = 1.078125s CPU (105.2%)

RUN-1004 : used memory is 580 MB, reserved memory is 569 MB, peak memory is 580 MB
RUN-1002 : start command "download -bit ES8388_Runs\phy_1\ES8388.bit -mode jtag -spd 7 -sec 64 -cable 0"
PRG-2014 : Chip validation success: EAGLE_S20_BG256
RUN-1002 : start command "bit_to_vec -chip EAGLE_S20_BG256 -m jtag_burst -freq 4 -bit ES8388_Runs/phy_1/ES8388.bit"
RUN-1002 : start command "program -cable 0 -mode svf -spd 7 -p"
RUN-1003 : finish command "program -cable 0 -mode svf -spd 7 -p" in  6.282107s wall, 0.015625s user + 0.515625s system = 0.531250s CPU (8.5%)

RUN-1004 : used memory is 582 MB, reserved memory is 570 MB, peak memory is 600 MB
RUN-1003 : finish command "download -bit ES8388_Runs\phy_1\ES8388.bit -mode jtag -spd 7 -sec 64 -cable 0" in  6.651096s wall, 0.046875s user + 0.562500s system = 0.609375s CPU (9.2%)

RUN-1004 : used memory is 582 MB, reserved memory is 570 MB, peak memory is 600 MB
GUI-1001 : Downloading succeeded!
RUN-1001 : reset_run syn_1 phy_1.
GUI-6001 WARNING: File C:/Users/Lviva/Desktop/4MIC - SPAR _1_1/TD/ES8388_Runs/phy_1/ES8388.bit does not exist!
RUN-1001 : launch_runs syn_1 phy_1  -jobs 6.
RUN-1001 : syn_1: run complete.
RUN-1001 : phy_1: run complete.
RUN-1001 : open_run phy_1.
RUN-1002 : start command "import_db C:/Users/Lviva/Desktop/4MIC - SPAR _1_1/TD/ES8388_Runs/phy_1/ES8388_pr.db"
RUN-1001 : Importing database generated by Tang Dynasty, V5.6.71036.
RUN-1001 : Database version number 46146.
RUN-1001 : Import flow parameters
PHY-1001 : Generate detailed routing grids ...
PHY-1001 : Processed IO instance aud_dacdat_syn_4 with INV attribute.
PHY-1001 : Processed IO instance aud_dacdat_1_syn_4 with INV attribute.
PHY-1001 : Processed IO instance aud_dacdat_2_syn_4 with INV attribute.
PHY-1001 : Processed IO instance aud_dacdat_3_syn_4 with INV attribute.
PHY-1001 : Generate nets ...
PHY-1001 : clock net aud_bclk_syn_4 will be merged with clock aud_bclk_dup_1
PHY-1001 : clock net aud_bclk_1_syn_4 will be merged with clock aud_bclk_1_dup_1
PHY-1001 : clock net aud_bclk_2_syn_4 will be merged with clock aud_bclk_2_dup_1
PHY-1001 : clock net aud_bclk_3_syn_4 will be merged with clock aud_bclk_3_dup_1
PHY-1001 : net aud_mclk_dup_1 will be routed on clock mesh
PHY-1001 : net aud_mclk_1_dup_1 will be routed on clock mesh
PHY-1001 : net aud_mclk_2_dup_1 will be routed on clock mesh
PHY-1001 : net aud_mclk_3_dup_1 will be routed on clock mesh
PHY-1001 : clock net ilaclk_dup_1 will be merged with clock u_pll_clk/clk0_buf
PHY-1001 : clock net ilaclk_1_dup_1 will be merged with clock u1_pll_clk/clk0_buf
PHY-1001 : clock net ilaclk_2_dup_1 will be merged with clock u2_pll_clk/clk0_buf
PHY-1001 : clock net ilaclk_3_dup_1 will be merged with clock u3_pll_clk/clk0_buf
PHY-1001 : net sys_clk_dup_1 will be routed on clock mesh
PHY-1001 : clock net u1_es8388_ctrl/u_es8388_config/u_i2c_dri/dri_clk_syn_4 will be merged with clock u1_es8388_ctrl/u_es8388_config/u_i2c_dri/dri_clk
PHY-1001 : clock net u2_es8388_ctrl/u_es8388_config/u_i2c_dri/dri_clk_syn_4 will be merged with clock u2_es8388_ctrl/u_es8388_config/u_i2c_dri/dri_clk
PHY-1001 : clock net u3_es8388_ctrl/u_es8388_config/u_i2c_dri/dri_clk_syn_4 will be merged with clock u3_es8388_ctrl/u_es8388_config/u_i2c_dri/dri_clk
PHY-1001 : eco open net = 0
PHY-1001 : 30 feed throughs used by 29 nets
RUN-1001 : Import IO constraints
RUN-1001 : Import Inst constraints
RUN-1001 : Import design success TD_VERSION=5.6.71036 , DB_VERSION=46146
RUN-1003 : finish command "import_db C:/Users/Lviva/Desktop/4MIC - SPAR _1_1/TD/ES8388_Runs/phy_1/ES8388_pr.db" in  1.045009s wall, 0.984375s user + 0.140625s system = 1.125000s CPU (107.7%)

RUN-1004 : used memory is 593 MB, reserved memory is 581 MB, peak memory is 600 MB
RUN-1002 : start command "download -bit ES8388_Runs\phy_1\ES8388.bit -mode jtag -spd 7 -sec 64 -cable 0"
PRG-2014 : Chip validation success: EAGLE_S20_BG256
RUN-1002 : start command "bit_to_vec -chip EAGLE_S20_BG256 -m jtag_burst -freq 4 -bit ES8388_Runs/phy_1/ES8388.bit"
RUN-1002 : start command "program -cable 0 -mode svf -spd 7 -p"
RUN-1003 : finish command "program -cable 0 -mode svf -spd 7 -p" in  6.275773s wall, 0.062500s user + 0.359375s system = 0.421875s CPU (6.7%)

RUN-1004 : used memory is 595 MB, reserved memory is 582 MB, peak memory is 613 MB
RUN-1003 : finish command "download -bit ES8388_Runs\phy_1\ES8388.bit -mode jtag -spd 7 -sec 64 -cable 0" in  6.643436s wall, 0.109375s user + 0.375000s system = 0.484375s CPU (7.3%)

RUN-1004 : used memory is 595 MB, reserved memory is 582 MB, peak memory is 613 MB
GUI-1001 : Downloading succeeded!
HDL-1007 : analyze verilog file ../RTL/spar_4mic_localization.v
RUN-1001 : reset_run syn_1 phy_1.
GUI-6001 WARNING: File C:/Users/Lviva/Desktop/4MIC - SPAR _1_1/TD/ES8388_Runs/phy_1/ES8388.bit does not exist!
RUN-1001 : launch_runs syn_1 phy_1  -jobs 6.
RUN-1001 : syn_1: run complete.
RUN-1001 : phy_1: run complete.
RUN-1001 : open_run phy_1.
RUN-1002 : start command "import_db C:/Users/Lviva/Desktop/4MIC - SPAR _1_1/TD/ES8388_Runs/phy_1/ES8388_pr.db"
RUN-1001 : Importing database generated by Tang Dynasty, V5.6.71036.
RUN-1001 : Database version number 46146.
RUN-1001 : Import flow parameters
PHY-1001 : Generate detailed routing grids ...
PHY-1001 : Processed IO instance aud_dacdat_syn_4 with INV attribute.
PHY-1001 : Processed IO instance aud_dacdat_1_syn_4 with INV attribute.
PHY-1001 : Processed IO instance aud_dacdat_2_syn_4 with INV attribute.
PHY-1001 : Processed IO instance aud_dacdat_3_syn_4 with INV attribute.
PHY-1001 : Generate nets ...
PHY-1001 : clock net aud_bclk_syn_4 will be merged with clock aud_bclk_dup_1
PHY-1001 : clock net aud_bclk_1_syn_4 will be merged with clock aud_bclk_1_dup_1
PHY-1001 : clock net aud_bclk_2_syn_4 will be merged with clock aud_bclk_2_dup_1
PHY-1001 : clock net aud_bclk_3_syn_4 will be merged with clock aud_bclk_3_dup_1
PHY-1001 : net aud_mclk_dup_1 will be routed on clock mesh
PHY-1001 : net aud_mclk_1_dup_1 will be routed on clock mesh
PHY-1001 : net aud_mclk_2_dup_1 will be routed on clock mesh
PHY-1001 : net aud_mclk_3_dup_1 will be routed on clock mesh
PHY-1001 : clock net ilaclk_dup_1 will be merged with clock u_pll_clk/clk0_buf
PHY-1001 : clock net ilaclk_1_dup_1 will be merged with clock u1_pll_clk/clk0_buf
PHY-1001 : clock net ilaclk_2_dup_1 will be merged with clock u2_pll_clk/clk0_buf
PHY-1001 : clock net ilaclk_3_dup_1 will be merged with clock u3_pll_clk/clk0_buf
PHY-1001 : net sys_clk_dup_1 will be routed on clock mesh
PHY-1001 : clock net u1_es8388_ctrl/u_es8388_config/u_i2c_dri/dri_clk_syn_4 will be merged with clock u1_es8388_ctrl/u_es8388_config/u_i2c_dri/dri_clk
PHY-1001 : clock net u2_es8388_ctrl/u_es8388_config/u_i2c_dri/dri_clk_syn_4 will be merged with clock u2_es8388_ctrl/u_es8388_config/u_i2c_dri/dri_clk
PHY-1001 : clock net u3_es8388_ctrl/u_es8388_config/u_i2c_dri/dri_clk_syn_4 will be merged with clock u3_es8388_ctrl/u_es8388_config/u_i2c_dri/dri_clk
PHY-1001 : eco open net = 0
PHY-1001 : 30 feed throughs used by 29 nets
RUN-1001 : Import IO constraints
RUN-1001 : Import Inst constraints
RUN-1001 : Import design success TD_VERSION=5.6.71036 , DB_VERSION=46146
RUN-1003 : finish command "import_db C:/Users/Lviva/Desktop/4MIC - SPAR _1_1/TD/ES8388_Runs/phy_1/ES8388_pr.db" in  1.039973s wall, 1.078125s user + 0.140625s system = 1.218750s CPU (117.2%)

RUN-1004 : used memory is 582 MB, reserved memory is 569 MB, peak memory is 613 MB
RUN-1002 : start command "download -bit ES8388_Runs\phy_1\ES8388.bit -mode jtag -spd 7 -sec 64 -cable 0"
PRG-2014 : Chip validation success: EAGLE_S20_BG256
RUN-1002 : start command "bit_to_vec -chip EAGLE_S20_BG256 -m jtag_burst -freq 4 -bit ES8388_Runs/phy_1/ES8388.bit"
RUN-1002 : start command "program -cable 0 -mode svf -spd 7 -p"
RUN-1003 : finish command "program -cable 0 -mode svf -spd 7 -p" in  6.269794s wall, 0.062500s user + 0.296875s system = 0.359375s CPU (5.7%)

RUN-1004 : used memory is 602 MB, reserved memory is 588 MB, peak memory is 620 MB
RUN-1003 : finish command "download -bit ES8388_Runs\phy_1\ES8388.bit -mode jtag -spd 7 -sec 64 -cable 0" in  6.639081s wall, 0.109375s user + 0.343750s system = 0.453125s CPU (6.8%)

RUN-1004 : used memory is 602 MB, reserved memory is 588 MB, peak memory is 620 MB
GUI-1001 : Downloading succeeded!
HDL-1007 : analyze verilog file ../RTL/spar_4mic_localization.v
RUN-1001 : reset_run syn_1 phy_1.
GUI-6001 WARNING: File C:/Users/Lviva/Desktop/4MIC - SPAR _1_1/TD/ES8388_Runs/phy_1/ES8388.bit does not exist!
RUN-1001 : launch_runs syn_1 phy_1  -jobs 6.
RUN-1001 : syn_1: run complete.
RUN-1001 : phy_1: run complete.
RUN-1001 : open_run phy_1.
RUN-1002 : start command "import_db C:/Users/Lviva/Desktop/4MIC - SPAR _1_1/TD/ES8388_Runs/phy_1/ES8388_pr.db"
RUN-1001 : Importing database generated by Tang Dynasty, V5.6.71036.
RUN-1001 : Database version number 46146.
RUN-1001 : Import flow parameters
PHY-1001 : Generate detailed routing grids ...
PHY-1001 : Processed IO instance aud_dacdat_syn_4 with INV attribute.
PHY-1001 : Processed IO instance aud_dacdat_1_syn_4 with INV attribute.
PHY-1001 : Processed IO instance aud_dacdat_2_syn_4 with INV attribute.
PHY-1001 : Processed IO instance aud_dacdat_3_syn_4 with INV attribute.
PHY-1001 : Generate nets ...
PHY-1001 : clock net aud_bclk_syn_4 will be merged with clock aud_bclk_dup_1
PHY-1001 : clock net aud_bclk_1_syn_4 will be merged with clock aud_bclk_1_dup_1
PHY-1001 : clock net aud_bclk_2_syn_4 will be merged with clock aud_bclk_2_dup_1
PHY-1001 : clock net aud_bclk_3_syn_4 will be merged with clock aud_bclk_3_dup_1
PHY-1001 : net aud_mclk_dup_1 will be routed on clock mesh
PHY-1001 : net aud_mclk_1_dup_1 will be routed on clock mesh
PHY-1001 : net aud_mclk_2_dup_1 will be routed on clock mesh
PHY-1001 : net aud_mclk_3_dup_1 will be routed on clock mesh
PHY-1001 : clock net ilaclk_dup_1 will be merged with clock u_pll_clk/clk0_buf
PHY-1001 : clock net ilaclk_1_dup_1 will be merged with clock u1_pll_clk/clk0_buf
PHY-1001 : clock net ilaclk_2_dup_1 will be merged with clock u2_pll_clk/clk0_buf
PHY-1001 : clock net ilaclk_3_dup_1 will be merged with clock u3_pll_clk/clk0_buf
PHY-1001 : net sys_clk_dup_1 will be routed on clock mesh
PHY-1001 : clock net u1_es8388_ctrl/u_es8388_config/u_i2c_dri/dri_clk_syn_4 will be merged with clock u1_es8388_ctrl/u_es8388_config/u_i2c_dri/dri_clk
PHY-1001 : clock net u2_es8388_ctrl/u_es8388_config/u_i2c_dri/dri_clk_syn_4 will be merged with clock u2_es8388_ctrl/u_es8388_config/u_i2c_dri/dri_clk
PHY-1001 : clock net u3_es8388_ctrl/u_es8388_config/u_i2c_dri/dri_clk_syn_4 will be merged with clock u3_es8388_ctrl/u_es8388_config/u_i2c_dri/dri_clk
PHY-1001 : eco open net = 0
PHY-1001 : 22 feed throughs used by 21 nets
RUN-1001 : Import IO constraints
RUN-1001 : Import Inst constraints
RUN-1001 : Import design success TD_VERSION=5.6.71036 , DB_VERSION=46146
RUN-1003 : finish command "import_db C:/Users/Lviva/Desktop/4MIC - SPAR _1_1/TD/ES8388_Runs/phy_1/ES8388_pr.db" in  1.088459s wall, 1.093750s user + 0.156250s system = 1.250000s CPU (114.8%)

RUN-1004 : used memory is 613 MB, reserved memory is 600 MB, peak memory is 620 MB
RUN-1002 : start command "download -bit ES8388_Runs\phy_1\ES8388.bit -mode jtag -spd 7 -sec 64 -cable 0"
PRG-2014 : Chip validation success: EAGLE_S20_BG256
RUN-1002 : start command "bit_to_vec -chip EAGLE_S20_BG256 -m jtag_burst -freq 4 -bit ES8388_Runs/phy_1/ES8388.bit"
RUN-1002 : start command "program -cable 0 -mode svf -spd 7 -p"
RUN-1003 : finish command "program -cable 0 -mode svf -spd 7 -p" in  6.274490s wall, 0.140625s user + 0.484375s system = 0.625000s CPU (10.0%)

RUN-1004 : used memory is 615 MB, reserved memory is 601 MB, peak memory is 632 MB
RUN-1003 : finish command "download -bit ES8388_Runs\phy_1\ES8388.bit -mode jtag -spd 7 -sec 64 -cable 0" in  6.642540s wall, 0.187500s user + 0.546875s system = 0.734375s CPU (11.1%)

RUN-1004 : used memory is 615 MB, reserved memory is 601 MB, peak memory is 632 MB
GUI-1001 : Downloading succeeded!
HDL-1007 : analyze verilog file ../RTL/spar_4mic_localization.v
HDL-1007 : analyze verilog file ../RTL/spar_4mic_localization.v
HDL-1007 : analyze verilog file ../RTL/spar_4mic_localization.v
RUN-1001 : reset_run syn_1 phy_1.
GUI-6001 WARNING: File C:/Users/Lviva/Desktop/4MIC - SPAR _1_1/TD/ES8388_Runs/phy_1/ES8388.bit does not exist!
RUN-1001 : launch_runs syn_1 phy_1  -jobs 6.
RUN-1001 : syn_1: run complete.
RUN-1001 : phy_1: run complete.
RUN-1001 : open_run phy_1.
RUN-1002 : start command "import_db C:/Users/Lviva/Desktop/4MIC - SPAR _1_1/TD/ES8388_Runs/phy_1/ES8388_pr.db"
RUN-1001 : Importing database generated by Tang Dynasty, V5.6.71036.
RUN-1001 : Database version number 46146.
RUN-1001 : Import flow parameters
PHY-1001 : Generate detailed routing grids ...
PHY-1001 : Processed IO instance aud_dacdat_syn_4 with INV attribute.
PHY-1001 : Processed IO instance aud_dacdat_1_syn_4 with INV attribute.
PHY-1001 : Processed IO instance aud_dacdat_2_syn_4 with INV attribute.
PHY-1001 : Processed IO instance aud_dacdat_3_syn_4 with INV attribute.
PHY-1001 : Generate nets ...
PHY-1001 : clock net aud_bclk_syn_4 will be merged with clock aud_bclk_dup_1
PHY-1001 : clock net aud_bclk_1_syn_4 will be merged with clock aud_bclk_1_dup_1
PHY-1001 : clock net aud_bclk_2_syn_4 will be merged with clock aud_bclk_2_dup_1
PHY-1001 : clock net aud_bclk_3_syn_4 will be merged with clock aud_bclk_3_dup_1
PHY-1001 : net aud_mclk_dup_1 will be routed on clock mesh
PHY-1001 : net aud_mclk_1_dup_1 will be routed on clock mesh
PHY-1001 : net aud_mclk_2_dup_1 will be routed on clock mesh
PHY-1001 : net aud_mclk_3_dup_1 will be routed on clock mesh
PHY-1001 : clock net ilaclk_dup_1 will be merged with clock u_pll_clk/clk0_buf
PHY-1001 : clock net ilaclk_1_dup_1 will be merged with clock u1_pll_clk/clk0_buf
PHY-1001 : clock net ilaclk_2_dup_1 will be merged with clock u2_pll_clk/clk0_buf
PHY-1001 : clock net ilaclk_3_dup_1 will be merged with clock u3_pll_clk/clk0_buf
PHY-1001 : net sys_clk_dup_1 will be routed on clock mesh
PHY-1001 : clock net u1_es8388_ctrl/u_es8388_config/u_i2c_dri/dri_clk_syn_4 will be merged with clock u1_es8388_ctrl/u_es8388_config/u_i2c_dri/dri_clk
PHY-1001 : clock net u2_es8388_ctrl/u_es8388_config/u_i2c_dri/dri_clk_syn_4 will be merged with clock u2_es8388_ctrl/u_es8388_config/u_i2c_dri/dri_clk
PHY-1001 : clock net u3_es8388_ctrl/u_es8388_config/u_i2c_dri/dri_clk_syn_4 will be merged with clock u3_es8388_ctrl/u_es8388_config/u_i2c_dri/dri_clk
PHY-1001 : eco open net = 0
PHY-1001 : 24 feed throughs used by 22 nets
RUN-1001 : Import IO constraints
RUN-1001 : Import Inst constraints
RUN-1001 : Import design success TD_VERSION=5.6.71036 , DB_VERSION=46146
RUN-1003 : finish command "import_db C:/Users/Lviva/Desktop/4MIC - SPAR _1_1/TD/ES8388_Runs/phy_1/ES8388_pr.db" in  1.041313s wall, 1.031250s user + 0.093750s system = 1.125000s CPU (108.0%)

RUN-1004 : used memory is 616 MB, reserved memory is 603 MB, peak memory is 632 MB
RUN-1002 : start command "download -bit ES8388_Runs\phy_1\ES8388.bit -mode jtag -spd 7 -sec 64 -cable 0"
PRG-2014 : Chip validation success: EAGLE_S20_BG256
RUN-1002 : start command "bit_to_vec -chip EAGLE_S20_BG256 -m jtag_burst -freq 4 -bit ES8388_Runs/phy_1/ES8388.bit"
RUN-1002 : start command "program -cable 0 -mode svf -spd 7 -p"
RUN-1003 : finish command "program -cable 0 -mode svf -spd 7 -p" in  6.273927s wall, 0.109375s user + 0.515625s system = 0.625000s CPU (10.0%)

RUN-1004 : used memory is 617 MB, reserved memory is 604 MB, peak memory is 635 MB
RUN-1003 : finish command "download -bit ES8388_Runs\phy_1\ES8388.bit -mode jtag -spd 7 -sec 64 -cable 0" in  6.640308s wall, 0.156250s user + 0.546875s system = 0.703125s CPU (10.6%)

RUN-1004 : used memory is 617 MB, reserved memory is 604 MB, peak memory is 635 MB
GUI-1001 : Downloading succeeded!
HDL-1007 : analyze verilog file ../RTL/spar_4mic_localization.v
RUN-1001 : reset_run syn_1 phy_1.
GUI-6001 WARNING: File C:/Users/Lviva/Desktop/4MIC - SPAR _1_1/TD/ES8388_Runs/phy_1/ES8388.bit does not exist!
RUN-1001 : launch_runs syn_1 phy_1  -jobs 6.
RUN-1001 : syn_1: run complete.
RUN-1001 : phy_1: run complete.
RUN-1001 : open_run phy_1.
RUN-1002 : start command "import_db C:/Users/Lviva/Desktop/4MIC - SPAR _1_1/TD/ES8388_Runs/phy_1/ES8388_pr.db"
RUN-1001 : Importing database generated by Tang Dynasty, V5.6.71036.
RUN-1001 : Database version number 46146.
RUN-1001 : Import flow parameters
PHY-1001 : Generate detailed routing grids ...
PHY-1001 : Processed IO instance aud_dacdat_syn_4 with INV attribute.
PHY-1001 : Processed IO instance aud_dacdat_1_syn_4 with INV attribute.
PHY-1001 : Processed IO instance aud_dacdat_2_syn_4 with INV attribute.
PHY-1001 : Processed IO instance aud_dacdat_3_syn_4 with INV attribute.
PHY-1001 : Generate nets ...
PHY-1001 : clock net aud_bclk_syn_4 will be merged with clock aud_bclk_dup_1
PHY-1001 : clock net aud_bclk_1_syn_4 will be merged with clock aud_bclk_1_dup_1
PHY-1001 : clock net aud_bclk_2_syn_4 will be merged with clock aud_bclk_2_dup_1
PHY-1001 : clock net aud_bclk_3_syn_4 will be merged with clock aud_bclk_3_dup_1
PHY-1001 : net aud_mclk_dup_1 will be routed on clock mesh
PHY-1001 : net aud_mclk_1_dup_1 will be routed on clock mesh
PHY-1001 : net aud_mclk_2_dup_1 will be routed on clock mesh
PHY-1001 : net aud_mclk_3_dup_1 will be routed on clock mesh
PHY-1001 : clock net ilaclk_dup_1 will be merged with clock u_pll_clk/clk0_buf
PHY-1001 : clock net ilaclk_1_dup_1 will be merged with clock u1_pll_clk/clk0_buf
PHY-1001 : clock net ilaclk_2_dup_1 will be merged with clock u2_pll_clk/clk0_buf
PHY-1001 : clock net ilaclk_3_dup_1 will be merged with clock u3_pll_clk/clk0_buf
PHY-1001 : net sys_clk_dup_1 will be routed on clock mesh
PHY-1001 : clock net u1_es8388_ctrl/u_es8388_config/u_i2c_dri/dri_clk_syn_4 will be merged with clock u1_es8388_ctrl/u_es8388_config/u_i2c_dri/dri_clk
PHY-1001 : clock net u2_es8388_ctrl/u_es8388_config/u_i2c_dri/dri_clk_syn_4 will be merged with clock u2_es8388_ctrl/u_es8388_config/u_i2c_dri/dri_clk
PHY-1001 : clock net u3_es8388_ctrl/u_es8388_config/u_i2c_dri/dri_clk_syn_4 will be merged with clock u3_es8388_ctrl/u_es8388_config/u_i2c_dri/dri_clk
PHY-1001 : eco open net = 0
PHY-1001 : 24 feed throughs used by 22 nets
RUN-1001 : Import IO constraints
RUN-1001 : Import Inst constraints
RUN-1001 : Import design success TD_VERSION=5.6.71036 , DB_VERSION=46146
RUN-1003 : finish command "import_db C:/Users/Lviva/Desktop/4MIC - SPAR _1_1/TD/ES8388_Runs/phy_1/ES8388_pr.db" in  1.045034s wall, 0.937500s user + 0.203125s system = 1.140625s CPU (109.1%)

RUN-1004 : used memory is 620 MB, reserved memory is 609 MB, peak memory is 635 MB
RUN-1002 : start command "download -bit ES8388_Runs\phy_1\ES8388.bit -mode jtag -spd 7 -sec 64 -cable 0"
PRG-2014 : Chip validation success: EAGLE_S20_BG256
RUN-1002 : start command "bit_to_vec -chip EAGLE_S20_BG256 -m jtag_burst -freq 4 -bit ES8388_Runs/phy_1/ES8388.bit"
RUN-1002 : start command "program -cable 0 -mode svf -spd 7 -p"
RUN-1003 : finish command "program -cable 0 -mode svf -spd 7 -p" in  6.276834s wall, 0.109375s user + 0.578125s system = 0.687500s CPU (11.0%)

RUN-1004 : used memory is 623 MB, reserved memory is 612 MB, peak memory is 641 MB
RUN-1003 : finish command "download -bit ES8388_Runs\phy_1\ES8388.bit -mode jtag -spd 7 -sec 64 -cable 0" in  6.648013s wall, 0.140625s user + 0.656250s system = 0.796875s CPU (12.0%)

RUN-1004 : used memory is 623 MB, reserved memory is 612 MB, peak memory is 641 MB
GUI-1001 : Downloading succeeded!
HDL-1007 : analyze verilog file ../RTL/spar_4mic_localization.v
RUN-1001 : reset_run syn_1 phy_1.
GUI-6001 WARNING: File C:/Users/Lviva/Desktop/4MIC - SPAR _1_1/TD/ES8388_Runs/phy_1/ES8388.bit does not exist!
RUN-1001 : launch_runs syn_1 phy_1  -jobs 6.
RUN-1001 : syn_1: run complete.
RUN-1001 : phy_1: run complete.
RUN-1001 : open_run phy_1.
RUN-1002 : start command "import_db C:/Users/Lviva/Desktop/4MIC - SPAR _1_1/TD/ES8388_Runs/phy_1/ES8388_pr.db"
RUN-1001 : Importing database generated by Tang Dynasty, V5.6.71036.
RUN-1001 : Database version number 46146.
RUN-1001 : Import flow parameters
PHY-1001 : Generate detailed routing grids ...
PHY-1001 : Processed IO instance aud_dacdat_syn_4 with INV attribute.
PHY-1001 : Processed IO instance aud_dacdat_1_syn_4 with INV attribute.
PHY-1001 : Processed IO instance aud_dacdat_2_syn_4 with INV attribute.
PHY-1001 : Processed IO instance aud_dacdat_3_syn_4 with INV attribute.
PHY-1001 : Generate nets ...
PHY-1001 : clock net aud_bclk_syn_4 will be merged with clock aud_bclk_dup_1
PHY-1001 : clock net aud_bclk_1_syn_4 will be merged with clock aud_bclk_1_dup_1
PHY-1001 : clock net aud_bclk_2_syn_4 will be merged with clock aud_bclk_2_dup_1
PHY-1001 : clock net aud_bclk_3_syn_4 will be merged with clock aud_bclk_3_dup_1
PHY-1001 : net aud_mclk_dup_1 will be routed on clock mesh
PHY-1001 : net aud_mclk_1_dup_1 will be routed on clock mesh
PHY-1001 : net aud_mclk_2_dup_1 will be routed on clock mesh
PHY-1001 : net aud_mclk_3_dup_1 will be routed on clock mesh
PHY-1001 : clock net ilaclk_dup_1 will be merged with clock u_pll_clk/clk0_buf
PHY-1001 : clock net ilaclk_1_dup_1 will be merged with clock u1_pll_clk/clk0_buf
PHY-1001 : clock net ilaclk_2_dup_1 will be merged with clock u2_pll_clk/clk0_buf
PHY-1001 : clock net ilaclk_3_dup_1 will be merged with clock u3_pll_clk/clk0_buf
PHY-1001 : net sys_clk_dup_1 will be routed on clock mesh
PHY-1001 : clock net u1_es8388_ctrl/u_es8388_config/u_i2c_dri/dri_clk_syn_4 will be merged with clock u1_es8388_ctrl/u_es8388_config/u_i2c_dri/dri_clk
PHY-1001 : clock net u2_es8388_ctrl/u_es8388_config/u_i2c_dri/dri_clk_syn_4 will be merged with clock u2_es8388_ctrl/u_es8388_config/u_i2c_dri/dri_clk
PHY-1001 : clock net u3_es8388_ctrl/u_es8388_config/u_i2c_dri/dri_clk_syn_4 will be merged with clock u3_es8388_ctrl/u_es8388_config/u_i2c_dri/dri_clk
PHY-1001 : eco open net = 0
PHY-1001 : 21 feed throughs used by 19 nets
RUN-1001 : Import IO constraints
RUN-1001 : Import Inst constraints
RUN-1001 : Import design success TD_VERSION=5.6.71036 , DB_VERSION=46146
RUN-1003 : finish command "import_db C:/Users/Lviva/Desktop/4MIC - SPAR _1_1/TD/ES8388_Runs/phy_1/ES8388_pr.db" in  1.051459s wall, 0.968750s user + 0.187500s system = 1.156250s CPU (110.0%)

RUN-1004 : used memory is 619 MB, reserved memory is 608 MB, peak memory is 641 MB
RUN-1002 : start command "download -bit ES8388_Runs\phy_1\ES8388.bit -mode jtag -spd 7 -sec 64 -cable 0"
PRG-2014 : Chip validation success: EAGLE_S20_BG256
RUN-1002 : start command "bit_to_vec -chip EAGLE_S20_BG256 -m jtag_burst -freq 4 -bit ES8388_Runs/phy_1/ES8388.bit"
RUN-1002 : start command "program -cable 0 -mode svf -spd 7 -p"
RUN-1003 : finish command "program -cable 0 -mode svf -spd 7 -p" in  6.269704s wall, 0.031250s user + 0.375000s system = 0.406250s CPU (6.5%)

RUN-1004 : used memory is 620 MB, reserved memory is 609 MB, peak memory is 641 MB
RUN-1003 : finish command "download -bit ES8388_Runs\phy_1\ES8388.bit -mode jtag -spd 7 -sec 64 -cable 0" in  6.637813s wall, 0.093750s user + 0.421875s system = 0.515625s CPU (7.8%)

RUN-1004 : used memory is 620 MB, reserved memory is 609 MB, peak memory is 641 MB
GUI-1001 : Downloading succeeded!
RUN-1002 : start command "download -bit ES8388_Runs\phy_1\ES8388.bit -mode jtag -spd 7 -sec 64 -cable 0"
PRG-2014 : Chip validation success: EAGLE_S20_BG256
RUN-1002 : start command "bit_to_vec -chip EAGLE_S20_BG256 -m jtag_burst -freq 4 -bit ES8388_Runs/phy_1/ES8388.bit"
RUN-1002 : start command "program -cable 0 -mode svf -spd 7 -p"
RUN-1003 : finish command "program -cable 0 -mode svf -spd 7 -p" in  6.273997s wall, 0.062500s user + 0.250000s system = 0.312500s CPU (5.0%)

RUN-1004 : used memory is 621 MB, reserved memory is 609 MB, peak memory is 641 MB
RUN-1003 : finish command "download -bit ES8388_Runs\phy_1\ES8388.bit -mode jtag -spd 7 -sec 64 -cable 0" in  6.640144s wall, 0.125000s user + 0.265625s system = 0.390625s CPU (5.9%)

RUN-1004 : used memory is 621 MB, reserved memory is 609 MB, peak memory is 641 MB
GUI-1001 : Downloading succeeded!
HDL-1007 : analyze verilog file ../RTL/spar_4mic_localization.v
RUN-1001 : reset_run syn_1 phy_1.
GUI-6001 WARNING: File C:/Users/Lviva/Desktop/4MIC - SPAR _1_1/TD/ES8388_Runs/phy_1/ES8388.bit does not exist!
RUN-1001 : launch_runs syn_1 phy_1  -jobs 6.
RUN-1001 : syn_1: run complete.
RUN-1001 : phy_1: run complete.
RUN-1001 : open_run phy_1.
RUN-1002 : start command "import_db C:/Users/Lviva/Desktop/4MIC - SPAR _1_1/TD/ES8388_Runs/phy_1/ES8388_pr.db"
RUN-1001 : Importing database generated by Tang Dynasty, V5.6.71036.
RUN-1001 : Database version number 46146.
RUN-1001 : Import flow parameters
PHY-1001 : Generate detailed routing grids ...
PHY-1001 : Processed IO instance aud_dacdat_syn_4 with INV attribute.
PHY-1001 : Processed IO instance aud_dacdat_1_syn_4 with INV attribute.
PHY-1001 : Processed IO instance aud_dacdat_2_syn_4 with INV attribute.
PHY-1001 : Processed IO instance aud_dacdat_3_syn_4 with INV attribute.
PHY-1001 : Generate nets ...
PHY-1001 : clock net aud_bclk_syn_4 will be merged with clock aud_bclk_dup_1
PHY-1001 : clock net aud_bclk_1_syn_4 will be merged with clock aud_bclk_1_dup_1
PHY-1001 : clock net aud_bclk_2_syn_4 will be merged with clock aud_bclk_2_dup_1
PHY-1001 : clock net aud_bclk_3_syn_4 will be merged with clock aud_bclk_3_dup_1
PHY-1001 : net aud_mclk_dup_1 will be routed on clock mesh
PHY-1001 : net aud_mclk_1_dup_1 will be routed on clock mesh
PHY-1001 : net aud_mclk_2_dup_1 will be routed on clock mesh
PHY-1001 : net aud_mclk_3_dup_1 will be routed on clock mesh
PHY-1001 : clock net ilaclk_dup_1 will be merged with clock u_pll_clk/clk0_buf
PHY-1001 : clock net ilaclk_1_dup_1 will be merged with clock u1_pll_clk/clk0_buf
PHY-1001 : clock net ilaclk_2_dup_1 will be merged with clock u2_pll_clk/clk0_buf
PHY-1001 : clock net ilaclk_3_dup_1 will be merged with clock u3_pll_clk/clk0_buf
PHY-1001 : net sys_clk_dup_1 will be routed on clock mesh
PHY-1001 : clock net u1_es8388_ctrl/u_es8388_config/u_i2c_dri/dri_clk_syn_4 will be merged with clock u1_es8388_ctrl/u_es8388_config/u_i2c_dri/dri_clk
PHY-1001 : clock net u2_es8388_ctrl/u_es8388_config/u_i2c_dri/dri_clk_syn_4 will be merged with clock u2_es8388_ctrl/u_es8388_config/u_i2c_dri/dri_clk
PHY-1001 : clock net u3_es8388_ctrl/u_es8388_config/u_i2c_dri/dri_clk_syn_4 will be merged with clock u3_es8388_ctrl/u_es8388_config/u_i2c_dri/dri_clk
PHY-1001 : eco open net = 0
PHY-1001 : 21 feed throughs used by 19 nets
RUN-1001 : Import IO constraints
RUN-1001 : Import Inst constraints
RUN-1001 : Import design success TD_VERSION=5.6.71036 , DB_VERSION=46146
RUN-1003 : finish command "import_db C:/Users/Lviva/Desktop/4MIC - SPAR _1_1/TD/ES8388_Runs/phy_1/ES8388_pr.db" in  1.084729s wall, 1.046875s user + 0.171875s system = 1.218750s CPU (112.4%)

RUN-1004 : used memory is 622 MB, reserved memory is 612 MB, peak memory is 641 MB
RUN-1001 : reset_run syn_1 phy_1.
RUN-1001 : launch_runs syn_1 phy_1  -jobs 6.
RUN-1001 : syn_1: run complete.
RUN-1001 : phy_1: run complete.
RUN-1001 : open_run phy_1.
RUN-1002 : start command "import_db C:/Users/Lviva/Desktop/4MIC - SPAR _1_1/TD/ES8388_Runs/phy_1/ES8388_pr.db"
RUN-1001 : Importing database generated by Tang Dynasty, V5.6.71036.
RUN-1001 : Database version number 46146.
RUN-1001 : Import flow parameters
PHY-1001 : Generate detailed routing grids ...
PHY-1001 : Processed IO instance aud_dacdat_syn_4 with INV attribute.
PHY-1001 : Processed IO instance aud_dacdat_1_syn_4 with INV attribute.
PHY-1001 : Processed IO instance aud_dacdat_2_syn_4 with INV attribute.
PHY-1001 : Processed IO instance aud_dacdat_3_syn_4 with INV attribute.
PHY-1001 : Generate nets ...
PHY-1001 : clock net aud_bclk_syn_4 will be merged with clock aud_bclk_dup_1
PHY-1001 : clock net aud_bclk_1_syn_4 will be merged with clock aud_bclk_1_dup_1
PHY-1001 : clock net aud_bclk_2_syn_4 will be merged with clock aud_bclk_2_dup_1
PHY-1001 : clock net aud_bclk_3_syn_4 will be merged with clock aud_bclk_3_dup_1
PHY-1001 : net aud_mclk_dup_1 will be routed on clock mesh
PHY-1001 : net aud_mclk_1_dup_1 will be routed on clock mesh
PHY-1001 : net aud_mclk_2_dup_1 will be routed on clock mesh
PHY-1001 : net aud_mclk_3_dup_1 will be routed on clock mesh
PHY-1001 : clock net ilaclk_dup_1 will be merged with clock u_pll_clk/clk0_buf
PHY-1001 : clock net ilaclk_1_dup_1 will be merged with clock u1_pll_clk/clk0_buf
PHY-1001 : clock net ilaclk_2_dup_1 will be merged with clock u2_pll_clk/clk0_buf
PHY-1001 : clock net ilaclk_3_dup_1 will be merged with clock u3_pll_clk/clk0_buf
PHY-1001 : net sys_clk_dup_1 will be routed on clock mesh
PHY-1001 : clock net u1_es8388_ctrl/u_es8388_config/u_i2c_dri/dri_clk_syn_4 will be merged with clock u1_es8388_ctrl/u_es8388_config/u_i2c_dri/dri_clk
PHY-1001 : clock net u2_es8388_ctrl/u_es8388_config/u_i2c_dri/dri_clk_syn_4 will be merged with clock u2_es8388_ctrl/u_es8388_config/u_i2c_dri/dri_clk
PHY-1001 : clock net u3_es8388_ctrl/u_es8388_config/u_i2c_dri/dri_clk_syn_4 will be merged with clock u3_es8388_ctrl/u_es8388_config/u_i2c_dri/dri_clk
PHY-1001 : eco open net = 0
PHY-1001 : 21 feed throughs used by 19 nets
RUN-1001 : Import IO constraints
RUN-1001 : Import Inst constraints
RUN-1001 : Import design success TD_VERSION=5.6.71036 , DB_VERSION=46146
RUN-1003 : finish command "import_db C:/Users/Lviva/Desktop/4MIC - SPAR _1_1/TD/ES8388_Runs/phy_1/ES8388_pr.db" in  1.040156s wall, 0.984375s user + 0.171875s system = 1.156250s CPU (111.2%)

RUN-1004 : used memory is 632 MB, reserved memory is 622 MB, peak memory is 641 MB
RUN-1002 : start command "download -bit ES8388_Runs\phy_1\ES8388.bit -mode jtag -spd 7 -sec 64 -cable 0"
PRG-2014 : Chip validation success: EAGLE_S20_BG256
RUN-1002 : start command "bit_to_vec -chip EAGLE_S20_BG256 -m jtag_burst -freq 4 -bit ES8388_Runs/phy_1/ES8388.bit"
RUN-1002 : start command "program -cable 0 -mode svf -spd 7 -p"
RUN-1003 : finish command "program -cable 0 -mode svf -spd 7 -p" in  6.269354s wall, 0.234375s user + 0.437500s system = 0.671875s CPU (10.7%)

RUN-1004 : used memory is 630 MB, reserved memory is 621 MB, peak memory is 647 MB
RUN-1003 : finish command "download -bit ES8388_Runs\phy_1\ES8388.bit -mode jtag -spd 7 -sec 64 -cable 0" in  6.638094s wall, 0.281250s user + 0.468750s system = 0.750000s CPU (11.3%)

RUN-1004 : used memory is 630 MB, reserved memory is 621 MB, peak memory is 647 MB
GUI-1001 : Downloading succeeded!
HDL-1007 : analyze verilog file ../RTL/spar_4mic_localization.v
RUN-1002 : start command "download -bit ES8388_Runs\phy_1\ES8388.bit -mode jtag -spd 7 -sec 64 -cable 0"
PRG-2014 : Chip validation success: EAGLE_S20_BG256
RUN-1002 : start command "bit_to_vec -chip EAGLE_S20_BG256 -m jtag_burst -freq 4 -bit ES8388_Runs/phy_1/ES8388.bit"
RUN-1002 : start command "program -cable 0 -mode svf -spd 7 -p"
RUN-1003 : finish command "program -cable 0 -mode svf -spd 7 -p" in  6.276945s wall, 0.218750s user + 0.500000s system = 0.718750s CPU (11.5%)

RUN-1004 : used memory is 631 MB, reserved memory is 622 MB, peak memory is 648 MB
RUN-1003 : finish command "download -bit ES8388_Runs\phy_1\ES8388.bit -mode jtag -spd 7 -sec 64 -cable 0" in  6.645959s wall, 0.250000s user + 0.562500s system = 0.812500s CPU (12.2%)

RUN-1004 : used memory is 631 MB, reserved memory is 622 MB, peak memory is 648 MB
GUI-1001 : Downloading succeeded!
RUN-1001 : reset_run syn_1 phy_1.
GUI-6001 WARNING: File C:/Users/Lviva/Desktop/4MIC - SPAR _1_1/TD/ES8388_Runs/phy_1/ES8388.bit does not exist!
RUN-1001 : launch_runs syn_1 phy_1  -jobs 6.
RUN-1001 : syn_1: run complete.
RUN-1001 : phy_1: run complete.
RUN-1001 : open_run phy_1.
RUN-1002 : start command "import_db C:/Users/Lviva/Desktop/4MIC - SPAR _1_1/TD/ES8388_Runs/phy_1/ES8388_pr.db"
RUN-1001 : Importing database generated by Tang Dynasty, V5.6.71036.
RUN-1001 : Database version number 46146.
RUN-1001 : Import flow parameters
PHY-1001 : Generate detailed routing grids ...
PHY-1001 : Processed IO instance aud_dacdat_syn_4 with INV attribute.
PHY-1001 : Processed IO instance aud_dacdat_1_syn_4 with INV attribute.
PHY-1001 : Processed IO instance aud_dacdat_2_syn_4 with INV attribute.
PHY-1001 : Processed IO instance aud_dacdat_3_syn_4 with INV attribute.
PHY-1001 : Generate nets ...
PHY-1001 : clock net aud_bclk_syn_4 will be merged with clock aud_bclk_dup_1
PHY-1001 : clock net aud_bclk_1_syn_4 will be merged with clock aud_bclk_1_dup_1
PHY-1001 : clock net aud_bclk_2_syn_4 will be merged with clock aud_bclk_2_dup_1
PHY-1001 : clock net aud_bclk_3_syn_4 will be merged with clock aud_bclk_3_dup_1
PHY-1001 : net aud_mclk_dup_1 will be routed on clock mesh
PHY-1001 : net aud_mclk_1_dup_1 will be routed on clock mesh
PHY-1001 : net aud_mclk_2_dup_1 will be routed on clock mesh
PHY-1001 : net aud_mclk_3_dup_1 will be routed on clock mesh
PHY-1001 : clock net ilaclk_dup_1 will be merged with clock u_pll_clk/clk0_buf
PHY-1001 : clock net ilaclk_1_dup_1 will be merged with clock u1_pll_clk/clk0_buf
PHY-1001 : clock net ilaclk_2_dup_1 will be merged with clock u2_pll_clk/clk0_buf
PHY-1001 : clock net ilaclk_3_dup_1 will be merged with clock u3_pll_clk/clk0_buf
PHY-1001 : net sys_clk_dup_1 will be routed on clock mesh
PHY-1001 : clock net u1_es8388_ctrl/u_es8388_config/u_i2c_dri/dri_clk_syn_4 will be merged with clock u1_es8388_ctrl/u_es8388_config/u_i2c_dri/dri_clk
PHY-1001 : clock net u2_es8388_ctrl/u_es8388_config/u_i2c_dri/dri_clk_syn_4 will be merged with clock u2_es8388_ctrl/u_es8388_config/u_i2c_dri/dri_clk
PHY-1001 : clock net u3_es8388_ctrl/u_es8388_config/u_i2c_dri/dri_clk_syn_4 will be merged with clock u3_es8388_ctrl/u_es8388_config/u_i2c_dri/dri_clk
PHY-1001 : eco open net = 0
PHY-1001 : 21 feed throughs used by 19 nets
RUN-1001 : Import IO constraints
RUN-1001 : Import Inst constraints
RUN-1001 : Import design success TD_VERSION=5.6.71036 , DB_VERSION=46146
RUN-1003 : finish command "import_db C:/Users/Lviva/Desktop/4MIC - SPAR _1_1/TD/ES8388_Runs/phy_1/ES8388_pr.db" in  1.063715s wall, 1.046875s user + 0.171875s system = 1.218750s CPU (114.6%)

RUN-1004 : used memory is 635 MB, reserved memory is 625 MB, peak memory is 648 MB
RUN-1002 : start command "download -bit ES8388_Runs\phy_1\ES8388.bit -mode jtag -spd 7 -sec 64 -cable 0"
PRG-2014 : Chip validation success: EAGLE_S20_BG256
RUN-1002 : start command "bit_to_vec -chip EAGLE_S20_BG256 -m jtag_burst -freq 4 -bit ES8388_Runs/phy_1/ES8388.bit"
RUN-1002 : start command "program -cable 0 -mode svf -spd 7 -p"
RUN-1003 : finish command "program -cable 0 -mode svf -spd 7 -p" in  6.266350s wall, 0.140625s user + 0.281250s system = 0.421875s CPU (6.7%)

RUN-1004 : used memory is 636 MB, reserved memory is 626 MB, peak memory is 654 MB
RUN-1003 : finish command "download -bit ES8388_Runs\phy_1\ES8388.bit -mode jtag -spd 7 -sec 64 -cable 0" in  6.633140s wall, 0.171875s user + 0.328125s system = 0.500000s CPU (7.5%)

RUN-1004 : used memory is 636 MB, reserved memory is 626 MB, peak memory is 654 MB
GUI-1001 : Downloading succeeded!
HDL-1007 : analyze verilog file ../RTL/spar_4mic_localization.v
RUN-1001 : reset_run syn_1 phy_1.
GUI-6001 WARNING: File C:/Users/Lviva/Desktop/4MIC - SPAR _1_1/TD/ES8388_Runs/phy_1/ES8388.bit does not exist!
RUN-1001 : launch_runs syn_1 phy_1  -jobs 6.
RUN-1001 : syn_1: run complete.
RUN-1001 : phy_1: run complete.
RUN-1001 : open_run phy_1.
RUN-1002 : start command "import_db C:/Users/Lviva/Desktop/4MIC - SPAR _1_1/TD/ES8388_Runs/phy_1/ES8388_pr.db"
RUN-1001 : Importing database generated by Tang Dynasty, V5.6.71036.
RUN-1001 : Database version number 46146.
RUN-1001 : Import flow parameters
PHY-1001 : Generate detailed routing grids ...
PHY-1001 : Processed IO instance aud_dacdat_syn_4 with INV attribute.
PHY-1001 : Processed IO instance aud_dacdat_1_syn_4 with INV attribute.
PHY-1001 : Processed IO instance aud_dacdat_2_syn_4 with INV attribute.
PHY-1001 : Processed IO instance aud_dacdat_3_syn_4 with INV attribute.
PHY-1001 : Generate nets ...
PHY-1001 : clock net aud_bclk_syn_4 will be merged with clock aud_bclk_dup_1
PHY-1001 : clock net aud_bclk_1_syn_4 will be merged with clock aud_bclk_1_dup_1
PHY-1001 : clock net aud_bclk_2_syn_4 will be merged with clock aud_bclk_2_dup_1
PHY-1001 : clock net aud_bclk_3_syn_4 will be merged with clock aud_bclk_3_dup_1
PHY-1001 : net aud_mclk_dup_1 will be routed on clock mesh
PHY-1001 : net aud_mclk_1_dup_1 will be routed on clock mesh
PHY-1001 : net aud_mclk_2_dup_1 will be routed on clock mesh
PHY-1001 : net aud_mclk_3_dup_1 will be routed on clock mesh
PHY-1001 : clock net ilaclk_dup_1 will be merged with clock u_pll_clk/clk0_buf
PHY-1001 : clock net ilaclk_1_dup_1 will be merged with clock u1_pll_clk/clk0_buf
PHY-1001 : clock net ilaclk_2_dup_1 will be merged with clock u2_pll_clk/clk0_buf
PHY-1001 : clock net ilaclk_3_dup_1 will be merged with clock u3_pll_clk/clk0_buf
PHY-1001 : net sys_clk_dup_1 will be routed on clock mesh
PHY-1001 : clock net u1_es8388_ctrl/u_es8388_config/u_i2c_dri/dri_clk_syn_4 will be merged with clock u1_es8388_ctrl/u_es8388_config/u_i2c_dri/dri_clk
PHY-1001 : clock net u2_es8388_ctrl/u_es8388_config/u_i2c_dri/dri_clk_syn_4 will be merged with clock u2_es8388_ctrl/u_es8388_config/u_i2c_dri/dri_clk
PHY-1001 : clock net u3_es8388_ctrl/u_es8388_config/u_i2c_dri/dri_clk_syn_4 will be merged with clock u3_es8388_ctrl/u_es8388_config/u_i2c_dri/dri_clk
PHY-1001 : eco open net = 0
PHY-1001 : 21 feed throughs used by 19 nets
RUN-1001 : Import IO constraints
RUN-1001 : Import Inst constraints
RUN-1001 : Import design success TD_VERSION=5.6.71036 , DB_VERSION=46146
RUN-1003 : finish command "import_db C:/Users/Lviva/Desktop/4MIC - SPAR _1_1/TD/ES8388_Runs/phy_1/ES8388_pr.db" in  1.055413s wall, 1.031250s user + 0.171875s system = 1.203125s CPU (114.0%)

RUN-1004 : used memory is 645 MB, reserved memory is 636 MB, peak memory is 654 MB
RUN-1002 : start command "download -bit ES8388_Runs\phy_1\ES8388.bit -mode jtag -spd 7 -sec 64 -cable 0"
PRG-2014 : Chip validation success: EAGLE_S20_BG256
RUN-1002 : start command "bit_to_vec -chip EAGLE_S20_BG256 -m jtag_burst -freq 4 -bit ES8388_Runs/phy_1/ES8388.bit"
RUN-1002 : start command "program -cable 0 -mode svf -spd 7 -p"
RUN-1003 : finish command "program -cable 0 -mode svf -spd 7 -p" in  6.266591s wall, 0.171875s user + 0.390625s system = 0.562500s CPU (9.0%)

RUN-1004 : used memory is 646 MB, reserved memory is 636 MB, peak memory is 664 MB
RUN-1003 : finish command "download -bit ES8388_Runs\phy_1\ES8388.bit -mode jtag -spd 7 -sec 64 -cable 0" in  6.634066s wall, 0.234375s user + 0.437500s system = 0.671875s CPU (10.1%)

RUN-1004 : used memory is 646 MB, reserved memory is 636 MB, peak memory is 664 MB
GUI-1001 : Downloading succeeded!
HDL-1007 : analyze verilog file ../RTL/spar_4mic_localization.v
RUN-1001 : reset_run syn_1 phy_1.
GUI-6001 WARNING: File C:/Users/Lviva/Desktop/4MIC - SPAR _1_1/TD/ES8388_Runs/phy_1/ES8388.bit does not exist!
RUN-1001 : launch_runs syn_1 phy_1  -jobs 6.
RUN-1001 : syn_1: run complete.
RUN-1001 : phy_1: run complete.
RUN-1001 : open_run phy_1.
RUN-1002 : start command "import_db C:/Users/Lviva/Desktop/4MIC - SPAR _1_1/TD/ES8388_Runs/phy_1/ES8388_pr.db"
RUN-1001 : Importing database generated by Tang Dynasty, V5.6.71036.
RUN-1001 : Database version number 46146.
RUN-1001 : Import flow parameters
PHY-1001 : Generate detailed routing grids ...
PHY-1001 : Processed IO instance aud_dacdat_syn_4 with INV attribute.
PHY-1001 : Processed IO instance aud_dacdat_1_syn_4 with INV attribute.
PHY-1001 : Processed IO instance aud_dacdat_2_syn_4 with INV attribute.
PHY-1001 : Processed IO instance aud_dacdat_3_syn_4 with INV attribute.
PHY-1001 : Generate nets ...
PHY-1001 : clock net aud_bclk_syn_4 will be merged with clock aud_bclk_dup_1
PHY-1001 : clock net aud_bclk_1_syn_4 will be merged with clock aud_bclk_1_dup_1
PHY-1001 : clock net aud_bclk_2_syn_4 will be merged with clock aud_bclk_2_dup_1
PHY-1001 : clock net aud_bclk_3_syn_4 will be merged with clock aud_bclk_3_dup_1
PHY-1001 : net aud_mclk_dup_1 will be routed on clock mesh
PHY-1001 : net aud_mclk_1_dup_1 will be routed on clock mesh
PHY-1001 : net aud_mclk_2_dup_1 will be routed on clock mesh
PHY-1001 : net aud_mclk_3_dup_1 will be routed on clock mesh
PHY-1001 : clock net ilaclk_dup_1 will be merged with clock u_pll_clk/clk0_buf
PHY-1001 : clock net ilaclk_1_dup_1 will be merged with clock u1_pll_clk/clk0_buf
PHY-1001 : clock net ilaclk_2_dup_1 will be merged with clock u2_pll_clk/clk0_buf
PHY-1001 : clock net ilaclk_3_dup_1 will be merged with clock u3_pll_clk/clk0_buf
PHY-1001 : net sys_clk_dup_1 will be routed on clock mesh
PHY-1001 : clock net u1_es8388_ctrl/u_es8388_config/u_i2c_dri/dri_clk_syn_4 will be merged with clock u1_es8388_ctrl/u_es8388_config/u_i2c_dri/dri_clk
PHY-1001 : clock net u2_es8388_ctrl/u_es8388_config/u_i2c_dri/dri_clk_syn_4 will be merged with clock u2_es8388_ctrl/u_es8388_config/u_i2c_dri/dri_clk
PHY-1001 : clock net u3_es8388_ctrl/u_es8388_config/u_i2c_dri/dri_clk_syn_4 will be merged with clock u3_es8388_ctrl/u_es8388_config/u_i2c_dri/dri_clk
PHY-1001 : eco open net = 0
PHY-1001 : 17 feed throughs used by 17 nets
RUN-1001 : Import IO constraints
RUN-1001 : Import Inst constraints
RUN-1001 : Import design success TD_VERSION=5.6.71036 , DB_VERSION=46146
RUN-1003 : finish command "import_db C:/Users/Lviva/Desktop/4MIC - SPAR _1_1/TD/ES8388_Runs/phy_1/ES8388_pr.db" in  1.051268s wall, 0.968750s user + 0.218750s system = 1.187500s CPU (113.0%)

RUN-1004 : used memory is 641 MB, reserved memory is 631 MB, peak memory is 664 MB
RUN-1002 : start command "download -bit ES8388_Runs\phy_1\ES8388.bit -mode jtag -spd 7 -sec 64 -cable 0"
PRG-2014 : Chip validation success: EAGLE_S20_BG256
RUN-1002 : start command "bit_to_vec -chip EAGLE_S20_BG256 -m jtag_burst -freq 4 -bit ES8388_Runs/phy_1/ES8388.bit"
RUN-1002 : start command "program -cable 0 -mode svf -spd 7 -p"
RUN-1003 : finish command "program -cable 0 -mode svf -spd 7 -p" in  6.271707s wall, 0.078125s user + 0.390625s system = 0.468750s CPU (7.5%)

RUN-1004 : used memory is 640 MB, reserved memory is 629 MB, peak memory is 664 MB
RUN-1003 : finish command "download -bit ES8388_Runs\phy_1\ES8388.bit -mode jtag -spd 7 -sec 64 -cable 0" in  6.638739s wall, 0.140625s user + 0.453125s system = 0.593750s CPU (8.9%)

RUN-1004 : used memory is 640 MB, reserved memory is 629 MB, peak memory is 664 MB
GUI-1001 : Downloading succeeded!
HDL-1007 : analyze verilog file ../RTL/spar_4mic_localization.v
RUN-1001 : reset_run syn_1 phy_1.
GUI-6001 WARNING: File C:/Users/Lviva/Desktop/4MIC - SPAR _1_1/TD/ES8388_Runs/phy_1/ES8388.bit does not exist!
RUN-1001 : launch_runs syn_1 phy_1  -jobs 6.
RUN-1001 : syn_1: run complete.
RUN-1001 : phy_1: run complete.
RUN-1001 : open_run phy_1.
RUN-1002 : start command "import_db C:/Users/Lviva/Desktop/4MIC - SPAR _1_1/TD/ES8388_Runs/phy_1/ES8388_pr.db"
RUN-1001 : Importing database generated by Tang Dynasty, V5.6.71036.
RUN-1001 : Database version number 46146.
RUN-1001 : Import flow parameters
PHY-1001 : Generate detailed routing grids ...
PHY-1001 : Processed IO instance aud_dacdat_syn_4 with INV attribute.
PHY-1001 : Processed IO instance aud_dacdat_1_syn_4 with INV attribute.
PHY-1001 : Processed IO instance aud_dacdat_2_syn_4 with INV attribute.
PHY-1001 : Processed IO instance aud_dacdat_3_syn_4 with INV attribute.
PHY-1001 : Generate nets ...
PHY-1001 : clock net aud_bclk_syn_4 will be merged with clock aud_bclk_dup_1
PHY-1001 : clock net aud_bclk_1_syn_4 will be merged with clock aud_bclk_1_dup_1
PHY-1001 : clock net aud_bclk_2_syn_4 will be merged with clock aud_bclk_2_dup_1
PHY-1001 : clock net aud_bclk_3_syn_4 will be merged with clock aud_bclk_3_dup_1
PHY-1001 : net aud_mclk_dup_1 will be routed on clock mesh
PHY-1001 : net aud_mclk_1_dup_1 will be routed on clock mesh
PHY-1001 : net aud_mclk_2_dup_1 will be routed on clock mesh
PHY-1001 : net aud_mclk_3_dup_1 will be routed on clock mesh
PHY-1001 : clock net ilaclk_dup_1 will be merged with clock u_pll_clk/clk0_buf
PHY-1001 : clock net ilaclk_1_dup_1 will be merged with clock u1_pll_clk/clk0_buf
PHY-1001 : clock net ilaclk_2_dup_1 will be merged with clock u2_pll_clk/clk0_buf
PHY-1001 : clock net ilaclk_3_dup_1 will be merged with clock u3_pll_clk/clk0_buf
PHY-1001 : net sys_clk_dup_1 will be routed on clock mesh
PHY-1001 : clock net u1_es8388_ctrl/u_es8388_config/u_i2c_dri/dri_clk_syn_4 will be merged with clock u1_es8388_ctrl/u_es8388_config/u_i2c_dri/dri_clk
PHY-1001 : clock net u2_es8388_ctrl/u_es8388_config/u_i2c_dri/dri_clk_syn_4 will be merged with clock u2_es8388_ctrl/u_es8388_config/u_i2c_dri/dri_clk
PHY-1001 : clock net u3_es8388_ctrl/u_es8388_config/u_i2c_dri/dri_clk_syn_4 will be merged with clock u3_es8388_ctrl/u_es8388_config/u_i2c_dri/dri_clk
PHY-1001 : eco open net = 0
PHY-1001 : 21 feed throughs used by 19 nets
RUN-1001 : Import IO constraints
RUN-1001 : Import Inst constraints
RUN-1001 : Import design success TD_VERSION=5.6.71036 , DB_VERSION=46146
RUN-1003 : finish command "import_db C:/Users/Lviva/Desktop/4MIC - SPAR _1_1/TD/ES8388_Runs/phy_1/ES8388_pr.db" in  1.026359s wall, 1.000000s user + 0.156250s system = 1.156250s CPU (112.7%)

RUN-1004 : used memory is 648 MB, reserved memory is 638 MB, peak memory is 664 MB
RUN-1002 : start command "download -bit ES8388_Runs\phy_1\ES8388.bit -mode jtag -spd 7 -sec 64 -cable 0"
PRG-2014 : Chip validation success: EAGLE_S20_BG256
RUN-1002 : start command "bit_to_vec -chip EAGLE_S20_BG256 -m jtag_burst -freq 4 -bit ES8388_Runs/phy_1/ES8388.bit"
RUN-1002 : start command "program -cable 0 -mode svf -spd 7 -p"
RUN-1003 : finish command "program -cable 0 -mode svf -spd 7 -p" in  6.275787s wall, 0.125000s user + 0.250000s system = 0.375000s CPU (6.0%)

RUN-1004 : used memory is 650 MB, reserved memory is 639 MB, peak memory is 667 MB
RUN-1003 : finish command "download -bit ES8388_Runs\phy_1\ES8388.bit -mode jtag -spd 7 -sec 64 -cable 0" in  6.642278s wall, 0.234375s user + 0.281250s system = 0.515625s CPU (7.8%)

RUN-1004 : used memory is 650 MB, reserved memory is 639 MB, peak memory is 667 MB
GUI-1001 : Downloading succeeded!
HDL-1007 : analyze verilog file ../RTL/spar_4mic_localization.v
RUN-1001 : reset_run syn_1 phy_1.
GUI-6001 WARNING: File C:/Users/Lviva/Desktop/4MIC - SPAR _1_1/TD/ES8388_Runs/phy_1/ES8388.bit does not exist!
RUN-1001 : launch_runs syn_1 phy_1  -jobs 6.
RUN-1001 : syn_1: run complete.
RUN-1001 : phy_1: run complete.
RUN-1001 : open_run phy_1.
RUN-1002 : start command "import_db C:/Users/Lviva/Desktop/4MIC - SPAR _1_1/TD/ES8388_Runs/phy_1/ES8388_pr.db"
RUN-1001 : Importing database generated by Tang Dynasty, V5.6.71036.
RUN-1001 : Database version number 46146.
RUN-1001 : Import flow parameters
PHY-1001 : Generate detailed routing grids ...
PHY-1001 : Processed IO instance aud_dacdat_syn_4 with INV attribute.
PHY-1001 : Processed IO instance aud_dacdat_1_syn_4 with INV attribute.
PHY-1001 : Processed IO instance aud_dacdat_2_syn_4 with INV attribute.
PHY-1001 : Processed IO instance aud_dacdat_3_syn_4 with INV attribute.
PHY-1001 : Generate nets ...
PHY-1001 : clock net aud_bclk_syn_4 will be merged with clock aud_bclk_dup_1
PHY-1001 : clock net aud_bclk_1_syn_4 will be merged with clock aud_bclk_1_dup_1
PHY-1001 : clock net aud_bclk_2_syn_4 will be merged with clock aud_bclk_2_dup_1
PHY-1001 : clock net aud_bclk_3_syn_4 will be merged with clock aud_bclk_3_dup_1
PHY-1001 : net aud_mclk_dup_1 will be routed on clock mesh
PHY-1001 : net aud_mclk_1_dup_1 will be routed on clock mesh
PHY-1001 : net aud_mclk_2_dup_1 will be routed on clock mesh
PHY-1001 : net aud_mclk_3_dup_1 will be routed on clock mesh
PHY-1001 : clock net ilaclk_dup_1 will be merged with clock u_pll_clk/clk0_buf
PHY-1001 : clock net ilaclk_1_dup_1 will be merged with clock u1_pll_clk/clk0_buf
PHY-1001 : clock net ilaclk_2_dup_1 will be merged with clock u2_pll_clk/clk0_buf
PHY-1001 : clock net ilaclk_3_dup_1 will be merged with clock u3_pll_clk/clk0_buf
PHY-1001 : net sys_clk_dup_1 will be routed on clock mesh
PHY-1001 : clock net u1_es8388_ctrl/u_es8388_config/u_i2c_dri/dri_clk_syn_4 will be merged with clock u1_es8388_ctrl/u_es8388_config/u_i2c_dri/dri_clk
PHY-1001 : clock net u2_es8388_ctrl/u_es8388_config/u_i2c_dri/dri_clk_syn_4 will be merged with clock u2_es8388_ctrl/u_es8388_config/u_i2c_dri/dri_clk
PHY-1001 : clock net u3_es8388_ctrl/u_es8388_config/u_i2c_dri/dri_clk_syn_4 will be merged with clock u3_es8388_ctrl/u_es8388_config/u_i2c_dri/dri_clk
PHY-1001 : eco open net = 0
PHY-1001 : 21 feed throughs used by 19 nets
RUN-1001 : Import IO constraints
RUN-1001 : Import Inst constraints
RUN-1001 : Import design success TD_VERSION=5.6.71036 , DB_VERSION=46146
RUN-1003 : finish command "import_db C:/Users/Lviva/Desktop/4MIC - SPAR _1_1/TD/ES8388_Runs/phy_1/ES8388_pr.db" in  1.007784s wall, 0.968750s user + 0.109375s system = 1.078125s CPU (107.0%)

RUN-1004 : used memory is 658 MB, reserved memory is 645 MB, peak memory is 667 MB
RUN-1002 : start command "download -bit ES8388_Runs\phy_1\ES8388.bit -mode jtag -spd 7 -sec 64 -cable 0"
PRG-2014 : Chip validation success: EAGLE_S20_BG256
RUN-1002 : start command "bit_to_vec -chip EAGLE_S20_BG256 -m jtag_burst -freq 4 -bit ES8388_Runs/phy_1/ES8388.bit"
RUN-1002 : start command "program -cable 0 -mode svf -spd 7 -p"
RUN-1003 : finish command "program -cable 0 -mode svf -spd 7 -p" in  6.275437s wall, 0.062500s user + 0.468750s system = 0.531250s CPU (8.5%)

RUN-1004 : used memory is 658 MB, reserved memory is 646 MB, peak memory is 675 MB
RUN-1003 : finish command "download -bit ES8388_Runs\phy_1\ES8388.bit -mode jtag -spd 7 -sec 64 -cable 0" in  6.645770s wall, 0.093750s user + 0.562500s system = 0.656250s CPU (9.9%)

RUN-1004 : used memory is 658 MB, reserved memory is 646 MB, peak memory is 675 MB
GUI-1001 : Downloading succeeded!
HDL-1007 : analyze verilog file ../RTL/spar_4mic_localization.v
RUN-1001 : reset_run syn_1 phy_1.
GUI-6001 WARNING: File C:/Users/Lviva/Desktop/4MIC - SPAR _1_1/TD/ES8388_Runs/phy_1/ES8388.bit does not exist!
RUN-1001 : launch_runs syn_1 phy_1  -jobs 6.
RUN-1001 : syn_1: run complete.
RUN-1001 : phy_1: run complete.
RUN-1001 : open_run phy_1.
RUN-1002 : start command "import_db C:/Users/Lviva/Desktop/4MIC - SPAR _1_1/TD/ES8388_Runs/phy_1/ES8388_pr.db"
RUN-1001 : Importing database generated by Tang Dynasty, V5.6.71036.
RUN-1001 : Database version number 46146.
RUN-1001 : Import flow parameters
PHY-1001 : Generate detailed routing grids ...
PHY-1001 : Processed IO instance aud_dacdat_syn_4 with INV attribute.
PHY-1001 : Processed IO instance aud_dacdat_1_syn_4 with INV attribute.
PHY-1001 : Processed IO instance aud_dacdat_2_syn_4 with INV attribute.
PHY-1001 : Processed IO instance aud_dacdat_3_syn_4 with INV attribute.
PHY-1001 : Generate nets ...
PHY-1001 : clock net aud_bclk_syn_4 will be merged with clock aud_bclk_dup_1
PHY-1001 : clock net aud_bclk_1_syn_4 will be merged with clock aud_bclk_1_dup_1
PHY-1001 : clock net aud_bclk_2_syn_4 will be merged with clock aud_bclk_2_dup_1
PHY-1001 : clock net aud_bclk_3_syn_4 will be merged with clock aud_bclk_3_dup_1
PHY-1001 : net aud_mclk_dup_1 will be routed on clock mesh
PHY-1001 : net aud_mclk_1_dup_1 will be routed on clock mesh
PHY-1001 : net aud_mclk_2_dup_1 will be routed on clock mesh
PHY-1001 : net aud_mclk_3_dup_1 will be routed on clock mesh
PHY-1001 : clock net ilaclk_dup_1 will be merged with clock u_pll_clk/clk0_buf
PHY-1001 : clock net ilaclk_1_dup_1 will be merged with clock u1_pll_clk/clk0_buf
PHY-1001 : clock net ilaclk_2_dup_1 will be merged with clock u2_pll_clk/clk0_buf
PHY-1001 : clock net ilaclk_3_dup_1 will be merged with clock u3_pll_clk/clk0_buf
PHY-1001 : net sys_clk_dup_1 will be routed on clock mesh
PHY-1001 : clock net u1_es8388_ctrl/u_es8388_config/u_i2c_dri/dri_clk_syn_4 will be merged with clock u1_es8388_ctrl/u_es8388_config/u_i2c_dri/dri_clk
PHY-1001 : clock net u2_es8388_ctrl/u_es8388_config/u_i2c_dri/dri_clk_syn_4 will be merged with clock u2_es8388_ctrl/u_es8388_config/u_i2c_dri/dri_clk
PHY-1001 : clock net u3_es8388_ctrl/u_es8388_config/u_i2c_dri/dri_clk_syn_4 will be merged with clock u3_es8388_ctrl/u_es8388_config/u_i2c_dri/dri_clk
PHY-1001 : eco open net = 0
PHY-1001 : 19 feed throughs used by 15 nets
RUN-1001 : Import IO constraints
RUN-1001 : Import Inst constraints
RUN-1001 : Import design success TD_VERSION=5.6.71036 , DB_VERSION=46146
RUN-1003 : finish command "import_db C:/Users/Lviva/Desktop/4MIC - SPAR _1_1/TD/ES8388_Runs/phy_1/ES8388_pr.db" in  1.014050s wall, 1.000000s user + 0.156250s system = 1.156250s CPU (114.0%)

RUN-1004 : used memory is 662 MB, reserved memory is 648 MB, peak memory is 675 MB
RUN-1002 : start command "download -bit ES8388_Runs\phy_1\ES8388.bit -mode jtag -spd 7 -sec 64 -cable 0"
PRG-2014 : Chip validation success: EAGLE_S20_BG256
RUN-1002 : start command "bit_to_vec -chip EAGLE_S20_BG256 -m jtag_burst -freq 4 -bit ES8388_Runs/phy_1/ES8388.bit"
RUN-1002 : start command "program -cable 0 -mode svf -spd 7 -p"
RUN-1003 : finish command "program -cable 0 -mode svf -spd 7 -p" in  6.272268s wall, 0.109375s user + 0.406250s system = 0.515625s CPU (8.2%)

RUN-1004 : used memory is 660 MB, reserved memory is 647 MB, peak memory is 678 MB
RUN-1003 : finish command "download -bit ES8388_Runs\phy_1\ES8388.bit -mode jtag -spd 7 -sec 64 -cable 0" in  6.649145s wall, 0.187500s user + 0.453125s system = 0.640625s CPU (9.6%)

RUN-1004 : used memory is 660 MB, reserved memory is 647 MB, peak memory is 678 MB
GUI-1001 : Downloading succeeded!
HDL-1007 : analyze verilog file ../RTL/spar_4mic_localization.v
RUN-1001 : reset_run syn_1 phy_1.
GUI-6001 WARNING: File C:/Users/Lviva/Desktop/4MIC - SPAR _1_1/TD/ES8388_Runs/phy_1/ES8388.bit does not exist!
RUN-1001 : launch_runs syn_1 phy_1  -jobs 6.
RUN-1001 : syn_1: run complete.
RUN-1001 : phy_1: run complete.
RUN-1001 : open_run phy_1.
RUN-1002 : start command "import_db C:/Users/Lviva/Desktop/4MIC - SPAR _1_1/TD/ES8388_Runs/phy_1/ES8388_pr.db"
RUN-1001 : Importing database generated by Tang Dynasty, V5.6.71036.
RUN-1001 : Database version number 46146.
RUN-1001 : Import flow parameters
PHY-1001 : Generate detailed routing grids ...
PHY-1001 : Processed IO instance aud_dacdat_syn_4 with INV attribute.
PHY-1001 : Processed IO instance aud_dacdat_1_syn_4 with INV attribute.
PHY-1001 : Processed IO instance aud_dacdat_2_syn_4 with INV attribute.
PHY-1001 : Processed IO instance aud_dacdat_3_syn_4 with INV attribute.
PHY-1001 : Generate nets ...
PHY-1001 : clock net aud_bclk_syn_4 will be merged with clock aud_bclk_dup_1
PHY-1001 : clock net aud_bclk_1_syn_4 will be merged with clock aud_bclk_1_dup_1
PHY-1001 : clock net aud_bclk_2_syn_4 will be merged with clock aud_bclk_2_dup_1
PHY-1001 : clock net aud_bclk_3_syn_4 will be merged with clock aud_bclk_3_dup_1
PHY-1001 : net aud_mclk_dup_1 will be routed on clock mesh
PHY-1001 : net aud_mclk_1_dup_1 will be routed on clock mesh
PHY-1001 : net aud_mclk_2_dup_1 will be routed on clock mesh
PHY-1001 : net aud_mclk_3_dup_1 will be routed on clock mesh
PHY-1001 : clock net ilaclk_dup_1 will be merged with clock u_pll_clk/clk0_buf
PHY-1001 : clock net ilaclk_1_dup_1 will be merged with clock u1_pll_clk/clk0_buf
PHY-1001 : clock net ilaclk_2_dup_1 will be merged with clock u2_pll_clk/clk0_buf
PHY-1001 : clock net ilaclk_3_dup_1 will be merged with clock u3_pll_clk/clk0_buf
PHY-1001 : net sys_clk_dup_1 will be routed on clock mesh
PHY-1001 : clock net u1_es8388_ctrl/u_es8388_config/u_i2c_dri/dri_clk_syn_4 will be merged with clock u1_es8388_ctrl/u_es8388_config/u_i2c_dri/dri_clk
PHY-1001 : clock net u2_es8388_ctrl/u_es8388_config/u_i2c_dri/dri_clk_syn_4 will be merged with clock u2_es8388_ctrl/u_es8388_config/u_i2c_dri/dri_clk
PHY-1001 : clock net u3_es8388_ctrl/u_es8388_config/u_i2c_dri/dri_clk_syn_4 will be merged with clock u3_es8388_ctrl/u_es8388_config/u_i2c_dri/dri_clk
PHY-1001 : eco open net = 0
PHY-1001 : 19 feed throughs used by 15 nets
RUN-1001 : Import IO constraints
RUN-1001 : Import Inst constraints
RUN-1001 : Import design success TD_VERSION=5.6.71036 , DB_VERSION=46146
RUN-1003 : finish command "import_db C:/Users/Lviva/Desktop/4MIC - SPAR _1_1/TD/ES8388_Runs/phy_1/ES8388_pr.db" in  1.016693s wall, 1.031250s user + 0.171875s system = 1.203125s CPU (118.3%)

RUN-1004 : used memory is 663 MB, reserved memory is 649 MB, peak memory is 678 MB
RUN-1002 : start command "download -bit ES8388_Runs\phy_1\ES8388.bit -mode jtag -spd 7 -sec 64 -cable 0"
PRG-2014 : Chip validation success: EAGLE_S20_BG256
RUN-1002 : start command "bit_to_vec -chip EAGLE_S20_BG256 -m jtag_burst -freq 4 -bit ES8388_Runs/phy_1/ES8388.bit"
RUN-1002 : start command "program -cable 0 -mode svf -spd 7 -p"
RUN-1003 : finish command "program -cable 0 -mode svf -spd 7 -p" in  6.295769s wall, 0.125000s user + 0.500000s system = 0.625000s CPU (9.9%)

RUN-1004 : used memory is 661 MB, reserved memory is 648 MB, peak memory is 679 MB
RUN-1003 : finish command "download -bit ES8388_Runs\phy_1\ES8388.bit -mode jtag -spd 7 -sec 64 -cable 0" in  6.661252s wall, 0.171875s user + 0.546875s system = 0.718750s CPU (10.8%)

RUN-1004 : used memory is 661 MB, reserved memory is 648 MB, peak memory is 679 MB
GUI-1001 : Downloading succeeded!
HDL-1007 : analyze verilog file ../RTL/spar_4mic_localization.v
HDL-8007 ERROR: syntax error near ''' in ../RTL/spar_4mic_localization.v(87)
HDL-8007 ERROR: extra semicolon is not allowed here in this dialect; use SystemVerilog mode instead in ../RTL/spar_4mic_localization.v(87)
HDL-8007 ERROR: ignore module module due to previous errors in ../RTL/spar_4mic_localization.v(1)
HDL-1007 : Verilog file '../RTL/spar_4mic_localization.v' ignored due to errors
HDL-1007 : analyze verilog file ../RTL/spar_4mic_localization.v
RUN-1001 : reset_run syn_1 phy_1.
GUI-6001 WARNING: File C:/Users/Lviva/Desktop/4MIC - SPAR _1_1/TD/ES8388_Runs/phy_1/ES8388.bit does not exist!
RUN-1001 : launch_runs syn_1 phy_1  -jobs 6.
RUN-1001 : syn_1: run complete.
RUN-1001 : phy_1: run complete.
RUN-1001 : open_run phy_1.
RUN-1002 : start command "import_db C:/Users/Lviva/Desktop/4MIC - SPAR _1_1/TD/ES8388_Runs/phy_1/ES8388_pr.db"
RUN-1001 : Importing database generated by Tang Dynasty, V5.6.71036.
RUN-1001 : Database version number 46146.
RUN-1001 : Import flow parameters
PHY-1001 : Generate detailed routing grids ...
PHY-1001 : Processed IO instance aud_dacdat_syn_4 with INV attribute.
PHY-1001 : Processed IO instance aud_dacdat_1_syn_4 with INV attribute.
PHY-1001 : Processed IO instance aud_dacdat_2_syn_4 with INV attribute.
PHY-1001 : Processed IO instance aud_dacdat_3_syn_4 with INV attribute.
PHY-1001 : Generate nets ...
PHY-1001 : clock net aud_bclk_syn_4 will be merged with clock aud_bclk_dup_1
PHY-1001 : clock net aud_bclk_1_syn_4 will be merged with clock aud_bclk_1_dup_1
PHY-1001 : clock net aud_bclk_2_syn_4 will be merged with clock aud_bclk_2_dup_1
PHY-1001 : clock net aud_bclk_3_syn_4 will be merged with clock aud_bclk_3_dup_1
PHY-1001 : net aud_mclk_dup_1 will be routed on clock mesh
PHY-1001 : net aud_mclk_1_dup_1 will be routed on clock mesh
PHY-1001 : net aud_mclk_2_dup_1 will be routed on clock mesh
PHY-1001 : net aud_mclk_3_dup_1 will be routed on clock mesh
PHY-1001 : clock net ilaclk_dup_1 will be merged with clock u_pll_clk/clk0_buf
PHY-1001 : clock net ilaclk_1_dup_1 will be merged with clock u1_pll_clk/clk0_buf
PHY-1001 : clock net ilaclk_2_dup_1 will be merged with clock u2_pll_clk/clk0_buf
PHY-1001 : clock net ilaclk_3_dup_1 will be merged with clock u3_pll_clk/clk0_buf
PHY-1001 : net sys_clk_dup_1 will be routed on clock mesh
PHY-1001 : clock net u1_es8388_ctrl/u_es8388_config/u_i2c_dri/dri_clk_syn_4 will be merged with clock u1_es8388_ctrl/u_es8388_config/u_i2c_dri/dri_clk
PHY-1001 : clock net u2_es8388_ctrl/u_es8388_config/u_i2c_dri/dri_clk_syn_4 will be merged with clock u2_es8388_ctrl/u_es8388_config/u_i2c_dri/dri_clk
PHY-1001 : clock net u3_es8388_ctrl/u_es8388_config/u_i2c_dri/dri_clk_syn_4 will be merged with clock u3_es8388_ctrl/u_es8388_config/u_i2c_dri/dri_clk
PHY-1001 : eco open net = 0
PHY-1001 : 16 feed throughs used by 16 nets
RUN-1001 : Import IO constraints
RUN-1001 : Import Inst constraints
RUN-1001 : Import design success TD_VERSION=5.6.71036 , DB_VERSION=46146
RUN-1003 : finish command "import_db C:/Users/Lviva/Desktop/4MIC - SPAR _1_1/TD/ES8388_Runs/phy_1/ES8388_pr.db" in  1.043049s wall, 0.921875s user + 0.187500s system = 1.109375s CPU (106.4%)

RUN-1004 : used memory is 657 MB, reserved memory is 646 MB, peak memory is 679 MB
RUN-1002 : start command "download -bit ES8388_Runs\phy_1\ES8388.bit -mode jtag -spd 7 -sec 64 -cable 0"
PRG-2014 : Chip validation success: EAGLE_S20_BG256
RUN-1002 : start command "bit_to_vec -chip EAGLE_S20_BG256 -m jtag_burst -freq 4 -bit ES8388_Runs/phy_1/ES8388.bit"
RUN-1002 : start command "program -cable 0 -mode svf -spd 7 -p"
RUN-1003 : finish command "program -cable 0 -mode svf -spd 7 -p" in  6.276961s wall, 0.046875s user + 0.359375s system = 0.406250s CPU (6.5%)

RUN-1004 : used memory is 658 MB, reserved memory is 647 MB, peak memory is 679 MB
RUN-1003 : finish command "download -bit ES8388_Runs\phy_1\ES8388.bit -mode jtag -spd 7 -sec 64 -cable 0" in  6.643591s wall, 0.093750s user + 0.390625s system = 0.484375s CPU (7.3%)

RUN-1004 : used memory is 658 MB, reserved memory is 647 MB, peak memory is 679 MB
GUI-1001 : Downloading succeeded!
HDL-1007 : analyze verilog file ../RTL/spar_4mic_localization.v
RUN-1001 : reset_run syn_1 phy_1.
GUI-6001 WARNING: File C:/Users/Lviva/Desktop/4MIC - SPAR _1_1/TD/ES8388_Runs/phy_1/ES8388.bit does not exist!
RUN-1001 : launch_runs syn_1 phy_1  -jobs 6.
RUN-1001 : syn_1: run complete.
RUN-1001 : phy_1: run complete.
RUN-1001 : open_run phy_1.
RUN-1002 : start command "import_db C:/Users/Lviva/Desktop/4MIC - SPAR _1_1/TD/ES8388_Runs/phy_1/ES8388_pr.db"
RUN-1001 : Importing database generated by Tang Dynasty, V5.6.71036.
RUN-1001 : Database version number 46146.
RUN-1001 : Import flow parameters
PHY-1001 : Generate detailed routing grids ...
PHY-1001 : Processed IO instance aud_dacdat_syn_4 with INV attribute.
PHY-1001 : Processed IO instance aud_dacdat_1_syn_4 with INV attribute.
PHY-1001 : Processed IO instance aud_dacdat_2_syn_4 with INV attribute.
PHY-1001 : Processed IO instance aud_dacdat_3_syn_4 with INV attribute.
PHY-1001 : Generate nets ...
PHY-1001 : clock net aud_bclk_syn_4 will be merged with clock aud_bclk_dup_1
PHY-1001 : clock net aud_bclk_1_syn_4 will be merged with clock aud_bclk_1_dup_1
PHY-1001 : clock net aud_bclk_2_syn_4 will be merged with clock aud_bclk_2_dup_1
PHY-1001 : clock net aud_bclk_3_syn_4 will be merged with clock aud_bclk_3_dup_1
PHY-1001 : net aud_mclk_dup_1 will be routed on clock mesh
PHY-1001 : net aud_mclk_1_dup_1 will be routed on clock mesh
PHY-1001 : net aud_mclk_2_dup_1 will be routed on clock mesh
PHY-1001 : net aud_mclk_3_dup_1 will be routed on clock mesh
PHY-1001 : clock net ilaclk_dup_1 will be merged with clock u_pll_clk/clk0_buf
PHY-1001 : clock net ilaclk_1_dup_1 will be merged with clock u1_pll_clk/clk0_buf
PHY-1001 : clock net ilaclk_2_dup_1 will be merged with clock u2_pll_clk/clk0_buf
PHY-1001 : clock net ilaclk_3_dup_1 will be merged with clock u3_pll_clk/clk0_buf
PHY-1001 : net sys_clk_dup_1 will be routed on clock mesh
PHY-1001 : clock net u1_es8388_ctrl/u_es8388_config/u_i2c_dri/dri_clk_syn_4 will be merged with clock u1_es8388_ctrl/u_es8388_config/u_i2c_dri/dri_clk
PHY-1001 : clock net u2_es8388_ctrl/u_es8388_config/u_i2c_dri/dri_clk_syn_4 will be merged with clock u2_es8388_ctrl/u_es8388_config/u_i2c_dri/dri_clk
PHY-1001 : clock net u3_es8388_ctrl/u_es8388_config/u_i2c_dri/dri_clk_syn_4 will be merged with clock u3_es8388_ctrl/u_es8388_config/u_i2c_dri/dri_clk
PHY-1001 : eco open net = 0
PHY-1001 : 16 feed throughs used by 16 nets
RUN-1001 : Import IO constraints
RUN-1001 : Import Inst constraints
RUN-1001 : Import design success TD_VERSION=5.6.71036 , DB_VERSION=46146
RUN-1003 : finish command "import_db C:/Users/Lviva/Desktop/4MIC - SPAR _1_1/TD/ES8388_Runs/phy_1/ES8388_pr.db" in  1.014770s wall, 1.000000s user + 0.078125s system = 1.078125s CPU (106.2%)

RUN-1004 : used memory is 663 MB, reserved memory is 651 MB, peak memory is 679 MB
RUN-1002 : start command "download -bit ES8388_Runs\phy_1\ES8388.bit -mode jtag -spd 7 -sec 64 -cable 0"
PRG-2014 : Chip validation success: EAGLE_S20_BG256
RUN-1002 : start command "bit_to_vec -chip EAGLE_S20_BG256 -m jtag_burst -freq 4 -bit ES8388_Runs/phy_1/ES8388.bit"
RUN-1002 : start command "program -cable 0 -mode svf -spd 7 -p"
RUN-1003 : finish command "program -cable 0 -mode svf -spd 7 -p" in  6.271462s wall, 0.109375s user + 0.218750s system = 0.328125s CPU (5.2%)

RUN-1004 : used memory is 664 MB, reserved memory is 652 MB, peak memory is 682 MB
RUN-1003 : finish command "download -bit ES8388_Runs\phy_1\ES8388.bit -mode jtag -spd 7 -sec 64 -cable 0" in  6.637404s wall, 0.156250s user + 0.250000s system = 0.406250s CPU (6.1%)

RUN-1004 : used memory is 664 MB, reserved memory is 652 MB, peak memory is 682 MB
GUI-1001 : Downloading succeeded!
HDL-1007 : analyze verilog file ../RTL/spar_4mic_localization.v
RUN-1001 : reset_run syn_1 phy_1.
GUI-6001 WARNING: File C:/Users/Lviva/Desktop/4MIC - SPAR _1_1/TD/ES8388_Runs/phy_1/ES8388.bit does not exist!
RUN-1001 : launch_runs syn_1 phy_1  -jobs 6.
RUN-1001 : syn_1: run complete.
RUN-1001 : phy_1: run complete.
RUN-1001 : open_run phy_1.
RUN-1002 : start command "import_db C:/Users/Lviva/Desktop/4MIC - SPAR _1_1/TD/ES8388_Runs/phy_1/ES8388_pr.db"
RUN-1001 : Importing database generated by Tang Dynasty, V5.6.71036.
RUN-1001 : Database version number 46146.
RUN-1001 : Import flow parameters
PHY-1001 : Generate detailed routing grids ...
PHY-1001 : Processed IO instance aud_dacdat_syn_4 with INV attribute.
PHY-1001 : Processed IO instance aud_dacdat_1_syn_4 with INV attribute.
PHY-1001 : Processed IO instance aud_dacdat_2_syn_4 with INV attribute.
PHY-1001 : Processed IO instance aud_dacdat_3_syn_4 with INV attribute.
PHY-1001 : Generate nets ...
PHY-1001 : clock net aud_bclk_syn_4 will be merged with clock aud_bclk_dup_1
PHY-1001 : clock net aud_bclk_1_syn_4 will be merged with clock aud_bclk_1_dup_1
PHY-1001 : clock net aud_bclk_2_syn_4 will be merged with clock aud_bclk_2_dup_1
PHY-1001 : clock net aud_bclk_3_syn_4 will be merged with clock aud_bclk_3_dup_1
PHY-1001 : net aud_mclk_dup_1 will be routed on clock mesh
PHY-1001 : net aud_mclk_1_dup_1 will be routed on clock mesh
PHY-1001 : net aud_mclk_2_dup_1 will be routed on clock mesh
PHY-1001 : net aud_mclk_3_dup_1 will be routed on clock mesh
PHY-1001 : clock net ilaclk_dup_1 will be merged with clock u_pll_clk/clk0_buf
PHY-1001 : clock net ilaclk_1_dup_1 will be merged with clock u1_pll_clk/clk0_buf
PHY-1001 : clock net ilaclk_2_dup_1 will be merged with clock u2_pll_clk/clk0_buf
PHY-1001 : clock net ilaclk_3_dup_1 will be merged with clock u3_pll_clk/clk0_buf
PHY-1001 : net sys_clk_dup_1 will be routed on clock mesh
PHY-1001 : clock net u1_es8388_ctrl/u_es8388_config/u_i2c_dri/dri_clk_syn_4 will be merged with clock u1_es8388_ctrl/u_es8388_config/u_i2c_dri/dri_clk
PHY-1001 : clock net u2_es8388_ctrl/u_es8388_config/u_i2c_dri/dri_clk_syn_4 will be merged with clock u2_es8388_ctrl/u_es8388_config/u_i2c_dri/dri_clk
PHY-1001 : clock net u3_es8388_ctrl/u_es8388_config/u_i2c_dri/dri_clk_syn_4 will be merged with clock u3_es8388_ctrl/u_es8388_config/u_i2c_dri/dri_clk
PHY-1001 : eco open net = 0
PHY-1001 : 32 feed throughs used by 21 nets
RUN-1001 : Import IO constraints
RUN-1001 : Import Inst constraints
RUN-1001 : Import design success TD_VERSION=5.6.71036 , DB_VERSION=46146
RUN-1003 : finish command "import_db C:/Users/Lviva/Desktop/4MIC - SPAR _1_1/TD/ES8388_Runs/phy_1/ES8388_pr.db" in  1.008795s wall, 0.953125s user + 0.156250s system = 1.109375s CPU (110.0%)

RUN-1004 : used memory is 667 MB, reserved memory is 654 MB, peak memory is 682 MB
HDL-1007 : analyze verilog file ../RTL/spar_4mic_localization.v
HDL-1007 : analyze verilog file ../RTL/spar_4mic_localization.v
RUN-1001 : reset_run syn_1 phy_1.
RUN-1001 : launch_runs syn_1 phy_1  -jobs 6.
RUN-1001 : syn_1: run complete.
RUN-1001 : phy_1: run complete.
RUN-1001 : open_run phy_1.
RUN-1002 : start command "import_db C:/Users/Lviva/Desktop/4MIC - SPAR _1_1/TD/ES8388_Runs/phy_1/ES8388_pr.db"
RUN-1001 : Importing database generated by Tang Dynasty, V5.6.71036.
RUN-1001 : Database version number 46146.
RUN-1001 : Import flow parameters
PHY-1001 : Generate detailed routing grids ...
PHY-1001 : Processed IO instance aud_dacdat_syn_4 with INV attribute.
PHY-1001 : Processed IO instance aud_dacdat_1_syn_4 with INV attribute.
PHY-1001 : Processed IO instance aud_dacdat_2_syn_4 with INV attribute.
PHY-1001 : Processed IO instance aud_dacdat_3_syn_4 with INV attribute.
PHY-1001 : Generate nets ...
PHY-1001 : clock net aud_bclk_syn_4 will be merged with clock aud_bclk_dup_1
PHY-1001 : clock net aud_bclk_1_syn_4 will be merged with clock aud_bclk_1_dup_1
PHY-1001 : clock net aud_bclk_2_syn_4 will be merged with clock aud_bclk_2_dup_1
PHY-1001 : clock net aud_bclk_3_syn_4 will be merged with clock aud_bclk_3_dup_1
PHY-1001 : net aud_mclk_dup_1 will be routed on clock mesh
PHY-1001 : net aud_mclk_1_dup_1 will be routed on clock mesh
PHY-1001 : net aud_mclk_2_dup_1 will be routed on clock mesh
PHY-1001 : net aud_mclk_3_dup_1 will be routed on clock mesh
PHY-1001 : clock net ilaclk_dup_1 will be merged with clock u_pll_clk/clk0_buf
PHY-1001 : clock net ilaclk_1_dup_1 will be merged with clock u1_pll_clk/clk0_buf
PHY-1001 : clock net ilaclk_2_dup_1 will be merged with clock u2_pll_clk/clk0_buf
PHY-1001 : clock net ilaclk_3_dup_1 will be merged with clock u3_pll_clk/clk0_buf
PHY-1001 : net sys_clk_dup_1 will be routed on clock mesh
PHY-1001 : clock net u1_es8388_ctrl/u_es8388_config/u_i2c_dri/dri_clk_syn_4 will be merged with clock u1_es8388_ctrl/u_es8388_config/u_i2c_dri/dri_clk
PHY-1001 : clock net u2_es8388_ctrl/u_es8388_config/u_i2c_dri/dri_clk_syn_4 will be merged with clock u2_es8388_ctrl/u_es8388_config/u_i2c_dri/dri_clk
PHY-1001 : clock net u3_es8388_ctrl/u_es8388_config/u_i2c_dri/dri_clk_syn_4 will be merged with clock u3_es8388_ctrl/u_es8388_config/u_i2c_dri/dri_clk
PHY-1001 : eco open net = 0
PHY-1001 : 21 feed throughs used by 19 nets
RUN-1001 : Import IO constraints
RUN-1001 : Import Inst constraints
RUN-1001 : Import design success TD_VERSION=5.6.71036 , DB_VERSION=46146
RUN-1003 : finish command "import_db C:/Users/Lviva/Desktop/4MIC - SPAR _1_1/TD/ES8388_Runs/phy_1/ES8388_pr.db" in  1.009171s wall, 0.937500s user + 0.203125s system = 1.140625s CPU (113.0%)

RUN-1004 : used memory is 674 MB, reserved memory is 660 MB, peak memory is 682 MB
RUN-1002 : start command "download -bit ES8388_Runs\phy_1\ES8388.bit -mode jtag -spd 7 -sec 64 -cable 0"
PRG-2014 : Chip validation success: EAGLE_S20_BG256
RUN-1002 : start command "bit_to_vec -chip EAGLE_S20_BG256 -m jtag_burst -freq 4 -bit ES8388_Runs/phy_1/ES8388.bit"
RUN-1002 : start command "program -cable 0 -mode svf -spd 7 -p"
RUN-1003 : finish command "program -cable 0 -mode svf -spd 7 -p" in  6.295289s wall, 0.109375s user + 0.343750s system = 0.453125s CPU (7.2%)

RUN-1004 : used memory is 671 MB, reserved memory is 658 MB, peak memory is 689 MB
RUN-1003 : finish command "download -bit ES8388_Runs\phy_1\ES8388.bit -mode jtag -spd 7 -sec 64 -cable 0" in  6.664163s wall, 0.171875s user + 0.390625s system = 0.562500s CPU (8.4%)

RUN-1004 : used memory is 671 MB, reserved memory is 658 MB, peak memory is 689 MB
GUI-1001 : Downloading succeeded!
RUN-1002 : start command "download -bit ES8388_Runs\phy_1\ES8388.bit -mode jtag -spd 7 -sec 64 -cable 0"
PRG-2014 : Chip validation success: EAGLE_S20_BG256
RUN-1002 : start command "bit_to_vec -chip EAGLE_S20_BG256 -m jtag_burst -freq 4 -bit ES8388_Runs/phy_1/ES8388.bit"
RUN-1002 : start command "program -cable 0 -mode svf -spd 7 -p"
RUN-1003 : finish command "download -bit ES8388_Runs\phy_1\ES8388.bit -mode jtag -spd 7 -sec 64 -cable 0" in  1.190724s wall, 0.046875s user + 0.093750s system = 0.140625s CPU (11.8%)

RUN-1004 : used memory is 671 MB, reserved memory is 658 MB, peak memory is 689 MB
GUI-8702 ERROR: Downloading failed!
RUN-1002 : start command "download -bit ES8388_Runs\phy_1\ES8388.bit -mode program_spi -v -spd 7 -sec 64 -cable 0 -flashsize 128"
PRG-2014 : Chip validation success: EAGLE_S20_BG256
PRG-1001 : SPI Flash ID is:  ef
RUN-1002 : start command "bit_to_vec -chip EAGLE_S20_BG256 -m program_spi -freq 4 -bit ES8388_Runs/phy_1/ES8388.bit"
RUN-1003 : finish command "bit_to_vec -chip EAGLE_S20_BG256 -m program_spi -freq 4 -bit ES8388_Runs/phy_1/ES8388.bit" in  1.024685s wall, 0.937500s user + 0.265625s system = 1.203125s CPU (117.4%)

RUN-1004 : used memory is 965 MB, reserved memory is 965 MB, peak memory is 975 MB
RUN-1002 : start command "program_spi -cable 0 -spd 7"
RUN-1003 : finish command "program_spi -cable 0 -spd 7" in  89.325407s wall, 2.437500s user + 4.234375s system = 6.671875s CPU (7.5%)

RUN-1004 : used memory is 964 MB, reserved memory is 965 MB, peak memory is 975 MB
RUN-1002 : start command "bit_to_vec -chip EAGLE_S20_BG256 -m verify_spi -freq 4 -bit ES8388_Runs/phy_1/ES8388.bit"
RUN-1002 : start command "program -cable 0 -spd 4"
RUN-1003 : finish command "program -cable 0 -spd 4" in  25.516410s wall, 0.265625s user + 1.171875s system = 1.437500s CPU (5.6%)

RUN-1004 : used memory is 771 MB, reserved memory is 761 MB, peak memory is 975 MB
RUN-1003 : finish command "download -bit ES8388_Runs\phy_1\ES8388.bit -mode program_spi -v -spd 7 -sec 64 -cable 0 -flashsize 128" in  120.462483s wall, 5.015625s user + 6.062500s system = 11.078125s CPU (9.2%)

RUN-1004 : used memory is 771 MB, reserved memory is 761 MB, peak memory is 975 MB
GUI-1001 : Downloading succeeded!
HDL-1007 : analyze verilog file ../RTL/spar_4mic_localization.v
RUN-1001 : reset_run syn_1 phy_1.
GUI-6001 WARNING: File C:/Users/Lviva/Desktop/4MIC - SPAR _1_1/TD/ES8388_Runs/phy_1/ES8388.bit does not exist!
RUN-1001 : launch_runs syn_1 phy_1  -jobs 6.
RUN-1001 : syn_1: run complete.
RUN-1001 : phy_1: run complete.
RUN-1001 : open_run phy_1.
RUN-1002 : start command "import_db C:/Users/Lviva/Desktop/4MIC - SPAR _1_1/TD/ES8388_Runs/phy_1/ES8388_pr.db"
RUN-1001 : Importing database generated by Tang Dynasty, V5.6.71036.
RUN-1001 : Database version number 46146.
RUN-1001 : Import flow parameters
PHY-1001 : Generate detailed routing grids ...
PHY-1001 : Processed IO instance aud_dacdat_syn_4 with INV attribute.
PHY-1001 : Processed IO instance aud_dacdat_1_syn_4 with INV attribute.
PHY-1001 : Processed IO instance aud_dacdat_2_syn_4 with INV attribute.
PHY-1001 : Processed IO instance aud_dacdat_3_syn_4 with INV attribute.
PHY-1001 : Generate nets ...
PHY-1001 : clock net aud_bclk_syn_4 will be merged with clock aud_bclk_dup_1
PHY-1001 : clock net aud_bclk_1_syn_4 will be merged with clock aud_bclk_1_dup_1
PHY-1001 : clock net aud_bclk_2_syn_4 will be merged with clock aud_bclk_2_dup_1
PHY-1001 : clock net aud_bclk_3_syn_4 will be merged with clock aud_bclk_3_dup_1
PHY-1001 : net aud_mclk_dup_1 will be routed on clock mesh
PHY-1001 : net aud_mclk_1_dup_1 will be routed on clock mesh
PHY-1001 : net aud_mclk_2_dup_1 will be routed on clock mesh
PHY-1001 : net aud_mclk_3_dup_1 will be routed on clock mesh
PHY-1001 : clock net ilaclk_dup_1 will be merged with clock u_pll_clk/clk0_buf
PHY-1001 : clock net ilaclk_1_dup_1 will be merged with clock u1_pll_clk/clk0_buf
PHY-1001 : clock net ilaclk_2_dup_1 will be merged with clock u2_pll_clk/clk0_buf
PHY-1001 : clock net ilaclk_3_dup_1 will be merged with clock u3_pll_clk/clk0_buf
PHY-1001 : net sys_clk_dup_1 will be routed on clock mesh
PHY-1001 : clock net u1_es8388_ctrl/u_es8388_config/u_i2c_dri/dri_clk_syn_4 will be merged with clock u1_es8388_ctrl/u_es8388_config/u_i2c_dri/dri_clk
PHY-1001 : clock net u2_es8388_ctrl/u_es8388_config/u_i2c_dri/dri_clk_syn_4 will be merged with clock u2_es8388_ctrl/u_es8388_config/u_i2c_dri/dri_clk
PHY-1001 : clock net u3_es8388_ctrl/u_es8388_config/u_i2c_dri/dri_clk_syn_4 will be merged with clock u3_es8388_ctrl/u_es8388_config/u_i2c_dri/dri_clk
PHY-1001 : eco open net = 0
PHY-1001 : 21 feed throughs used by 19 nets
RUN-1001 : Import IO constraints
RUN-1001 : Import Inst constraints
RUN-1001 : Import design success TD_VERSION=5.6.71036 , DB_VERSION=46146
RUN-1003 : finish command "import_db C:/Users/Lviva/Desktop/4MIC - SPAR _1_1/TD/ES8388_Runs/phy_1/ES8388_pr.db" in  1.021346s wall, 1.015625s user + 0.093750s system = 1.109375s CPU (108.6%)

RUN-1004 : used memory is 815 MB, reserved memory is 808 MB, peak memory is 975 MB
RUN-1001 : reset_run syn_1 phy_1.
RUN-1001 : launch_runs syn_1 phy_1  -jobs 6.
RUN-6001 WARNING: syn_1: run failed.
RUN-1001 : open_run syn_1.
RUN-1002 : start command "import_db C:/Users/Lviva/Desktop/4MIC - SPAR _1_1/TD/ES8388_Runs/syn_1/ES8388_elaborate.db"
RUN-1001 : Importing database generated by Tang Dynasty, V5.6.71036.
RUN-1001 : Database version number 46146.
RUN-1001 : Import flow parameters
RUN-1001 : Import IO constraints
RUN-1001 : Import Inst constraints
RUN-1001 : Import design success TD_VERSION=5.6.71036 , DB_VERSION=46146
HDL-1007 : analyze verilog file ../RTL/spar_4mic_localization.v
HDL-1007 : analyze verilog file ../RTL/spar_4mic_localization.v
RUN-1001 : reset_run syn_1 phy_1.
RUN-1001 : launch_runs syn_1 phy_1  -jobs 6.
RUN-6001 WARNING: syn_1: run failed.
RUN-1001 : open_run syn_1.
RUN-1002 : start command "import_db C:/Users/Lviva/Desktop/4MIC - SPAR _1_1/TD/ES8388_Runs/syn_1/ES8388_elaborate.db"
RUN-1001 : Importing database generated by Tang Dynasty, V5.6.71036.
RUN-1001 : Database version number 46146.
RUN-1001 : Import flow parameters
RUN-1001 : Import IO constraints
RUN-1001 : Import Inst constraints
RUN-1001 : Import design success TD_VERSION=5.6.71036 , DB_VERSION=46146
HDL-1007 : analyze verilog file ../RTL/audio_speak.v
RUN-1001 : reset_run syn_1 phy_1.
RUN-1001 : launch_runs syn_1 phy_1  -jobs 6.
RUN-1001 : syn_1: run complete.
RUN-1001 : phy_1: run complete.
RUN-1001 : open_run phy_1.
RUN-1002 : start command "import_db C:/Users/Lviva/Desktop/4MIC - SPAR _1_1/TD/ES8388_Runs/phy_1/ES8388_pr.db"
RUN-1001 : Importing database generated by Tang Dynasty, V5.6.71036.
RUN-1001 : Database version number 46146.
RUN-1001 : Import flow parameters
PHY-1001 : Generate detailed routing grids ...
PHY-1001 : Processed IO instance aud_dacdat_syn_4 with INV attribute.
PHY-1001 : Processed IO instance aud_dacdat_1_syn_4 with INV attribute.
PHY-1001 : Processed IO instance aud_dacdat_2_syn_4 with INV attribute.
PHY-1001 : Processed IO instance aud_dacdat_3_syn_4 with INV attribute.
PHY-1001 : Generate nets ...
PHY-1001 : clock net aud_bclk_syn_4 will be merged with clock aud_bclk_dup_1
PHY-1001 : clock net aud_bclk_1_syn_4 will be merged with clock aud_bclk_1_dup_1
PHY-1001 : clock net aud_bclk_2_syn_4 will be merged with clock aud_bclk_2_dup_1
PHY-1001 : clock net aud_bclk_3_syn_4 will be merged with clock aud_bclk_3_dup_1
PHY-1001 : net aud_mclk_dup_1 will be routed on clock mesh
PHY-1001 : net aud_mclk_1_dup_1 will be routed on clock mesh
PHY-1001 : net aud_mclk_2_dup_1 will be routed on clock mesh
PHY-1001 : net aud_mclk_3_dup_1 will be routed on clock mesh
PHY-1001 : clock net ilaclk_dup_1 will be merged with clock u_pll_clk/clk0_buf
PHY-1001 : clock net ilaclk_1_dup_1 will be merged with clock u1_pll_clk/clk0_buf
PHY-1001 : clock net ilaclk_2_dup_1 will be merged with clock u2_pll_clk/clk0_buf
PHY-1001 : clock net ilaclk_3_dup_1 will be merged with clock u3_pll_clk/clk0_buf
PHY-1001 : net sys_clk_dup_1 will be routed on clock mesh
PHY-1001 : clock net u1_es8388_ctrl/u_es8388_config/u_i2c_dri/dri_clk_syn_4 will be merged with clock u1_es8388_ctrl/u_es8388_config/u_i2c_dri/dri_clk
PHY-1001 : clock net u2_es8388_ctrl/u_es8388_config/u_i2c_dri/dri_clk_syn_4 will be merged with clock u2_es8388_ctrl/u_es8388_config/u_i2c_dri/dri_clk
PHY-1001 : clock net u3_es8388_ctrl/u_es8388_config/u_i2c_dri/dri_clk_syn_4 will be merged with clock u3_es8388_ctrl/u_es8388_config/u_i2c_dri/dri_clk
PHY-1001 : eco open net = 0
PHY-1001 : 19 feed throughs used by 17 nets
RUN-1001 : Import IO constraints
RUN-1001 : Import Inst constraints
RUN-1001 : Import design success TD_VERSION=5.6.71036 , DB_VERSION=46146
RUN-1003 : finish command "import_db C:/Users/Lviva/Desktop/4MIC - SPAR _1_1/TD/ES8388_Runs/phy_1/ES8388_pr.db" in  1.139771s wall, 0.953125s user + 0.359375s system = 1.312500s CPU (115.2%)

RUN-1004 : used memory is 575 MB, reserved memory is 830 MB, peak memory is 975 MB
