============================================================
   Tang Dynasty, V5.6.71036
      Copyright (c) 2012-2023 Anlogic Inc.
   Executable = D:/TD/bin/td.exe
   Built at =   20:34:38 Mar 21 2023
   Run by =     lyw15
   Run Date =   Mon Oct 20 13:53:01 2025

   Run on =     -001
============================================================
RUN-1001 : open_run phy_1.
RUN-1002 : start command "import_db C:/Users/lyw15/Desktop/4S20/es8388/TD/ES8388_Runs/phy_1/ES8388_pr.db"
RUN-1001 : Importing database generated by Tang Dynasty, V5.6.71036.
RUN-1001 : Database version number 46146.
RUN-1001 : Import flow parameters
PHY-1001 : Generate detailed routing grids ...
PHY-1001 : Processed IO instance I2S_DATA_syn_4 with INV attribute.
PHY-1001 : Processed IO instance aud_dacdat_syn_4 with INV attribute.
PHY-1001 : Processed IO instance aud_dacdat_1_syn_4 with INV attribute.
PHY-1001 : Generate nets ...
PHY-1001 : clock net I2S_BCLK_syn_6 will be merged with clock I2S_BCLK_dup_3
PHY-1001 : clock net aud_bclk_syn_4 will be merged with clock aud_bclk_dup_1
PHY-1001 : clock net aud_bclk_1_syn_4 will be merged with clock aud_bclk_1_dup_1
PHY-1001 : net aud_mclk_dup_1 will be routed on clock mesh
PHY-1001 : net aud_mclk_1_dup_1 will be routed on clock mesh
PHY-1001 : clock net ilaclk_dup_1 will be merged with clock u_pll_clk/clk0_buf
PHY-1001 : clock net ilaclk_1_dup_1 will be merged with clock u1_pll_clk/clk0_buf
PHY-1001 : net sys_clk_dup_1 will be routed on clock mesh
PHY-1001 : clock net u_es8388_ctrl/u_es8388_config/u_i2c_dri/dri_clk_syn_4 will be merged with clock u_es8388_ctrl/u_es8388_config/u_i2c_dri/dri_clk
PHY-1001 : clock net u1_es8388_ctrl/u_es8388_config/u_i2c_dri/dri_clk_syn_4 will be merged with clock u1_es8388_ctrl/u_es8388_config/u_i2c_dri/dri_clk
PHY-1001 : eco open net = 0
PHY-1001 : 12 feed throughs used by 11 nets
RUN-1001 : Import IO constraints
RUN-1001 : Import Inst constraints
RUN-1001 : Import design success TD_VERSION=5.6.71036 , DB_VERSION=46146
RUN-1003 : finish command "import_db C:/Users/lyw15/Desktop/4S20/es8388/TD/ES8388_Runs/phy_1/ES8388_pr.db" in  2.854676s wall, 2.718750s user + 0.187500s system = 2.906250s CPU (101.8%)

RUN-1004 : used memory is 468 MB, reserved memory is 430 MB, peak memory is 514 MB
HDL-1007 : analyze verilog file ../RTL/audio_speak.v
HDL-8007 ERROR: syntax error near 'non-printable character with the hex value '0xa3'' in ../RTL/audio_speak.v(49)
HDL-8007 ERROR: syntax error near 'non-printable character with the hex value '0xa3'' in ../RTL/audio_speak.v(50)
HDL-8007 ERROR: syntax error near 'non-printable character with the hex value '0xa3'' in ../RTL/audio_speak.v(51)
HDL-8007 ERROR: syntax error near 'non-printable character with the hex value '0xa3'' in ../RTL/audio_speak.v(52)
HDL-8007 ERROR: ignore module module due to previous errors in ../RTL/audio_speak.v(1)
HDL-1007 : Verilog file '../RTL/audio_speak.v' ignored due to errors
HDL-1007 : analyze verilog file ../RTL/audio_speak.v
HDL-8007 ERROR: syntax error near 'non-printable character with the hex value '0xa3'' in ../RTL/audio_speak.v(49)
HDL-8007 ERROR: syntax error near 'non-printable character with the hex value '0xa3'' in ../RTL/audio_speak.v(50)
HDL-8007 ERROR: syntax error near 'non-printable character with the hex value '0xa3'' in ../RTL/audio_speak.v(51)
HDL-8007 ERROR: syntax error near 'non-printable character with the hex value '0xa3'' in ../RTL/audio_speak.v(52)
HDL-1007 : undeclared symbol 'locked_2', assumed default net type 'wire' in ../RTL/audio_speak.v(122)
HDL-1007 : undeclared symbol 'chipwatcherclk_2', assumed default net type 'wire' in ../RTL/audio_speak.v(123)
HDL-8007 ERROR: 'u1_pll_clk' is already declared in ../RTL/audio_speak.v(118)
HDL-1007 : previous declaration of 'u1_pll_clk' is from here in ../RTL/audio_speak.v(107)
HDL-1007 : undeclared symbol 'adc_data_2', assumed default net type 'wire' in ../RTL/audio_speak.v(178)
HDL-5007 WARNING: 'rst_cnt_2' is not declared in ../RTL/audio_speak.v(83)
HDL-5007 WARNING: 'rst_cnt_2' is not declared in ../RTL/audio_speak.v(84)
HDL-5007 WARNING: 'rst_cnt_2' is not declared in ../RTL/audio_speak.v(85)
HDL-5007 WARNING: 'rst_cnt_2' is not declared in ../RTL/audio_speak.v(85)
HDL-5007 WARNING: 'rst_cnt_2' is not declared in ../RTL/audio_speak.v(87)
HDL-5007 WARNING: 'rst_cnt_2' is not declared in ../RTL/audio_speak.v(87)
HDL-5007 WARNING: 'rst_cnt_2' is not declared in ../RTL/audio_speak.v(120)
HDL-8007 ERROR: ignore module module due to previous errors in ../RTL/audio_speak.v(1)
HDL-1007 : Verilog file '../RTL/audio_speak.v' ignored due to errors
RUN-1001 : reset_run syn_1 phy_1.
RUN-1001 : launch_runs syn_1 phy_1  -jobs 6.
RUN-6001 WARNING: syn_1: run failed.
HDL-1007 : analyze verilog file ../RTL/audio_speak.v
HDL-8007 ERROR: 'u1_pll_clk' is already declared in ../RTL/audio_speak.v(118)
HDL-1007 : previous declaration of 'u1_pll_clk' is from here in ../RTL/audio_speak.v(107)
HDL-8007 ERROR: ignore module module due to previous errors in ../RTL/audio_speak.v(1)
HDL-1007 : Verilog file '../RTL/audio_speak.v' ignored due to errors
HDL-1007 : analyze verilog file ../RTL/audio_speak.v
RUN-1001 : reset_run syn_1 phy_1.
RUN-1001 : launch_runs syn_1 phy_1  -jobs 6.
RUN-6001 WARNING: syn_1: run failed.
RUN-1001 : open_run syn_1.
RUN-1002 : start command "import_db C:/Users/lyw15/Desktop/4S20/es8388/TD/ES8388_Runs/syn_1/ES8388_elaborate.db"
RUN-1001 : Importing database generated by Tang Dynasty, V5.6.71036.
RUN-1001 : Database version number 46146.
RUN-1001 : Import flow parameters
RUN-1001 : Import IO constraints
RUN-1001 : Import Inst constraints
RUN-1001 : Import design success TD_VERSION=5.6.71036 , DB_VERSION=46146
RUN-1001 : reset_run syn_1 phy_1.
RUN-1001 : launch_runs syn_1 phy_1  -jobs 6.
RUN-1001 : syn_1: run complete.
RUN-1001 : phy_1: run complete.
RUN-1001 : open_run phy_1.
RUN-1002 : start command "import_db C:/Users/lyw15/Desktop/4S20/es8388/TD/ES8388_Runs/phy_1/ES8388_pr.db"
RUN-1001 : Importing database generated by Tang Dynasty, V5.6.71036.
RUN-1001 : Database version number 46146.
RUN-1001 : Import flow parameters
PHY-1001 : Generate detailed routing grids ...
PHY-1001 : Processed IO instance I2S_DATA_syn_4 with INV attribute.
PHY-1001 : Processed IO instance aud_dacdat_syn_4 with INV attribute.
PHY-1001 : Processed IO instance aud_dacdat_1_syn_4 with INV attribute.
PHY-1001 : Processed IO instance aud_dacdat_2_syn_4 with INV attribute.
PHY-1001 : Generate nets ...
PHY-1001 : clock net I2S_BCLK_syn_6 will be merged with clock I2S_BCLK_dup_3
PHY-1001 : clock net aud_bclk_syn_4 will be merged with clock aud_bclk_dup_1
PHY-1001 : clock net aud_bclk_1_syn_4 will be merged with clock aud_bclk_1_dup_1
PHY-1001 : net aud_bclk_2_dup_1 will be routed on clock mesh
PHY-1001 : net aud_mclk_dup_1 will be routed on clock mesh
PHY-1001 : net aud_mclk_1_dup_1 will be routed on clock mesh
PHY-1001 : net aud_mclk_2_dup_1 will be routed on clock mesh
PHY-1001 : clock net ilaclk_dup_1 will be merged with clock u_pll_clk/clk0_buf
PHY-1001 : clock net ilaclk_1_dup_1 will be merged with clock u1_pll_clk/clk0_buf
PHY-1001 : clock net ilaclk_2_dup_1 will be merged with clock u2_pll_clk/clk0_buf
PHY-1001 : net sys_clk_dup_1 will be routed on clock mesh
PHY-1001 : clock net u_es8388_ctrl/u_es8388_config/u_i2c_dri/dri_clk_syn_4 will be merged with clock u_es8388_ctrl/u_es8388_config/u_i2c_dri/dri_clk
PHY-1001 : clock net u1_es8388_ctrl/u_es8388_config/u_i2c_dri/dri_clk_syn_4 will be merged with clock u1_es8388_ctrl/u_es8388_config/u_i2c_dri/dri_clk
PHY-1001 : clock net u2_es8388_ctrl/u_es8388_config/u_i2c_dri/dri_clk_syn_4 will be merged with clock u2_es8388_ctrl/u_es8388_config/u_i2c_dri/dri_clk
PHY-1001 : eco open net = 0
PHY-1001 : 15 feed throughs used by 15 nets
RUN-1001 : Import IO constraints
RUN-1001 : Import Inst constraints
RUN-1001 : Import design success TD_VERSION=5.6.71036 , DB_VERSION=46146
RUN-1001 : reset_run syn_1 phy_1.
GUI-6001 WARNING: File C:/Users/lyw15/Desktop/4S20/es8388/TD/ES8388_Runs/phy_1/ES8388.bit does not exist!
RUN-1001 : launch_runs syn_1 phy_1  -jobs 6.
RUN-1001 : syn_1: run complete.
RUN-1001 : phy_1: run complete.
RUN-1001 : open_run phy_1.
RUN-1002 : start command "import_db C:/Users/lyw15/Desktop/4S20/es8388/TD/ES8388_Runs/phy_1/ES8388_pr.db"
RUN-1001 : Importing database generated by Tang Dynasty, V5.6.71036.
RUN-1001 : Database version number 46146.
RUN-1001 : Import flow parameters
PHY-1001 : Generate detailed routing grids ...
PHY-1001 : Processed IO instance I2S_DATA_syn_4 with INV attribute.
PHY-1001 : Processed IO instance aud_dacdat_syn_4 with INV attribute.
PHY-1001 : Processed IO instance aud_dacdat_1_syn_4 with INV attribute.
PHY-1001 : Processed IO instance aud_dacdat_2_syn_4 with INV attribute.
PHY-1001 : Generate nets ...
PHY-1001 : clock net I2S_BCLK_syn_6 will be merged with clock I2S_BCLK_dup_3
PHY-1001 : clock net aud_bclk_syn_4 will be merged with clock aud_bclk_dup_1
PHY-1001 : clock net aud_bclk_1_syn_4 will be merged with clock aud_bclk_1_dup_1
PHY-1001 : net aud_bclk_2_dup_1 will be routed on clock mesh
PHY-1001 : net aud_mclk_dup_1 will be routed on clock mesh
PHY-1001 : net aud_mclk_1_dup_1 will be routed on clock mesh
PHY-1001 : net aud_mclk_2_dup_1 will be routed on clock mesh
PHY-1001 : clock net ilaclk_dup_1 will be merged with clock u_pll_clk/clk0_buf
PHY-1001 : clock net ilaclk_1_dup_1 will be merged with clock u1_pll_clk/clk0_buf
PHY-1001 : clock net ilaclk_2_dup_1 will be merged with clock u2_pll_clk/clk0_buf
PHY-1001 : net sys_clk_dup_1 will be routed on clock mesh
PHY-1001 : clock net u_es8388_ctrl/u_es8388_config/u_i2c_dri/dri_clk_syn_4 will be merged with clock u_es8388_ctrl/u_es8388_config/u_i2c_dri/dri_clk
PHY-1001 : clock net u1_es8388_ctrl/u_es8388_config/u_i2c_dri/dri_clk_syn_4 will be merged with clock u1_es8388_ctrl/u_es8388_config/u_i2c_dri/dri_clk
PHY-1001 : clock net u2_es8388_ctrl/u_es8388_config/u_i2c_dri/dri_clk_syn_4 will be merged with clock u2_es8388_ctrl/u_es8388_config/u_i2c_dri/dri_clk
PHY-1001 : eco open net = 0
PHY-1001 : 15 feed throughs used by 15 nets
RUN-1001 : Import IO constraints
RUN-1001 : Import Inst constraints
RUN-1001 : Import design success TD_VERSION=5.6.71036 , DB_VERSION=46146
RUN-1002 : start command "download -bit ES8388_Runs\phy_1\ES8388.bit -mode jtag -spd 7 -sec 64 -cable 0"
PRG-2014 : Chip validation success: EAGLE_S20_BG256
RUN-1002 : start command "bit_to_vec -chip EAGLE_S20_BG256 -m jtag_burst -freq 4 -bit ES8388_Runs/phy_1/ES8388.bit"
RUN-1002 : start command "program -cable 0 -mode svf -spd 7 -p"
RUN-1003 : finish command "program -cable 0 -mode svf -spd 7 -p" in  6.300022s wall, 0.187500s user + 0.437500s system = 0.625000s CPU (9.9%)

RUN-1004 : used memory is 543 MB, reserved memory is 530 MB, peak memory is 558 MB
RUN-1003 : finish command "download -bit ES8388_Runs\phy_1\ES8388.bit -mode jtag -spd 7 -sec 64 -cable 0" in  6.511679s wall, 0.250000s user + 0.484375s system = 0.734375s CPU (11.3%)

RUN-1004 : used memory is 543 MB, reserved memory is 530 MB, peak memory is 558 MB
GUI-1001 : Downloading succeeded!
RUN-1001 : reset_run syn_1 phy_1.
GUI-6001 WARNING: File C:/Users/lyw15/Desktop/4S20/es8388/TD/ES8388_Runs/phy_1/ES8388.bit does not exist!
RUN-1001 : launch_runs syn_1 phy_1  -jobs 6.
RUN-1001 : syn_1: run complete.
RUN-1001 : phy_1: run complete.
RUN-1001 : open_run phy_1.
RUN-1002 : start command "import_db C:/Users/lyw15/Desktop/4S20/es8388/TD/ES8388_Runs/phy_1/ES8388_pr.db"
RUN-1001 : Importing database generated by Tang Dynasty, V5.6.71036.
RUN-1001 : Database version number 46146.
RUN-1001 : Import flow parameters
PHY-1001 : Generate detailed routing grids ...
PHY-1001 : Processed IO instance I2S_DATA_syn_4 with INV attribute.
PHY-1001 : Processed IO instance aud_dacdat_syn_4 with INV attribute.
PHY-1001 : Processed IO instance aud_dacdat_1_syn_4 with INV attribute.
PHY-1001 : Processed IO instance aud_dacdat_2_syn_4 with INV attribute.
PHY-1001 : Generate nets ...
PHY-1001 : clock net I2S_BCLK_syn_6 will be merged with clock I2S_BCLK_dup_3
PHY-1001 : clock net aud_bclk_syn_4 will be merged with clock aud_bclk_dup_1
PHY-1001 : clock net aud_bclk_1_syn_4 will be merged with clock aud_bclk_1_dup_1
PHY-1001 : net aud_bclk_2_dup_1 will be routed on clock mesh
PHY-1001 : net aud_mclk_dup_1 will be routed on clock mesh
PHY-1001 : net aud_mclk_1_dup_1 will be routed on clock mesh
PHY-1001 : net aud_mclk_2_dup_1 will be routed on clock mesh
PHY-1001 : clock net ilaclk_dup_1 will be merged with clock u_pll_clk/clk0_buf
PHY-1001 : clock net ilaclk_1_dup_1 will be merged with clock u1_pll_clk/clk0_buf
PHY-1001 : clock net ilaclk_2_dup_1 will be merged with clock u2_pll_clk/clk0_buf
PHY-1001 : net sys_clk_dup_1 will be routed on clock mesh
PHY-1001 : clock net u_es8388_ctrl/u_es8388_config/u_i2c_dri/dri_clk_syn_4 will be merged with clock u_es8388_ctrl/u_es8388_config/u_i2c_dri/dri_clk
PHY-1001 : clock net u1_es8388_ctrl/u_es8388_config/u_i2c_dri/dri_clk_syn_4 will be merged with clock u1_es8388_ctrl/u_es8388_config/u_i2c_dri/dri_clk
PHY-1001 : clock net u2_es8388_ctrl/u_es8388_config/u_i2c_dri/dri_clk_syn_4 will be merged with clock u2_es8388_ctrl/u_es8388_config/u_i2c_dri/dri_clk
PHY-1001 : eco open net = 0
PHY-1001 : 15 feed throughs used by 15 nets
RUN-1001 : Import IO constraints
RUN-1001 : Import Inst constraints
RUN-1001 : Import design success TD_VERSION=5.6.71036 , DB_VERSION=46146
RUN-1002 : start command "download -bit ES8388_Runs\phy_1\ES8388.bit -mode jtag -spd 7 -sec 64 -cable 0"
PRG-2014 : Chip validation success: EAGLE_S20_BG256
RUN-1002 : start command "bit_to_vec -chip EAGLE_S20_BG256 -m jtag_burst -freq 4 -bit ES8388_Runs/phy_1/ES8388.bit"
RUN-1002 : start command "program -cable 0 -mode svf -spd 7 -p"
RUN-1003 : finish command "program -cable 0 -mode svf -spd 7 -p" in  6.462610s wall, 0.250000s user + 0.671875s system = 0.921875s CPU (14.3%)

RUN-1004 : used memory is 543 MB, reserved memory is 537 MB, peak memory is 573 MB
RUN-1003 : finish command "download -bit ES8388_Runs\phy_1\ES8388.bit -mode jtag -spd 7 -sec 64 -cable 0" in  6.676320s wall, 0.312500s user + 0.718750s system = 1.031250s CPU (15.4%)

RUN-1004 : used memory is 543 MB, reserved memory is 537 MB, peak memory is 573 MB
GUI-1001 : Downloading succeeded!
RUN-1002 : start command "download -bit ES8388_Runs\phy_1\ES8388.bit -mode jtag -spd 7 -sec 64 -cable 0"
PRG-2014 : Chip validation success: EAGLE_S20_BG256
RUN-1002 : start command "bit_to_vec -chip EAGLE_S20_BG256 -m jtag_burst -freq 4 -bit ES8388_Runs/phy_1/ES8388.bit"
RUN-1002 : start command "program -cable 0 -mode svf -spd 7 -p"
RUN-1003 : finish command "program -cable 0 -mode svf -spd 7 -p" in  6.478021s wall, 0.187500s user + 0.578125s system = 0.765625s CPU (11.8%)

RUN-1004 : used memory is 538 MB, reserved memory is 538 MB, peak memory is 573 MB
RUN-1003 : finish command "download -bit ES8388_Runs\phy_1\ES8388.bit -mode jtag -spd 7 -sec 64 -cable 0" in  6.686197s wall, 0.265625s user + 0.593750s system = 0.859375s CPU (12.9%)

RUN-1004 : used memory is 538 MB, reserved memory is 538 MB, peak memory is 573 MB
GUI-1001 : Downloading succeeded!
RUN-1002 : start command "download -bit ES8388_Runs\phy_1\ES8388.bit -mode jtag -spd 7 -sec 64 -cable 0"
PRG-2014 : Chip validation success: EAGLE_S20_BG256
RUN-1002 : start command "bit_to_vec -chip EAGLE_S20_BG256 -m jtag_burst -freq 4 -bit ES8388_Runs/phy_1/ES8388.bit"
RUN-1002 : start command "program -cable 0 -mode svf -spd 7 -p"
RUN-1003 : finish command "program -cable 0 -mode svf -spd 7 -p" in  6.368268s wall, 0.125000s user + 0.625000s system = 0.750000s CPU (11.8%)

RUN-1004 : used memory is 538 MB, reserved memory is 537 MB, peak memory is 573 MB
RUN-1003 : finish command "download -bit ES8388_Runs\phy_1\ES8388.bit -mode jtag -spd 7 -sec 64 -cable 0" in  6.578750s wall, 0.187500s user + 0.640625s system = 0.828125s CPU (12.6%)

RUN-1004 : used memory is 538 MB, reserved memory is 537 MB, peak memory is 573 MB
GUI-1001 : Downloading succeeded!
HDL-1007 : analyze verilog file ../RTL/i2c_reg_cfg.v
RUN-1001 : reset_run syn_1 phy_1.
GUI-6001 WARNING: File C:/Users/lyw15/Desktop/4S20/es8388/TD/ES8388_Runs/phy_1/ES8388.bit does not exist!
RUN-1001 : launch_runs syn_1 phy_1  -jobs 6.
RUN-1001 : syn_1: run complete.
RUN-1001 : phy_1: run complete.
RUN-1001 : open_run phy_1.
RUN-1002 : start command "import_db C:/Users/lyw15/Desktop/4S20/es8388/TD/ES8388_Runs/phy_1/ES8388_pr.db"
RUN-1001 : Importing database generated by Tang Dynasty, V5.6.71036.
RUN-1001 : Database version number 46146.
RUN-1001 : Import flow parameters
PHY-1001 : Generate detailed routing grids ...
PHY-1001 : Processed IO instance I2S_DATA_syn_4 with INV attribute.
PHY-1001 : Processed IO instance aud_dacdat_syn_4 with INV attribute.
PHY-1001 : Processed IO instance aud_dacdat_1_syn_4 with INV attribute.
PHY-1001 : Processed IO instance aud_dacdat_2_syn_4 with INV attribute.
PHY-1001 : Generate nets ...
PHY-1001 : clock net I2S_BCLK_syn_6 will be merged with clock I2S_BCLK_dup_3
PHY-1001 : clock net aud_bclk_syn_4 will be merged with clock aud_bclk_dup_1
PHY-1001 : clock net aud_bclk_1_syn_4 will be merged with clock aud_bclk_1_dup_1
PHY-1001 : net aud_bclk_2_dup_1 will be routed on clock mesh
PHY-1001 : net aud_mclk_dup_1 will be routed on clock mesh
PHY-1001 : net aud_mclk_1_dup_1 will be routed on clock mesh
PHY-1001 : net aud_mclk_2_dup_1 will be routed on clock mesh
PHY-1001 : clock net ilaclk_dup_1 will be merged with clock u_pll_clk/clk0_buf
PHY-1001 : clock net ilaclk_1_dup_1 will be merged with clock u1_pll_clk/clk0_buf
PHY-1001 : clock net ilaclk_2_dup_1 will be merged with clock u2_pll_clk/clk0_buf
PHY-1001 : net sys_clk_dup_1 will be routed on clock mesh
PHY-1001 : clock net u_es8388_ctrl/u_es8388_config/u_i2c_dri/dri_clk_syn_4 will be merged with clock u_es8388_ctrl/u_es8388_config/u_i2c_dri/dri_clk
PHY-1001 : clock net u1_es8388_ctrl/u_es8388_config/u_i2c_dri/dri_clk_syn_4 will be merged with clock u1_es8388_ctrl/u_es8388_config/u_i2c_dri/dri_clk
PHY-1001 : clock net u2_es8388_ctrl/u_es8388_config/u_i2c_dri/dri_clk_syn_4 will be merged with clock u2_es8388_ctrl/u_es8388_config/u_i2c_dri/dri_clk
PHY-1001 : eco open net = 0
PHY-1001 : 16 feed throughs used by 13 nets
RUN-1001 : Import IO constraints
RUN-1001 : Import Inst constraints
RUN-1001 : Import design success TD_VERSION=5.6.71036 , DB_VERSION=46146
RUN-1002 : start command "download -bit ES8388_Runs\phy_1\ES8388.bit -mode jtag -spd 7 -sec 64 -cable 0"
PRG-9505 ERROR: USB device open error, please re-connect the USB cable!
PRG-9505 ERROR: USB device open error, please re-connect the USB cable!
PRG-9525 ERROR: Chip validation failed! Please check the connection or type of chip!
GUI-8702 ERROR: Downloading failed!
RUN-1002 : start command "download -bit ES8388_Runs\phy_1\ES8388.bit -mode jtag -spd 7 -sec 64 -cable 0"
PRG-2014 : Chip validation success: EAGLE_S20_BG256
RUN-1002 : start command "bit_to_vec -chip EAGLE_S20_BG256 -m jtag_burst -freq 4 -bit ES8388_Runs/phy_1/ES8388.bit"
RUN-1002 : start command "program -cable 0 -mode svf -spd 7 -p"
RUN-1003 : finish command "program -cable 0 -mode svf -spd 7 -p" in  6.370930s wall, 0.156250s user + 0.578125s system = 0.734375s CPU (11.5%)

RUN-1004 : used memory is 570 MB, reserved memory is 566 MB, peak memory is 591 MB
RUN-1003 : finish command "download -bit ES8388_Runs\phy_1\ES8388.bit -mode jtag -spd 7 -sec 64 -cable 0" in  6.573731s wall, 0.218750s user + 0.593750s system = 0.812500s CPU (12.4%)

RUN-1004 : used memory is 570 MB, reserved memory is 566 MB, peak memory is 591 MB
GUI-1001 : Downloading succeeded!
HDL-1007 : analyze verilog file ../RTL/i2c_reg_cfg.v
RUN-1001 : reset_run syn_1 phy_1.
GUI-6001 WARNING: File C:/Users/lyw15/Desktop/4S20/es8388/TD/ES8388_Runs/phy_1/ES8388.bit does not exist!
RUN-1001 : launch_runs syn_1 phy_1  -jobs 6.
RUN-1001 : syn_1: run complete.
RUN-1001 : phy_1: run complete.
RUN-1001 : open_run phy_1.
RUN-1002 : start command "import_db C:/Users/lyw15/Desktop/4S20/es8388/TD/ES8388_Runs/phy_1/ES8388_pr.db"
RUN-1001 : Importing database generated by Tang Dynasty, V5.6.71036.
RUN-1001 : Database version number 46146.
RUN-1001 : Import flow parameters
PHY-1001 : Generate detailed routing grids ...
PHY-1001 : Processed IO instance I2S_DATA_syn_4 with INV attribute.
PHY-1001 : Processed IO instance aud_dacdat_syn_4 with INV attribute.
PHY-1001 : Processed IO instance aud_dacdat_1_syn_4 with INV attribute.
PHY-1001 : Processed IO instance aud_dacdat_2_syn_4 with INV attribute.
PHY-1001 : Generate nets ...
PHY-1001 : clock net I2S_BCLK_syn_6 will be merged with clock I2S_BCLK_dup_3
PHY-1001 : clock net aud_bclk_syn_4 will be merged with clock aud_bclk_dup_1
PHY-1001 : clock net aud_bclk_1_syn_4 will be merged with clock aud_bclk_1_dup_1
PHY-1001 : net aud_bclk_2_dup_1 will be routed on clock mesh
PHY-1001 : net aud_mclk_dup_1 will be routed on clock mesh
PHY-1001 : net aud_mclk_1_dup_1 will be routed on clock mesh
PHY-1001 : net aud_mclk_2_dup_1 will be routed on clock mesh
PHY-1001 : clock net ilaclk_dup_1 will be merged with clock u_pll_clk/clk0_buf
PHY-1001 : clock net ilaclk_1_dup_1 will be merged with clock u1_pll_clk/clk0_buf
PHY-1001 : clock net ilaclk_2_dup_1 will be merged with clock u2_pll_clk/clk0_buf
PHY-1001 : net sys_clk_dup_1 will be routed on clock mesh
PHY-1001 : clock net u_es8388_ctrl/u_es8388_config/u_i2c_dri/dri_clk_syn_4 will be merged with clock u_es8388_ctrl/u_es8388_config/u_i2c_dri/dri_clk
PHY-1001 : clock net u1_es8388_ctrl/u_es8388_config/u_i2c_dri/dri_clk_syn_4 will be merged with clock u1_es8388_ctrl/u_es8388_config/u_i2c_dri/dri_clk
PHY-1001 : clock net u2_es8388_ctrl/u_es8388_config/u_i2c_dri/dri_clk_syn_4 will be merged with clock u2_es8388_ctrl/u_es8388_config/u_i2c_dri/dri_clk
PHY-1001 : eco open net = 0
PHY-1001 : 15 feed throughs used by 15 nets
RUN-1001 : Import IO constraints
RUN-1001 : Import Inst constraints
RUN-1001 : Import design success TD_VERSION=5.6.71036 , DB_VERSION=46146
RUN-1002 : start command "download -bit ES8388_Runs\phy_1\ES8388.bit -mode jtag -spd 7 -sec 64 -cable 0"
PRG-2014 : Chip validation success: EAGLE_S20_BG256
RUN-1002 : start command "bit_to_vec -chip EAGLE_S20_BG256 -m jtag_burst -freq 4 -bit ES8388_Runs/phy_1/ES8388.bit"
RUN-1002 : start command "program -cable 0 -mode svf -spd 7 -p"
RUN-1003 : finish command "program -cable 0 -mode svf -spd 7 -p" in  6.376712s wall, 0.218750s user + 0.671875s system = 0.890625s CPU (14.0%)

RUN-1004 : used memory is 570 MB, reserved memory is 567 MB, peak memory is 597 MB
RUN-1003 : finish command "download -bit ES8388_Runs\phy_1\ES8388.bit -mode jtag -spd 7 -sec 64 -cable 0" in  6.574800s wall, 0.265625s user + 0.687500s system = 0.953125s CPU (14.5%)

RUN-1004 : used memory is 570 MB, reserved memory is 567 MB, peak memory is 597 MB
GUI-1001 : Downloading succeeded!
HDL-1007 : analyze verilog file sound_direction_led.v
HDL-1007 : analyze verilog file ../RTL/audio_speak.v
RUN-1001 : Print Global Property
RUN-1001 : ---------------------------------------------------------------
RUN-1001 :        Parameters        |  Settings  |  Default Values  |  Note  
RUN-1001 : ---------------------------------------------------------------
RUN-1001 :          message         |  standard  |     standard     |        
RUN-1001 :   mixed_pack_place_flow  |     on     |        on        |        
RUN-1001 :        qor_monitor       |    off     |       off        |        
RUN-1001 :        syn_ip_flow       |    off     |       off        |        
RUN-1001 :          thread          |    auto    |       auto       |        
RUN-1001 : ---------------------------------------------------------------
RUN-1001 : Print Design Property
RUN-1001 : --------------------------------------------------------------
RUN-1001 :        Parameters       |  Settings  |  Default Values  |  Note  
RUN-1001 : --------------------------------------------------------------
RUN-1001 :   default_reg_initial   |    auto    |       auto       |        
RUN-1001 :        infer_add        |     on     |        on        |        
RUN-1001 :        infer_fsm        |    off     |       off        |        
RUN-1001 :        infer_mult       |     on     |        on        |        
RUN-1001 :        infer_ram        |     on     |        on        |        
RUN-1001 :        infer_reg        |     on     |        on        |        
RUN-1001 :   infer_reg_init_value  |     on     |        on        |        
RUN-1001 :        infer_rom        |     on     |        on        |        
RUN-1001 :      infer_shifter      |     on     |        on        |        
RUN-1001 : --------------------------------------------------------------
RUN-1001 : Print Rtl Property
RUN-1001 : --------------------------------------------------------------
RUN-1001 :        Parameters       |  Settings  |  Default Values  |  Note  
RUN-1001 : --------------------------------------------------------------
RUN-1001 :       compress_add      |   ripple   |      ripple      |        
RUN-1001 :        elf_sload        |    off     |       off        |        
RUN-1001 :       fix_undriven      |     0      |        0         |        
RUN-1001 :         flatten         |    off     |       off        |        
RUN-1001 :       gate_sharing      |     on     |        on        |        
RUN-1001 :    hdl_warning_level    |   normal   |      normal      |        
RUN-1001 :   impl_internal_tribuf  |     on     |        on        |        
RUN-1001 :      impl_set_reset     |     on     |        on        |        
RUN-1001 :        infer_gsr        |    off     |       off        |        
RUN-1001 :      keep_hierarchy     |    auto    |       auto       |        
RUN-1001 :        max_fanout       |    9999    |       9999       |        
RUN-1001 :      max_oh2bin_len     |     10     |        10        |        
RUN-1001 :       merge_equal       |     on     |        on        |        
RUN-1001 :       merge_equiv       |     on     |        on        |        
RUN-1001 :        merge_mux        |    off     |       off        |        
RUN-1001 :     min_control_set     |     8      |        8         |        
RUN-1001 :      min_ripple_len     |    auto    |       auto       |        
RUN-1001 :       oh2bin_ratio      |    0.08    |       0.08       |        
RUN-1001 :     opt_adder_fanout    |     on     |        on        |        
RUN-1001 :        opt_arith        |     on     |        on        |        
RUN-1001 :       opt_big_gate      |    off     |       off        |        
RUN-1001 :        opt_const        |     on     |        on        |        
RUN-1001 :      opt_const_mult     |     on     |        on        |        
RUN-1001 :       opt_lessthan      |     on     |        on        |        
RUN-1001 :         opt_mux         |    off     |       off        |        
RUN-1001 :         opt_ram         |    high    |       high       |        
RUN-1001 :      rtl_sim_model      |    off     |       off        |        
RUN-1001 :         seq_syn         |     on     |        on        |        
RUN-1001 : --------------------------------------------------------------
HDL-1007 : analyze verilog file al_ip/TDOA.v
HDL-1007 : analyze verilog file ../RTL/es8388_ctrl.v
HDL-1007 : analyze verilog file ../RTL/audio_speak.v
HDL-1007 : analyze verilog file ../RTL/es8388_ctrl.v
GUI-5005 WARNING: Unknown file icon ...
GUI-5005 WARNING: Unknown file icon ...
GUI-5005 WARNING: Unknown file icon ...
HDL-1007 : analyze verilog file ../RTL/audio_speak.v
HDL-1007 : analyze verilog file ../RTL/i2c_reg_cfg.v
HDL-1007 : analyze verilog file ../RTL/i2c_reg_cfg.v
HDL-1007 : analyze verilog file ../RTL/i2c_reg_cfg.v
HDL-1007 : analyze verilog file ../RTL/i2c_reg_cfg.v
GUI-5005 WARNING: Unknown file icon ...
GUI-5005 WARNING: Unknown file icon ...
GUI-5005 WARNING: Unknown file icon ...
GUI-5005 WARNING: Unknown file icon ...
HDL-1007 : analyze verilog file ../RTL/es8388_config.v
GUI-5005 WARNING: Unknown file icon ...
GUI-5005 WARNING: Unknown file icon ...
GUI-5005 WARNING: Unknown file icon ...
GUI-5005 WARNING: Unknown file icon ...
GUI-5005 WARNING: Unknown file icon ...
GUI-5005 WARNING: Unknown file icon ...
GUI-5005 WARNING: Unknown file icon ...
GUI-5005 WARNING: Unknown file icon ...
GUI-5005 WARNING: Unknown file icon ...
GUI-5005 WARNING: Unknown file icon ...
HDL-1007 : analyze verilog file ../RTL/es8388_config.v
GUI-5005 WARNING: Unknown file icon ...
GUI-5005 WARNING: Unknown file icon ...
GUI-5005 WARNING: Unknown file icon ...
GUI-5005 WARNING: Unknown file icon ...
HDL-1007 : analyze verilog file ../RTL/es8388_config.v
GUI-5005 WARNING: Unknown file icon ...
GUI-5005 WARNING: Unknown file icon ...
GUI-5005 WARNING: Unknown file icon ...
GUI-5005 WARNING: Unknown file icon ...
HDL-1007 : analyze verilog file ../RTL/es8388_ctrl.v
HDL-1007 : analyze verilog file ../RTL/audio_speak.v
GUI-5005 WARNING: Unknown file icon ...
GUI-5005 WARNING: Unknown file icon ...
GUI-5005 WARNING: Unknown file icon ...
GUI-5005 WARNING: Unknown file icon ...
GUI-5005 WARNING: Unknown file icon ...
GUI-5005 WARNING: Unknown file icon ...
GUI-5005 WARNING: Unknown file icon ...
HDL-1007 : analyze verilog file ../RTL/audio_speak.v
GUI-5005 WARNING: Unknown file icon ...
GUI-5005 WARNING: Unknown file icon ...
HDL-1007 : analyze verilog file ../RTL/audio_speak.v
HDL-8007 ERROR: syntax error near 'non-printable character with the hex value '0xa3'' in ../RTL/audio_speak.v(52)
HDL-8007 ERROR: 'u1_pll_clk' is already declared in ../RTL/audio_speak.v(118)
HDL-1007 : previous declaration of 'u1_pll_clk' is from here in ../RTL/audio_speak.v(107)
HDL-5007 WARNING: 'rst_cnt_2' is not declared in ../RTL/audio_speak.v(83)
HDL-5007 WARNING: 'rst_cnt_2' is not declared in ../RTL/audio_speak.v(84)
HDL-5007 WARNING: 'rst_cnt_2' is not declared in ../RTL/audio_speak.v(85)
HDL-5007 WARNING: 'rst_cnt_2' is not declared in ../RTL/audio_speak.v(85)
HDL-5007 WARNING: 'rst_cnt_2' is not declared in ../RTL/audio_speak.v(87)
HDL-5007 WARNING: 'rst_cnt_2' is not declared in ../RTL/audio_speak.v(87)
HDL-5007 WARNING: 'rst_cnt_2' is not declared in ../RTL/audio_speak.v(120)
HDL-8007 ERROR: ignore module module due to previous errors in ../RTL/audio_speak.v(1)
HDL-1007 : Verilog file '../RTL/audio_speak.v' ignored due to errors
HDL-1007 : analyze verilog file ../RTL/audio_speak.v
HDL-8007 ERROR: 'u1_pll_clk' is already declared in ../RTL/audio_speak.v(118)
HDL-1007 : previous declaration of 'u1_pll_clk' is from here in ../RTL/audio_speak.v(107)
HDL-8007 ERROR: ignore module module due to previous errors in ../RTL/audio_speak.v(1)
HDL-1007 : Verilog file '../RTL/audio_speak.v' ignored due to errors
HDL-1007 : analyze verilog file al_ip/TDOA.v
RUN-1001 : reset_run syn_1 phy_1.
GUI-6001 WARNING: File C:/Users/lyw15/Desktop/4S20/es8388/TD/ES8388_Runs/phy_1/ES8388.bit does not exist!
RUN-1001 : launch_runs syn_1 phy_1  -jobs 6.
RUN-6001 WARNING: syn_1: run failed.
HDL-1007 : analyze verilog file ../RTL/audio_speak.v
RUN-1001 : reset_run syn_1 phy_1.
RUN-1001 : launch_runs syn_1 phy_1  -jobs 6.
RUN-6001 WARNING: syn_1: run failed.
GUI-5005 WARNING: Unknown file icon ...
GUI-5005 WARNING: Unknown file icon ...
GUI-5005 WARNING: Unknown file icon ...
GUI-5005 WARNING: Unknown file icon ...
GUI-5005 WARNING: Unknown file icon ...
GUI-5005 WARNING: Unknown file icon ...
HDL-1007 : analyze verilog file ../RTL/es8388_config.v
GUI-5005 WARNING: Unknown file icon ...
HDL-1007 : analyze verilog file ../RTL/es8388_config.v
HDL-1007 : analyze verilog file ../RTL/i2c_reg_cfg.v
HDL-1007 : analyze verilog file ../RTL/es8388_config.v
HDL-1007 : analyze verilog file ../RTL/audio_speak.v
RUN-1001 : reset_run syn_1 phy_1.
RUN-1001 : launch_runs syn_1 phy_1  -jobs 6.
RUN-1001 : syn_1: run complete.
RUN-1001 : phy_1: run complete.
RUN-1001 : open_run phy_1.
RUN-1002 : start command "import_db C:/Users/lyw15/Desktop/4S20/es8388/TD/ES8388_Runs/phy_1/ES8388_pr.db"
RUN-1001 : Importing database generated by Tang Dynasty, V5.6.71036.
RUN-1001 : Database version number 46146.
RUN-1001 : Import flow parameters
PHY-1001 : Generate detailed routing grids ...
PHY-1001 : Processed IO instance aud_dacdat_syn_4 with INV attribute.
PHY-1001 : Processed IO instance aud_dacdat_1_syn_4 with INV attribute.
PHY-1001 : Processed IO instance aud_dacdat_2_syn_4 with INV attribute.
PHY-1001 : Generate nets ...
PHY-1001 : clock net aud_bclk_syn_4 will be merged with clock aud_bclk_dup_1
PHY-1001 : clock net aud_bclk_1_syn_4 will be merged with clock aud_bclk_1_dup_1
PHY-1001 : net aud_bclk_2_dup_1 will be routed on clock mesh
PHY-1001 : net aud_mclk_dup_1 will be routed on clock mesh
PHY-1001 : net aud_mclk_1_dup_1 will be routed on clock mesh
PHY-1001 : net aud_mclk_2_dup_1 will be routed on clock mesh
PHY-1001 : clock net ilaclk_dup_1 will be merged with clock u_pll_clk/clk0_buf
PHY-1001 : clock net ilaclk_1_dup_1 will be merged with clock u1_pll_clk/clk0_buf
PHY-1001 : clock net ilaclk_2_dup_1 will be merged with clock u2_pll_clk/clk0_buf
PHY-1001 : net sys_clk_dup_1 will be routed on clock mesh
PHY-1001 : clock net u1_es8388_ctrl/u_es8388_config/u_i2c_dri/dri_clk_syn_4 will be merged with clock u1_es8388_ctrl/u_es8388_config/u_i2c_dri/dri_clk
PHY-1001 : clock net u_es8388_ctrl/u_es8388_config/u_i2c_dri/dri_clk_syn_4 will be merged with clock u_es8388_ctrl/u_es8388_config/u_i2c_dri/dri_clk
PHY-1001 : clock net u2_es8388_ctrl/u_es8388_config/u_i2c_dri/dri_clk_syn_4 will be merged with clock u2_es8388_ctrl/u_es8388_config/u_i2c_dri/dri_clk
PHY-1001 : eco open net = 0
PHY-1001 : 19 feed throughs used by 16 nets
RUN-1001 : Import IO constraints
RUN-1001 : Import Inst constraints
RUN-1001 : Import design success TD_VERSION=5.6.71036 , DB_VERSION=46146
RUN-1002 : start command "download -bit ES8388_Runs\phy_1\ES8388.bit -mode jtag -spd 7 -sec 64 -cable 0"
PRG-2014 : Chip validation success: EAGLE_S20_BG256
RUN-1002 : start command "bit_to_vec -chip EAGLE_S20_BG256 -m jtag_burst -freq 4 -bit ES8388_Runs/phy_1/ES8388.bit"
RUN-1002 : start command "program -cable 0 -mode svf -spd 7 -p"
RUN-1003 : finish command "program -cable 0 -mode svf -spd 7 -p" in  6.319949s wall, 0.187500s user + 0.578125s system = 0.765625s CPU (12.1%)

RUN-1004 : used memory is 588 MB, reserved memory is 650 MB, peak memory is 606 MB
RUN-1003 : finish command "download -bit ES8388_Runs\phy_1\ES8388.bit -mode jtag -spd 7 -sec 64 -cable 0" in  6.524067s wall, 0.218750s user + 0.656250s system = 0.875000s CPU (13.4%)

RUN-1004 : used memory is 588 MB, reserved memory is 650 MB, peak memory is 606 MB
GUI-1001 : Downloading succeeded!
RUN-1002 : start command "download -bit ES8388_Runs\phy_1\ES8388.bit -mode jtag -spd 7 -sec 64 -cable 0"
PRG-2014 : Chip validation success: EAGLE_S20_BG256
RUN-1002 : start command "bit_to_vec -chip EAGLE_S20_BG256 -m jtag_burst -freq 4 -bit ES8388_Runs/phy_1/ES8388.bit"
RUN-1002 : start command "program -cable 0 -mode svf -spd 7 -p"
RUN-1003 : finish command "program -cable 0 -mode svf -spd 7 -p" in  6.362417s wall, 0.140625s user + 0.671875s system = 0.812500s CPU (12.8%)

RUN-1004 : used memory is 589 MB, reserved memory is 650 MB, peak memory is 606 MB
RUN-1003 : finish command "download -bit ES8388_Runs\phy_1\ES8388.bit -mode jtag -spd 7 -sec 64 -cable 0" in  6.571999s wall, 0.218750s user + 0.703125s system = 0.921875s CPU (14.0%)

RUN-1004 : used memory is 589 MB, reserved memory is 650 MB, peak memory is 606 MB
GUI-1001 : Downloading succeeded!
RUN-1002 : start command "download -bit ES8388_Runs\phy_1\ES8388.bit -mode jtag -spd 7 -sec 64 -cable 0"
PRG-2014 : Chip validation success: EAGLE_S20_BG256
RUN-1002 : start command "bit_to_vec -chip EAGLE_S20_BG256 -m jtag_burst -freq 4 -bit ES8388_Runs/phy_1/ES8388.bit"
RUN-1002 : start command "program -cable 0 -mode svf -spd 7 -p"
RUN-1003 : finish command "program -cable 0 -mode svf -spd 7 -p" in  6.360840s wall, 0.078125s user + 0.546875s system = 0.625000s CPU (9.8%)

RUN-1004 : used memory is 586 MB, reserved memory is 647 MB, peak memory is 606 MB
RUN-1003 : finish command "download -bit ES8388_Runs\phy_1\ES8388.bit -mode jtag -spd 7 -sec 64 -cable 0" in  6.562805s wall, 0.156250s user + 0.562500s system = 0.718750s CPU (11.0%)

RUN-1004 : used memory is 586 MB, reserved memory is 647 MB, peak memory is 606 MB
GUI-1001 : Downloading succeeded!
RUN-1002 : start command "download -bit ES8388_Runs\phy_1\ES8388.bit -mode jtag -spd 7 -sec 64 -cable 0"
PRG-2014 : Chip validation success: EAGLE_S20_BG256
RUN-1002 : start command "bit_to_vec -chip EAGLE_S20_BG256 -m jtag_burst -freq 4 -bit ES8388_Runs/phy_1/ES8388.bit"
RUN-1002 : start command "program -cable 0 -mode svf -spd 7 -p"
RUN-1003 : finish command "program -cable 0 -mode svf -spd 7 -p" in  6.369417s wall, 0.234375s user + 0.656250s system = 0.890625s CPU (14.0%)

RUN-1004 : used memory is 585 MB, reserved memory is 647 MB, peak memory is 606 MB
RUN-1003 : finish command "download -bit ES8388_Runs\phy_1\ES8388.bit -mode jtag -spd 7 -sec 64 -cable 0" in  6.573131s wall, 0.281250s user + 0.734375s system = 1.015625s CPU (15.5%)

RUN-1004 : used memory is 585 MB, reserved memory is 647 MB, peak memory is 606 MB
GUI-1001 : Downloading succeeded!
RUN-1001 : reset_run syn_1 phy_1.
GUI-6001 WARNING: File C:/Users/lyw15/Desktop/4S20/es8388/TD/ES8388_Runs/phy_1/ES8388.bit does not exist!
RUN-1001 : launch_runs syn_1 phy_1  -jobs 6.
RUN-1001 : syn_1: run complete.
RUN-1001 : Print Global Property
RUN-1001 : ---------------------------------------------------------------
RUN-1001 :        Parameters        |  Settings  |  Default Values  |  Note  
RUN-1001 : ---------------------------------------------------------------
RUN-1001 :          message         |  standard  |     standard     |        
RUN-1001 :   mixed_pack_place_flow  |     on     |        on        |        
RUN-1001 :        qor_monitor       |    off     |       off        |        
RUN-1001 :        syn_ip_flow       |    off     |       off        |        
RUN-1001 :          thread          |    auto    |       auto       |        
RUN-1001 : ---------------------------------------------------------------
RUN-1001 : Print Design Property
RUN-1001 : --------------------------------------------------------------
RUN-1001 :        Parameters       |  Settings  |  Default Values  |  Note  
RUN-1001 : --------------------------------------------------------------
RUN-1001 :   default_reg_initial   |    auto    |       auto       |        
RUN-1001 :        infer_add        |     on     |        on        |        
RUN-1001 :        infer_fsm        |    off     |       off        |        
RUN-1001 :        infer_mult       |     on     |        on        |        
RUN-1001 :        infer_ram        |     on     |        on        |        
RUN-1001 :        infer_reg        |     on     |        on        |        
RUN-1001 :   infer_reg_init_value  |     on     |        on        |        
RUN-1001 :        infer_rom        |     on     |        on        |        
RUN-1001 :      infer_shifter      |     on     |        on        |        
RUN-1001 : --------------------------------------------------------------
RUN-1001 : Print Rtl Property
RUN-1001 : --------------------------------------------------------------
RUN-1001 :        Parameters       |  Settings  |  Default Values  |  Note  
RUN-1001 : --------------------------------------------------------------
RUN-1001 :       compress_add      |   ripple   |      ripple      |        
RUN-1001 :        elf_sload        |    off     |       off        |        
RUN-1001 :       fix_undriven      |     0      |        0         |        
RUN-1001 :         flatten         |    off     |       off        |        
RUN-1001 :       gate_sharing      |     on     |        on        |        
RUN-1001 :    hdl_warning_level    |   normal   |      normal      |        
RUN-1001 :   impl_internal_tribuf  |     on     |        on        |        
RUN-1001 :      impl_set_reset     |     on     |        on        |        
RUN-1001 :        infer_gsr        |    off     |       off        |        
RUN-1001 :      keep_hierarchy     |    auto    |       auto       |        
RUN-1001 :        max_fanout       |    9999    |       9999       |        
RUN-1001 :      max_oh2bin_len     |     10     |        10        |        
RUN-1001 :       merge_equal       |     on     |        on        |        
RUN-1001 :       merge_equiv       |     on     |        on        |        
RUN-1001 :        merge_mux        |    off     |       off        |        
RUN-1001 :     min_control_set     |     8      |        8         |        
RUN-1001 :      min_ripple_len     |    auto    |       auto       |        
RUN-1001 :       oh2bin_ratio      |    0.08    |       0.08       |        
RUN-1001 :     opt_adder_fanout    |     on     |        on        |        
RUN-1001 :        opt_arith        |     on     |        on        |        
RUN-1001 :       opt_big_gate      |    off     |       off        |        
RUN-1001 :        opt_const        |     on     |        on        |        
RUN-1001 :      opt_const_mult     |     on     |        on        |        
RUN-1001 :       opt_lessthan      |     on     |        on        |        
RUN-1001 :         opt_mux         |    off     |       off        |        
RUN-1001 :         opt_ram         |    high    |       high       |        
RUN-1001 :      rtl_sim_model      |    off     |       off        |        
RUN-1001 :         seq_syn         |     on     |        on        |        
RUN-1001 : --------------------------------------------------------------
HDL-1007 : analyze verilog file al_ip/clk_wiz_0.v
HDL-1007 : undeclared symbol 'open', assumed default net type 'wire' in al_ip/clk_wiz_0.v(80)
HDL-1007 : analyze verilog file ../RTL/audio_receive.v
HDL-1007 : analyze verilog file ../RTL/audio_send.v
HDL-1007 : analyze verilog file ../RTL/audio_speak.v
HDL-1007 : analyze verilog file ../RTL/es8388_config.v
HDL-1007 : analyze verilog file ../RTL/es8388_ctrl.v
HDL-1007 : analyze verilog file ../RTL/i2c_dri.v
HDL-1007 : analyze verilog file ../RTL/i2c_reg_cfg.v
HDL-1007 : analyze verilog file al_ip/LMS.v
HDL-1007 : analyze verilog file sound_direction_led.v
HDL-1007 : analyze verilog file al_ip/i2s_tx.v
HDL-1007 : analyze verilog file al_ip/direction.v
HDL-1007 : analyze verilog file al_ip/TDOA.v
RUN-1001 : phy_1: run complete.
RUN-1001 : open_run phy_1.
RUN-1002 : start command "import_db C:/Users/lyw15/Desktop/4S20/es8388/TD/ES8388_Runs/phy_1/ES8388_pr.db"
RUN-1001 : Importing database generated by Tang Dynasty, V5.6.71036.
RUN-1001 : Database version number 46146.
RUN-1001 : Import flow parameters
PHY-1001 : Generate detailed routing grids ...
PHY-1001 : Processed IO instance aud_dacdat_syn_4 with INV attribute.
PHY-1001 : Processed IO instance aud_dacdat_1_syn_4 with INV attribute.
PHY-1001 : Processed IO instance aud_dacdat_2_syn_4 with INV attribute.
PHY-1001 : Generate nets ...
PHY-1001 : clock net aud_bclk_syn_4 will be merged with clock aud_bclk_dup_1
PHY-1001 : clock net aud_bclk_1_syn_4 will be merged with clock aud_bclk_1_dup_1
PHY-1001 : net aud_bclk_2_dup_1 will be routed on clock mesh
PHY-1001 : net aud_mclk_dup_1 will be routed on clock mesh
PHY-1001 : net aud_mclk_1_dup_1 will be routed on clock mesh
PHY-1001 : net aud_mclk_2_dup_1 will be routed on clock mesh
PHY-1001 : clock net ilaclk_dup_1 will be merged with clock u_pll_clk/clk0_buf
PHY-1001 : clock net ilaclk_1_dup_1 will be merged with clock u1_pll_clk/clk0_buf
PHY-1001 : clock net ilaclk_2_dup_1 will be merged with clock u2_pll_clk/clk0_buf
PHY-1001 : net sys_clk_dup_1 will be routed on clock mesh
PHY-1001 : clock net u1_es8388_ctrl/u_es8388_config/u_i2c_dri/dri_clk_syn_4 will be merged with clock u1_es8388_ctrl/u_es8388_config/u_i2c_dri/dri_clk
PHY-1001 : clock net u_es8388_ctrl/u_es8388_config/u_i2c_dri/dri_clk_syn_4 will be merged with clock u_es8388_ctrl/u_es8388_config/u_i2c_dri/dri_clk
PHY-1001 : clock net u2_es8388_ctrl/u_es8388_config/u_i2c_dri/dri_clk_syn_4 will be merged with clock u2_es8388_ctrl/u_es8388_config/u_i2c_dri/dri_clk
PHY-1001 : eco open net = 0
PHY-1001 : 19 feed throughs used by 16 nets
RUN-1001 : Import IO constraints
RUN-1001 : Import Inst constraints
RUN-1001 : Import design success TD_VERSION=5.6.71036 , DB_VERSION=46146
HDL-1007 : analyze verilog file ../RTL/i2c_reg_cfg.v
RUN-1001 : reset_run syn_1 phy_1.
RUN-1001 : launch_runs syn_1 phy_1  -jobs 6.
RUN-1001 : syn_1: run complete.
RUN-1001 : phy_1: run complete.
RUN-1001 : open_run phy_1.
RUN-1002 : start command "import_db C:/Users/lyw15/Desktop/4S20/es8388/TD/ES8388_Runs/phy_1/ES8388_pr.db"
RUN-1001 : Importing database generated by Tang Dynasty, V5.6.71036.
RUN-1001 : Database version number 46146.
RUN-1001 : Import flow parameters
PHY-1001 : Generate detailed routing grids ...
PHY-1001 : Processed IO instance aud_dacdat_syn_4 with INV attribute.
PHY-1001 : Processed IO instance aud_dacdat_1_syn_4 with INV attribute.
PHY-1001 : Processed IO instance aud_dacdat_2_syn_4 with INV attribute.
PHY-1001 : Generate nets ...
PHY-1001 : clock net aud_bclk_syn_4 will be merged with clock aud_bclk_dup_1
PHY-1001 : clock net aud_bclk_1_syn_4 will be merged with clock aud_bclk_1_dup_1
PHY-1001 : net aud_bclk_2_dup_1 will be routed on clock mesh
PHY-1001 : net aud_mclk_dup_1 will be routed on clock mesh
PHY-1001 : net aud_mclk_1_dup_1 will be routed on clock mesh
PHY-1001 : net aud_mclk_2_dup_1 will be routed on clock mesh
PHY-1001 : clock net ilaclk_dup_1 will be merged with clock u_pll_clk/clk0_buf
PHY-1001 : clock net ilaclk_1_dup_1 will be merged with clock u1_pll_clk/clk0_buf
PHY-1001 : clock net ilaclk_2_dup_1 will be merged with clock u2_pll_clk/clk0_buf
PHY-1001 : net sys_clk_dup_1 will be routed on clock mesh
PHY-1001 : clock net u1_es8388_ctrl/u_es8388_config/u_i2c_dri/dri_clk_syn_4 will be merged with clock u1_es8388_ctrl/u_es8388_config/u_i2c_dri/dri_clk
PHY-1001 : clock net u_es8388_ctrl/u_es8388_config/u_i2c_dri/dri_clk_syn_4 will be merged with clock u_es8388_ctrl/u_es8388_config/u_i2c_dri/dri_clk
PHY-1001 : clock net u2_es8388_ctrl/u_es8388_config/u_i2c_dri/dri_clk_syn_4 will be merged with clock u2_es8388_ctrl/u_es8388_config/u_i2c_dri/dri_clk
PHY-1001 : eco open net = 0
PHY-1001 : 13 feed throughs used by 13 nets
RUN-1001 : Import IO constraints
RUN-1001 : Import Inst constraints
RUN-1001 : Import design success TD_VERSION=5.6.71036 , DB_VERSION=46146
RUN-1002 : start command "download -bit ES8388_Runs\phy_1\ES8388.bit -mode jtag -spd 7 -sec 64 -cable 0"
PRG-2014 : Chip validation success: EAGLE_S20_BG256
RUN-1002 : start command "bit_to_vec -chip EAGLE_S20_BG256 -m jtag_burst -freq 4 -bit ES8388_Runs/phy_1/ES8388.bit"
RUN-1002 : start command "program -cable 0 -mode svf -spd 7 -p"
RUN-1003 : finish command "program -cable 0 -mode svf -spd 7 -p" in  6.427763s wall, 0.078125s user + 0.562500s system = 0.640625s CPU (10.0%)

RUN-1004 : used memory is 612 MB, reserved memory is 668 MB, peak memory is 639 MB
RUN-1003 : finish command "download -bit ES8388_Runs\phy_1\ES8388.bit -mode jtag -spd 7 -sec 64 -cable 0" in  6.630262s wall, 0.125000s user + 0.625000s system = 0.750000s CPU (11.3%)

RUN-1004 : used memory is 612 MB, reserved memory is 668 MB, peak memory is 639 MB
GUI-1001 : Downloading succeeded!
HDL-1007 : analyze verilog file al_ip/direction.v
HDL-5007 WARNING: loop variable declaration is not allowed in this mode of Verilog in al_ip/direction.v(56)
HDL-8007 ERROR: declarations are not allowed in an unnamed block in al_ip/direction.v(55)
HDL-5007 WARNING: loop variable declaration is not allowed in this mode of Verilog in al_ip/direction.v(78)
HDL-8007 ERROR: declarations are not allowed in an unnamed block in al_ip/direction.v(75)
HDL-5007 WARNING: 'sample_counter' is not declared in al_ip/direction.v(31)
HDL-5007 WARNING: 'sample_counter' is not declared in al_ip/direction.v(35)
HDL-5007 WARNING: 'sample_counter' is not declared in al_ip/direction.v(42)
HDL-5007 WARNING: 'sample_counter' is not declared in al_ip/direction.v(42)
HDL-8007 ERROR: ignore module module due to previous errors in al_ip/direction.v(1)
HDL-1007 : Verilog file 'al_ip/direction.v' ignored due to errors
HDL-1007 : analyze verilog file al_ip/direction.v
HDL-1007 : analyze verilog file ../RTL/audio_speak.v
RUN-1001 : reset_run syn_1 phy_1.
GUI-6001 WARNING: File C:/Users/lyw15/Desktop/4S20/es8388/TD/ES8388_Runs/phy_1/ES8388.bit does not exist!
RUN-1001 : launch_runs syn_1 phy_1  -jobs 6.
RUN-1001 : syn_1: run complete.
RUN-1001 : phy_1: run complete.
RUN-1001 : open_run phy_1.
RUN-1002 : start command "import_db C:/Users/lyw15/Desktop/4S20/es8388/TD/ES8388_Runs/phy_1/ES8388_pr.db"
RUN-1001 : Importing database generated by Tang Dynasty, V5.6.71036.
RUN-1001 : Database version number 46146.
RUN-1001 : Import flow parameters
PHY-1001 : Generate detailed routing grids ...
PHY-1001 : Processed IO instance aud_dacdat_syn_4 with INV attribute.
PHY-1001 : Processed IO instance aud_dacdat_1_syn_4 with INV attribute.
PHY-1001 : Processed IO instance aud_dacdat_2_syn_4 with INV attribute.
PHY-1001 : Generate nets ...
PHY-1001 : clock net aud_bclk_syn_4 will be merged with clock aud_bclk_dup_1
PHY-1001 : clock net aud_bclk_1_syn_4 will be merged with clock aud_bclk_1_dup_1
PHY-1001 : net aud_bclk_2_dup_1 will be routed on clock mesh
PHY-1001 : net aud_mclk_dup_1 will be routed on clock mesh
PHY-1001 : net aud_mclk_1_dup_1 will be routed on clock mesh
PHY-1001 : net aud_mclk_2_dup_1 will be routed on clock mesh
PHY-1001 : clock net ilaclk_dup_1 will be merged with clock u_pll_clk/clk0_buf
PHY-1001 : clock net ilaclk_1_dup_1 will be merged with clock u1_pll_clk/clk0_buf
PHY-1001 : clock net ilaclk_2_dup_1 will be merged with clock u2_pll_clk/clk0_buf
PHY-1001 : net sys_clk_dup_1 will be routed on clock mesh
PHY-1001 : clock net u1_es8388_ctrl/u_es8388_config/u_i2c_dri/dri_clk_syn_4 will be merged with clock u1_es8388_ctrl/u_es8388_config/u_i2c_dri/dri_clk
PHY-1001 : clock net u_es8388_ctrl/u_es8388_config/u_i2c_dri/dri_clk_syn_4 will be merged with clock u_es8388_ctrl/u_es8388_config/u_i2c_dri/dri_clk
PHY-1001 : clock net u2_es8388_ctrl/u_es8388_config/u_i2c_dri/dri_clk_syn_4 will be merged with clock u2_es8388_ctrl/u_es8388_config/u_i2c_dri/dri_clk
PHY-1001 : eco open net = 0
PHY-1001 : 24 feed throughs used by 23 nets
RUN-1001 : Import IO constraints
RUN-1001 : Import Inst constraints
RUN-1001 : Import design success TD_VERSION=5.6.71036 , DB_VERSION=46146
RUN-1002 : start command "download -bit ES8388_Runs\phy_1\ES8388.bit -mode jtag -spd 7 -sec 64 -cable 0"
PRG-2014 : Chip validation success: EAGLE_S20_BG256
RUN-1002 : start command "bit_to_vec -chip EAGLE_S20_BG256 -m jtag_burst -freq 4 -bit ES8388_Runs/phy_1/ES8388.bit"
RUN-1002 : start command "program -cable 0 -mode svf -spd 7 -p"
RUN-1003 : finish command "program -cable 0 -mode svf -spd 7 -p" in  6.504145s wall, 0.203125s user + 0.781250s system = 0.984375s CPU (15.1%)

RUN-1004 : used memory is 653 MB, reserved memory is 710 MB, peak memory is 671 MB
RUN-1003 : finish command "download -bit ES8388_Runs\phy_1\ES8388.bit -mode jtag -spd 7 -sec 64 -cable 0" in  6.713070s wall, 0.265625s user + 0.812500s system = 1.078125s CPU (16.1%)

RUN-1004 : used memory is 653 MB, reserved memory is 710 MB, peak memory is 671 MB
GUI-1001 : Downloading succeeded!
HDL-1007 : analyze verilog file al_ip/direction.v
HDL-5007 WARNING: loop variable declaration is not allowed in this mode of Verilog in al_ip/direction.v(58)
HDL-8007 ERROR: declarations are not allowed in an unnamed block in al_ip/direction.v(55)
HDL-8007 ERROR: declarations are not allowed in an unnamed block in al_ip/direction.v(103)
HDL-5007 WARNING: loop variable declaration is not allowed in this mode of Verilog in al_ip/direction.v(102)
HDL-8007 ERROR: declarations are not allowed in an unnamed block in al_ip/direction.v(100)
HDL-8007 ERROR: 'longint' is an unknown type in al_ip/direction.v(100)
HDL-8007 ERROR: 'int' is an unknown type in al_ip/direction.v(103)
HDL-8007 ERROR: 'left_buffer' is not a constant in al_ip/direction.v(103)
HDL-8007 ERROR: 'int' is an unknown type in al_ip/direction.v(104)
HDL-8007 ERROR: 'right_buffer' is not a constant in al_ip/direction.v(104)
HDL-8007 ERROR: ignore module module due to previous errors in al_ip/direction.v(1)
HDL-1007 : Verilog file 'al_ip/direction.v' ignored due to errors
HDL-1007 : analyze verilog file al_ip/direction.v
HDL-1007 : analyze verilog file al_ip/TDOA.v
HDL-8007 ERROR: syntax error near 'signed' in al_ip/TDOA.v(37)
HDL-8007 ERROR: Verilog 2000 keyword 'signed' used in incorrect context in al_ip/TDOA.v(37)
HDL-8007 ERROR: syntax error near 'signed' in al_ip/TDOA.v(38)
HDL-8007 ERROR: Verilog 2000 keyword 'signed' used in incorrect context in al_ip/TDOA.v(38)
HDL-8007 ERROR: syntax error near 'signed' in al_ip/TDOA.v(41)
HDL-8007 ERROR: Verilog 2000 keyword 'signed' used in incorrect context in al_ip/TDOA.v(41)
HDL-8007 ERROR: syntax error near 'signed' in al_ip/TDOA.v(47)
HDL-8007 ERROR: Verilog 2000 keyword 'signed' used in incorrect context in al_ip/TDOA.v(47)
HDL-8007 ERROR: syntax error near 'signed' in al_ip/TDOA.v(48)
HDL-8007 ERROR: Verilog 2000 keyword 'signed' used in incorrect context in al_ip/TDOA.v(48)
HDL-8007 ERROR: syntax error near 'signed' in al_ip/TDOA.v(49)
HDL-8007 ERROR: Verilog 2000 keyword 'signed' used in incorrect context in al_ip/TDOA.v(49)
HDL-8007 ERROR: syntax error near 'signed' in al_ip/TDOA.v(50)
HDL-8007 ERROR: Verilog 2000 keyword 'signed' used in incorrect context in al_ip/TDOA.v(50)
HDL-8007 ERROR: syntax error near 'signed' in al_ip/TDOA.v(51)
HDL-8007 ERROR: Verilog 2000 keyword 'signed' used in incorrect context in al_ip/TDOA.v(51)
HDL-8007 ERROR: syntax error near 'signed' in al_ip/TDOA.v(52)
HDL-8007 ERROR: Verilog 2000 keyword 'signed' used in incorrect context in al_ip/TDOA.v(52)
HDL-8007 ERROR: declarations are not allowed in an unnamed block in al_ip/TDOA.v(47)
HDL-1007 : Sorry, too many errors..
HDL-1007 : analyze verilog file al_ip/TDOA.v
HDL-8007 ERROR: syntax error near '[' in al_ip/TDOA.v(37)
HDL-8007 ERROR: syntax error near '[' in al_ip/TDOA.v(38)
HDL-8007 ERROR: syntax error near '[' in al_ip/TDOA.v(41)
HDL-8007 ERROR: syntax error near '[' in al_ip/TDOA.v(47)
HDL-8007 ERROR: syntax error near '[' in al_ip/TDOA.v(48)
HDL-8007 ERROR: syntax error near '[' in al_ip/TDOA.v(49)
HDL-8007 ERROR: syntax error near '[' in al_ip/TDOA.v(50)
HDL-8007 ERROR: syntax error near '[' in al_ip/TDOA.v(51)
HDL-8007 ERROR: syntax error near '[' in al_ip/TDOA.v(52)
HDL-8007 ERROR: declarations are not allowed in an unnamed block in al_ip/TDOA.v(47)
HDL-8007 ERROR: declarations are not allowed in an unnamed block in al_ip/TDOA.v(44)
HDL-5007 WARNING: loop variable declaration is not allowed in this mode of Verilog in al_ip/TDOA.v(43)
HDL-8007 ERROR: declarations are not allowed in an unnamed block in al_ip/TDOA.v(41)
HDL-5007 WARNING: loop variable declaration is not allowed in this mode of Verilog in al_ip/TDOA.v(40)
HDL-8007 ERROR: declarations are not allowed in an unnamed block in al_ip/TDOA.v(37)
HDL-5007 WARNING: 'rst_n' is not declared in al_ip/TDOA.v(19)
HDL-5007 WARNING: 'rst_n' is not declared in al_ip/TDOA.v(20)
HDL-5007 WARNING: 'scond_cache' is not declared in al_ip/TDOA.v(26)
HDL-5007 WARNING: 'scond_data' is not declared in al_ip/TDOA.v(26)
HDL-8007 ERROR: 'i' is not a constant in al_ip/TDOA.v(44)
HDL-8007 ERROR: 'd' is not a constant in al_ip/TDOA.v(44)
HDL-8007 ERROR: 'first_cache' is not a constant in al_ip/TDOA.v(47)
HDL-8007 ERROR: 'second_cache' is not a constant in al_ip/TDOA.v(48)
HDL-8007 ERROR: 'l_val' is not a constant in al_ip/TDOA.v(49)
HDL-8007 ERROR: 'r_val' is not a constant in al_ip/TDOA.v(49)
HDL-1007 : Sorry, too many errors..
HDL-1007 : analyze verilog file al_ip/TDOA.v
HDL-8007 ERROR: syntax error near 'signed' in al_ip/TDOA.v(37)
HDL-8007 ERROR: Verilog 2000 keyword 'signed' used in incorrect context in al_ip/TDOA.v(37)
HDL-8007 ERROR: syntax error near 'signed' in al_ip/TDOA.v(38)
HDL-8007 ERROR: Verilog 2000 keyword 'signed' used in incorrect context in al_ip/TDOA.v(38)
HDL-8007 ERROR: syntax error near 'signed' in al_ip/TDOA.v(41)
HDL-8007 ERROR: Verilog 2000 keyword 'signed' used in incorrect context in al_ip/TDOA.v(41)
HDL-8007 ERROR: syntax error near 'signed' in al_ip/TDOA.v(47)
HDL-8007 ERROR: Verilog 2000 keyword 'signed' used in incorrect context in al_ip/TDOA.v(47)
HDL-8007 ERROR: syntax error near 'signed' in al_ip/TDOA.v(48)
HDL-8007 ERROR: Verilog 2000 keyword 'signed' used in incorrect context in al_ip/TDOA.v(48)
HDL-8007 ERROR: syntax error near 'signed' in al_ip/TDOA.v(49)
HDL-8007 ERROR: Verilog 2000 keyword 'signed' used in incorrect context in al_ip/TDOA.v(49)
HDL-8007 ERROR: syntax error near 'signed' in al_ip/TDOA.v(50)
HDL-8007 ERROR: Verilog 2000 keyword 'signed' used in incorrect context in al_ip/TDOA.v(50)
HDL-8007 ERROR: syntax error near 'signed' in al_ip/TDOA.v(51)
HDL-8007 ERROR: Verilog 2000 keyword 'signed' used in incorrect context in al_ip/TDOA.v(51)
HDL-8007 ERROR: syntax error near 'signed' in al_ip/TDOA.v(52)
HDL-8007 ERROR: Verilog 2000 keyword 'signed' used in incorrect context in al_ip/TDOA.v(52)
HDL-8007 ERROR: declarations are not allowed in an unnamed block in al_ip/TDOA.v(47)
HDL-1007 : Sorry, too many errors..
HDL-1007 : analyze verilog file al_ip/TDOA.v
HDL-5007 WARNING: 'rst_n' is not declared in al_ip/TDOA.v(19)
HDL-5007 WARNING: 'rst_n' is not declared in al_ip/TDOA.v(20)
HDL-5007 WARNING: 'scond_cache' is not declared in al_ip/TDOA.v(26)
HDL-5007 WARNING: 'scond_data' is not declared in al_ip/TDOA.v(26)
HDL-8007 ERROR: cannot access memory 'first_cache' directly in al_ip/TDOA.v(37)
HDL-8007 ERROR: cannot access memory 'second_cache' directly in al_ip/TDOA.v(37)
HDL-8007 ERROR: illegal operand for operator < in al_ip/TDOA.v(37)
HDL-8007 ERROR: cannot access memory 'first_cache' directly in al_ip/TDOA.v(39)
HDL-8007 ERROR: cannot access memory 'second_cache' directly in al_ip/TDOA.v(39)
HDL-8007 ERROR: illegal operand for operator > in al_ip/TDOA.v(39)
HDL-8007 ERROR: ignore module module due to previous errors in al_ip/TDOA.v(1)
HDL-1007 : Verilog file 'al_ip/TDOA.v' ignored due to errors
HDL-1007 : analyze verilog file al_ip/TDOA.v
HDL-5007 WARNING: loop variable declaration is not allowed in this mode of Verilog in al_ip/TDOA.v(26)
HDL-8007 ERROR: syntax error near '[' in al_ip/TDOA.v(45)
HDL-8007 ERROR: syntax error near '[' in al_ip/TDOA.v(46)
HDL-8007 ERROR: syntax error near '[' in al_ip/TDOA.v(49)
HDL-8007 ERROR: syntax error near '[' in al_ip/TDOA.v(55)
HDL-8007 ERROR: syntax error near '[' in al_ip/TDOA.v(56)
HDL-8007 ERROR: syntax error near '[' in al_ip/TDOA.v(57)
HDL-8007 ERROR: syntax error near '[' in al_ip/TDOA.v(58)
HDL-8007 ERROR: syntax error near '[' in al_ip/TDOA.v(59)
HDL-8007 ERROR: syntax error near '[' in al_ip/TDOA.v(60)
HDL-8007 ERROR: declarations are not allowed in an unnamed block in al_ip/TDOA.v(55)
HDL-8007 ERROR: declarations are not allowed in an unnamed block in al_ip/TDOA.v(52)
HDL-5007 WARNING: loop variable declaration is not allowed in this mode of Verilog in al_ip/TDOA.v(51)
HDL-8007 ERROR: declarations are not allowed in an unnamed block in al_ip/TDOA.v(49)
HDL-5007 WARNING: loop variable declaration is not allowed in this mode of Verilog in al_ip/TDOA.v(48)
HDL-8007 ERROR: declarations are not allowed in an unnamed block in al_ip/TDOA.v(45)
HDL-8007 ERROR: 'i' is not a constant in al_ip/TDOA.v(52)
HDL-8007 ERROR: 'd' is not a constant in al_ip/TDOA.v(52)
HDL-8007 ERROR: 'first_cache' is not a constant in al_ip/TDOA.v(55)
HDL-8007 ERROR: 'second_cache' is not a constant in al_ip/TDOA.v(56)
HDL-8007 ERROR: 'l_val' is not a constant in al_ip/TDOA.v(57)
HDL-8007 ERROR: 'r_val' is not a constant in al_ip/TDOA.v(57)
HDL-1007 : Sorry, too many errors..
HDL-1007 : analyze verilog file al_ip/TDOA.v
RUN-1001 : reset_run syn_1 phy_1.
GUI-6001 WARNING: File C:/Users/lyw15/Desktop/4S20/es8388/TD/ES8388_Runs/phy_1/ES8388.bit does not exist!
RUN-1001 : launch_runs syn_1 phy_1  -jobs 6.
RUN-1001 : syn_1: run complete.
RUN-1001 : phy_1: run complete.
RUN-1001 : open_run phy_1.
RUN-1002 : start command "import_db C:/Users/lyw15/Desktop/4S20/es8388/TD/ES8388_Runs/phy_1/ES8388_pr.db"
RUN-1001 : Importing database generated by Tang Dynasty, V5.6.71036.
RUN-1001 : Database version number 46146.
RUN-1001 : Import flow parameters
PHY-1001 : Generate detailed routing grids ...
PHY-1001 : Processed IO instance aud_dacdat_syn_4 with INV attribute.
PHY-1001 : Processed IO instance aud_dacdat_1_syn_4 with INV attribute.
PHY-1001 : Processed IO instance aud_dacdat_2_syn_4 with INV attribute.
PHY-1001 : Generate nets ...
PHY-1001 : clock net aud_bclk_syn_4 will be merged with clock aud_bclk_dup_1
PHY-1001 : clock net aud_bclk_1_syn_4 will be merged with clock aud_bclk_1_dup_1
PHY-1001 : net aud_bclk_2_dup_1 will be routed on clock mesh
PHY-1001 : net aud_mclk_dup_1 will be routed on clock mesh
PHY-1001 : net aud_mclk_1_dup_1 will be routed on clock mesh
PHY-1001 : net aud_mclk_2_dup_1 will be routed on clock mesh
PHY-1001 : clock net ilaclk_dup_1 will be merged with clock u_pll_clk/clk0_buf
PHY-1001 : clock net ilaclk_1_dup_1 will be merged with clock u1_pll_clk/clk0_buf
PHY-1001 : clock net ilaclk_2_dup_1 will be merged with clock u2_pll_clk/clk0_buf
PHY-1001 : net sys_clk_dup_1 will be routed on clock mesh
PHY-1001 : clock net u1_es8388_ctrl/u_es8388_config/u_i2c_dri/dri_clk_syn_4 will be merged with clock u1_es8388_ctrl/u_es8388_config/u_i2c_dri/dri_clk
PHY-1001 : clock net u_es8388_ctrl/u_es8388_config/u_i2c_dri/dri_clk_syn_4 will be merged with clock u_es8388_ctrl/u_es8388_config/u_i2c_dri/dri_clk
PHY-1001 : clock net u2_es8388_ctrl/u_es8388_config/u_i2c_dri/dri_clk_syn_4 will be merged with clock u2_es8388_ctrl/u_es8388_config/u_i2c_dri/dri_clk
PHY-1001 : eco open net = 0
PHY-1001 : 24 feed throughs used by 23 nets
RUN-1001 : Import IO constraints
RUN-1001 : Import Inst constraints
RUN-1001 : Import design success TD_VERSION=5.6.71036 , DB_VERSION=46146
RUN-1003 : finish command "import_db C:/Users/lyw15/Desktop/4S20/es8388/TD/ES8388_Runs/phy_1/ES8388_pr.db" in  1.024985s wall, 0.625000s user + 0.390625s system = 1.015625s CPU (99.1%)

RUN-1004 : used memory is 527 MB, reserved memory is 740 MB, peak memory is 671 MB
HDL-1007 : analyze verilog file ../RTL/audio_speak.v
RUN-1001 : reset_run syn_1 phy_1.
GUI-6001 WARNING: File C:/Users/lyw15/Desktop/4S20/es8388/TD/ES8388_Runs/phy_1/ES8388.bit does not exist!
RUN-1001 : launch_runs syn_1 phy_1  -jobs 6.
RUN-6001 WARNING: syn_1: run failed.
HDL-1007 : analyze verilog file al_ip/TDOA.v
HDL-5007 WARNING: loop variable declaration is not allowed in this mode of Verilog in al_ip/TDOA.v(45)
RUN-1001 : reset_run syn_1 phy_1.
RUN-1001 : launch_runs syn_1 phy_1  -jobs 6.
RUN-1001 : syn_1: run complete.
RUN-1001 : phy_1: run complete.
RUN-1001 : open_run phy_1.
RUN-1002 : start command "import_db C:/Users/lyw15/Desktop/4S20/es8388/TD/ES8388_Runs/phy_1/ES8388_pr.db"
RUN-1001 : Importing database generated by Tang Dynasty, V5.6.71036.
RUN-1001 : Database version number 46146.
RUN-1001 : Import flow parameters
PHY-1001 : Generate detailed routing grids ...
PHY-1001 : Processed IO instance aud_dacdat_syn_4 with INV attribute.
PHY-1001 : Processed IO instance aud_dacdat_1_syn_4 with INV attribute.
PHY-1001 : Processed IO instance aud_dacdat_2_syn_4 with INV attribute.
PHY-1001 : Generate nets ...
PHY-1001 : clock net aud_bclk_syn_4 will be merged with clock aud_bclk_dup_1
PHY-1001 : clock net aud_bclk_1_syn_4 will be merged with clock aud_bclk_1_dup_1
PHY-1001 : net aud_bclk_2_dup_1 will be routed on clock mesh
PHY-1001 : net aud_mclk_dup_1 will be routed on clock mesh
PHY-1001 : net aud_mclk_1_dup_1 will be routed on clock mesh
PHY-1001 : net aud_mclk_2_dup_1 will be routed on clock mesh
PHY-1001 : clock net ilaclk_dup_1 will be merged with clock u_pll_clk/clk0_buf
PHY-1001 : clock net ilaclk_1_dup_1 will be merged with clock u1_pll_clk/clk0_buf
PHY-1001 : clock net ilaclk_2_dup_1 will be merged with clock u2_pll_clk/clk0_buf
PHY-1001 : net sys_clk_dup_1 will be routed on clock mesh
PHY-1001 : clock net u_es8388_ctrl/u_es8388_config/u_i2c_dri/dri_clk_syn_4 will be merged with clock u_es8388_ctrl/u_es8388_config/u_i2c_dri/dri_clk
PHY-1001 : clock net u1_es8388_ctrl/u_es8388_config/u_i2c_dri/dri_clk_syn_4 will be merged with clock u1_es8388_ctrl/u_es8388_config/u_i2c_dri/dri_clk
PHY-1001 : clock net u2_es8388_ctrl/u_es8388_config/u_i2c_dri/dri_clk_syn_4 will be merged with clock u2_es8388_ctrl/u_es8388_config/u_i2c_dri/dri_clk
PHY-1001 : eco open net = 0
PHY-1001 : 178 feed throughs used by 67 nets
RUN-1001 : Import IO constraints
RUN-1001 : Import Inst constraints
RUN-1001 : Import design success TD_VERSION=5.6.71036 , DB_VERSION=46146
RUN-1003 : finish command "import_db C:/Users/lyw15/Desktop/4S20/es8388/TD/ES8388_Runs/phy_1/ES8388_pr.db" in  4.631349s wall, 4.281250s user + 0.625000s system = 4.906250s CPU (105.9%)

RUN-1004 : used memory is 937 MB, reserved memory is 1139 MB, peak memory is 944 MB
RUN-1002 : start command "download -bit ES8388_Runs\phy_1\ES8388.bit -mode jtag -spd 7 -sec 64 -cable 0"
PRG-9505 ERROR: USB device open error, please re-connect the USB cable!
PRG-9505 ERROR: USB device open error, please re-connect the USB cable!
PRG-9525 ERROR: Chip validation failed! Please check the connection or type of chip!
GUI-8702 ERROR: Downloading failed!
RUN-1002 : start command "download -bit ES8388_Runs\phy_1\ES8388.bit -mode jtag -spd 7 -sec 64 -cable 0"
PRG-9505 ERROR: USB device open error, please re-connect the USB cable!
PRG-9505 ERROR: USB device open error, please re-connect the USB cable!
PRG-9525 ERROR: Chip validation failed! Please check the connection or type of chip!
GUI-8702 ERROR: Downloading failed!
RUN-1002 : start command "download -bit ES8388_Runs\phy_1\ES8388.bit -mode jtag -spd 7 -sec 64 -cable 0"
PRG-2014 : Chip validation success: EAGLE_S20_BG256
RUN-1002 : start command "bit_to_vec -chip EAGLE_S20_BG256 -m jtag_burst -freq 4 -bit ES8388_Runs/phy_1/ES8388.bit"
RUN-1002 : start command "program -cable 0 -mode svf -spd 7 -p"
RUN-1003 : finish command "program -cable 0 -mode svf -spd 7 -p" in  6.315839s wall, 0.218750s user + 0.734375s system = 0.953125s CPU (15.1%)

RUN-1004 : used memory is 946 MB, reserved memory is 1138 MB, peak memory is 964 MB
RUN-1003 : finish command "download -bit ES8388_Runs\phy_1\ES8388.bit -mode jtag -spd 7 -sec 64 -cable 0" in  6.531711s wall, 0.343750s user + 0.734375s system = 1.078125s CPU (16.5%)

RUN-1004 : used memory is 946 MB, reserved memory is 1138 MB, peak memory is 964 MB
GUI-1001 : Downloading succeeded!
HDL-1007 : analyze verilog file al_ip/TDOA.v
RUN-1001 : reset_run syn_1 phy_1.
GUI-6001 WARNING: File C:/Users/lyw15/Desktop/4S20/es8388/TD/ES8388_Runs/phy_1/ES8388.bit does not exist!
RUN-1001 : launch_runs syn_1 phy_1  -jobs 6.
RUN-6001 WARNING: syn_1: run failed.
HDL-1007 : analyze verilog file al_ip/TDOA.v
HDL-5007 WARNING: loop variable declaration is not allowed in this mode of Verilog in al_ip/TDOA.v(38)
RUN-1001 : reset_run syn_1 phy_1.
RUN-1001 : launch_runs syn_1 phy_1  -jobs 6.
RUN-1001 : syn_1: run complete.
RUN-1001 : phy_1: run complete.
RUN-1001 : open_run phy_1.
RUN-1002 : start command "import_db C:/Users/lyw15/Desktop/4S20/es8388/TD/ES8388_Runs/phy_1/ES8388_pr.db"
RUN-1001 : Importing database generated by Tang Dynasty, V5.6.71036.
RUN-1001 : Database version number 46146.
RUN-1001 : Import flow parameters
PHY-1001 : Generate detailed routing grids ...
PHY-1001 : Processed IO instance aud_dacdat_syn_4 with INV attribute.
PHY-1001 : Processed IO instance aud_dacdat_1_syn_4 with INV attribute.
PHY-1001 : Processed IO instance aud_dacdat_2_syn_4 with INV attribute.
PHY-1001 : Generate nets ...
PHY-1001 : clock net aud_bclk_syn_4 will be merged with clock aud_bclk_dup_1
PHY-1001 : clock net aud_bclk_1_syn_4 will be merged with clock aud_bclk_1_dup_1
PHY-1001 : net aud_bclk_2_dup_1 will be routed on clock mesh
PHY-1001 : net aud_mclk_dup_1 will be routed on clock mesh
PHY-1001 : net aud_mclk_1_dup_1 will be routed on clock mesh
PHY-1001 : net aud_mclk_2_dup_1 will be routed on clock mesh
PHY-1001 : clock net ilaclk_dup_1 will be merged with clock u_pll_clk/clk0_buf
PHY-1001 : clock net ilaclk_1_dup_1 will be merged with clock u1_pll_clk/clk0_buf
PHY-1001 : clock net ilaclk_2_dup_1 will be merged with clock u2_pll_clk/clk0_buf
PHY-1001 : net sys_clk_dup_1 will be routed on clock mesh
PHY-1001 : clock net u_es8388_ctrl/u_es8388_config/u_i2c_dri/dri_clk_syn_4 will be merged with clock u_es8388_ctrl/u_es8388_config/u_i2c_dri/dri_clk
PHY-1001 : clock net u1_es8388_ctrl/u_es8388_config/u_i2c_dri/dri_clk_syn_4 will be merged with clock u1_es8388_ctrl/u_es8388_config/u_i2c_dri/dri_clk
PHY-1001 : clock net u2_es8388_ctrl/u_es8388_config/u_i2c_dri/dri_clk_syn_4 will be merged with clock u2_es8388_ctrl/u_es8388_config/u_i2c_dri/dri_clk
PHY-1001 : eco open net = 0
PHY-1001 : 81 feed throughs used by 51 nets
RUN-1001 : Import IO constraints
RUN-1001 : Import Inst constraints
RUN-1001 : Import design success TD_VERSION=5.6.71036 , DB_VERSION=46146
RUN-1003 : finish command "import_db C:/Users/lyw15/Desktop/4S20/es8388/TD/ES8388_Runs/phy_1/ES8388_pr.db" in  1.527114s wall, 1.468750s user + 0.281250s system = 1.750000s CPU (114.6%)

RUN-1004 : used memory is 673 MB, reserved memory is 876 MB, peak memory is 964 MB
RUN-1002 : start command "download -bit ES8388_Runs\phy_1\ES8388.bit -mode jtag -spd 7 -sec 64 -cable 0"
PRG-2014 : Chip validation success: EAGLE_S20_BG256
RUN-1002 : start command "bit_to_vec -chip EAGLE_S20_BG256 -m jtag_burst -freq 4 -bit ES8388_Runs/phy_1/ES8388.bit"
RUN-1002 : start command "program -cable 0 -mode svf -spd 7 -p"
RUN-1003 : finish command "program -cable 0 -mode svf -spd 7 -p" in  6.395558s wall, 0.187500s user + 0.796875s system = 0.984375s CPU (15.4%)

RUN-1004 : used memory is 677 MB, reserved memory is 878 MB, peak memory is 964 MB
RUN-1003 : finish command "download -bit ES8388_Runs\phy_1\ES8388.bit -mode jtag -spd 7 -sec 64 -cable 0" in  6.593414s wall, 0.234375s user + 0.843750s system = 1.078125s CPU (16.4%)

RUN-1004 : used memory is 677 MB, reserved memory is 878 MB, peak memory is 964 MB
GUI-1001 : Downloading succeeded!
HDL-1007 : analyze verilog file al_ip/TDOA.v
HDL-5007 WARNING: loop variable declaration is not allowed in this mode of Verilog in al_ip/TDOA.v(38)
RUN-1001 : reset_run syn_1 phy_1.
GUI-6001 WARNING: File C:/Users/lyw15/Desktop/4S20/es8388/TD/ES8388_Runs/phy_1/ES8388.bit does not exist!
RUN-1001 : launch_runs syn_1 phy_1  -jobs 6.
RUN-1001 : syn_1: run complete.
RUN-1001 : phy_1: run complete.
RUN-1001 : open_run phy_1.
RUN-1002 : start command "import_db C:/Users/lyw15/Desktop/4S20/es8388/TD/ES8388_Runs/phy_1/ES8388_pr.db"
RUN-1001 : Importing database generated by Tang Dynasty, V5.6.71036.
RUN-1001 : Database version number 46146.
RUN-1001 : Import flow parameters
PHY-1001 : Generate detailed routing grids ...
PHY-1001 : Processed IO instance aud_dacdat_syn_4 with INV attribute.
PHY-1001 : Processed IO instance aud_dacdat_1_syn_4 with INV attribute.
PHY-1001 : Processed IO instance aud_dacdat_2_syn_4 with INV attribute.
PHY-1001 : Generate nets ...
PHY-1001 : clock net aud_bclk_syn_4 will be merged with clock aud_bclk_dup_1
PHY-1001 : clock net aud_bclk_1_syn_4 will be merged with clock aud_bclk_1_dup_1
PHY-1001 : net aud_bclk_2_dup_1 will be routed on clock mesh
PHY-1001 : net aud_mclk_dup_1 will be routed on clock mesh
PHY-1001 : net aud_mclk_1_dup_1 will be routed on clock mesh
PHY-1001 : net aud_mclk_2_dup_1 will be routed on clock mesh
PHY-1001 : clock net ilaclk_dup_1 will be merged with clock u_pll_clk/clk0_buf
PHY-1001 : clock net ilaclk_1_dup_1 will be merged with clock u1_pll_clk/clk0_buf
PHY-1001 : clock net ilaclk_2_dup_1 will be merged with clock u2_pll_clk/clk0_buf
PHY-1001 : net sys_clk_dup_1 will be routed on clock mesh
PHY-1001 : clock net u_es8388_ctrl/u_es8388_config/u_i2c_dri/dri_clk_syn_4 will be merged with clock u_es8388_ctrl/u_es8388_config/u_i2c_dri/dri_clk
PHY-1001 : clock net u1_es8388_ctrl/u_es8388_config/u_i2c_dri/dri_clk_syn_4 will be merged with clock u1_es8388_ctrl/u_es8388_config/u_i2c_dri/dri_clk
PHY-1001 : clock net u2_es8388_ctrl/u_es8388_config/u_i2c_dri/dri_clk_syn_4 will be merged with clock u2_es8388_ctrl/u_es8388_config/u_i2c_dri/dri_clk
PHY-1001 : eco open net = 0
PHY-1001 : 70 feed throughs used by 55 nets
RUN-1001 : Import IO constraints
RUN-1001 : Import Inst constraints
RUN-1001 : Import design success TD_VERSION=5.6.71036 , DB_VERSION=46146
RUN-1003 : finish command "import_db C:/Users/lyw15/Desktop/4S20/es8388/TD/ES8388_Runs/phy_1/ES8388_pr.db" in  1.310540s wall, 1.281250s user + 0.234375s system = 1.515625s CPU (115.6%)

RUN-1004 : used memory is 666 MB, reserved memory is 861 MB, peak memory is 964 MB
RUN-1002 : start command "download -bit ES8388_Runs\phy_1\ES8388.bit -mode jtag -spd 7 -sec 64 -cable 0"
PRG-2014 : Chip validation success: EAGLE_S20_BG256
RUN-1002 : start command "bit_to_vec -chip EAGLE_S20_BG256 -m jtag_burst -freq 4 -bit ES8388_Runs/phy_1/ES8388.bit"
RUN-1002 : start command "program -cable 0 -mode svf -spd 7 -p"
RUN-1003 : finish command "program -cable 0 -mode svf -spd 7 -p" in  6.483693s wall, 0.203125s user + 0.812500s system = 1.015625s CPU (15.7%)

RUN-1004 : used memory is 670 MB, reserved memory is 862 MB, peak memory is 964 MB
RUN-1003 : finish command "download -bit ES8388_Runs\phy_1\ES8388.bit -mode jtag -spd 7 -sec 64 -cable 0" in  6.690344s wall, 0.250000s user + 0.859375s system = 1.109375s CPU (16.6%)

RUN-1004 : used memory is 670 MB, reserved memory is 862 MB, peak memory is 964 MB
GUI-1001 : Downloading succeeded!
RUN-1001 : reset_run syn_1 phy_1.
GUI-6001 WARNING: File C:/Users/lyw15/Desktop/4S20/es8388/TD/ES8388_Runs/phy_1/ES8388.bit does not exist!
RUN-1001 : launch_runs syn_1 phy_1  -jobs 6.
RUN-1001 : syn_1: run complete.
RUN-1001 : phy_1: run complete.
RUN-1001 : open_run phy_1.
RUN-1002 : start command "import_db C:/Users/lyw15/Desktop/4S20/es8388/TD/ES8388_Runs/phy_1/ES8388_pr.db"
RUN-1001 : Importing database generated by Tang Dynasty, V5.6.71036.
RUN-1001 : Database version number 46146.
RUN-1001 : Import flow parameters
PHY-1001 : Generate detailed routing grids ...
PHY-1001 : Processed IO instance aud_dacdat_syn_4 with INV attribute.
PHY-1001 : Processed IO instance aud_dacdat_1_syn_4 with INV attribute.
PHY-1001 : Processed IO instance aud_dacdat_2_syn_4 with INV attribute.
PHY-1001 : Generate nets ...
PHY-1001 : clock net aud_bclk_syn_4 will be merged with clock aud_bclk_dup_1
PHY-1001 : clock net aud_bclk_1_syn_4 will be merged with clock aud_bclk_1_dup_1
PHY-1001 : net aud_bclk_2_dup_1 will be routed on clock mesh
PHY-1001 : net aud_mclk_dup_1 will be routed on clock mesh
PHY-1001 : net aud_mclk_1_dup_1 will be routed on clock mesh
PHY-1001 : net aud_mclk_2_dup_1 will be routed on clock mesh
PHY-1001 : clock net ilaclk_dup_1 will be merged with clock u_pll_clk/clk0_buf
PHY-1001 : clock net ilaclk_1_dup_1 will be merged with clock u1_pll_clk/clk0_buf
PHY-1001 : clock net ilaclk_2_dup_1 will be merged with clock u2_pll_clk/clk0_buf
PHY-1001 : net sys_clk_dup_1 will be routed on clock mesh
PHY-1001 : clock net u_es8388_ctrl/u_es8388_config/u_i2c_dri/dri_clk_syn_4 will be merged with clock u_es8388_ctrl/u_es8388_config/u_i2c_dri/dri_clk
PHY-1001 : clock net u1_es8388_ctrl/u_es8388_config/u_i2c_dri/dri_clk_syn_4 will be merged with clock u1_es8388_ctrl/u_es8388_config/u_i2c_dri/dri_clk
PHY-1001 : clock net u2_es8388_ctrl/u_es8388_config/u_i2c_dri/dri_clk_syn_4 will be merged with clock u2_es8388_ctrl/u_es8388_config/u_i2c_dri/dri_clk
PHY-1001 : eco open net = 0
PHY-1001 : 70 feed throughs used by 55 nets
RUN-1001 : Import IO constraints
RUN-1001 : Import Inst constraints
RUN-1001 : Import design success TD_VERSION=5.6.71036 , DB_VERSION=46146
RUN-1003 : finish command "import_db C:/Users/lyw15/Desktop/4S20/es8388/TD/ES8388_Runs/phy_1/ES8388_pr.db" in  1.343999s wall, 1.109375s user + 0.343750s system = 1.453125s CPU (108.1%)

RUN-1004 : used memory is 656 MB, reserved memory is 866 MB, peak memory is 964 MB
RUN-1002 : start command "download -bit ES8388_Runs\phy_1\ES8388.bit -mode jtag -spd 7 -sec 64 -cable 0"
PRG-2014 : Chip validation success: EAGLE_S20_BG256
RUN-1002 : start command "bit_to_vec -chip EAGLE_S20_BG256 -m jtag_burst -freq 4 -bit ES8388_Runs/phy_1/ES8388.bit"
RUN-1002 : start command "program -cable 0 -mode svf -spd 7 -p"
RUN-1003 : finish command "program -cable 0 -mode svf -spd 7 -p" in  6.447604s wall, 0.187500s user + 0.906250s system = 1.093750s CPU (17.0%)

RUN-1004 : used memory is 660 MB, reserved memory is 868 MB, peak memory is 964 MB
RUN-1003 : finish command "download -bit ES8388_Runs\phy_1\ES8388.bit -mode jtag -spd 7 -sec 64 -cable 0" in  6.656408s wall, 0.234375s user + 0.953125s system = 1.187500s CPU (17.8%)

RUN-1004 : used memory is 660 MB, reserved memory is 868 MB, peak memory is 964 MB
GUI-1001 : Downloading succeeded!
HDL-1007 : analyze verilog file al_ip/TDOA.v
HDL-5007 WARNING: loop variable declaration is not allowed in this mode of Verilog in al_ip/TDOA.v(38)
RUN-1001 : reset_run syn_1 phy_1.
GUI-6001 WARNING: File C:/Users/lyw15/Desktop/4S20/es8388/TD/ES8388_Runs/phy_1/ES8388.bit does not exist!
RUN-1001 : launch_runs syn_1 phy_1  -jobs 6.
RUN-1001 : syn_1: run complete.
RUN-1001 : phy_1: run complete.
RUN-1001 : open_run phy_1.
RUN-1002 : start command "import_db C:/Users/lyw15/Desktop/4S20/es8388/TD/ES8388_Runs/phy_1/ES8388_pr.db"
RUN-1001 : Importing database generated by Tang Dynasty, V5.6.71036.
RUN-1001 : Database version number 46146.
RUN-1001 : Import flow parameters
PHY-1001 : Generate detailed routing grids ...
PHY-1001 : Processed IO instance aud_dacdat_syn_4 with INV attribute.
PHY-1001 : Processed IO instance aud_dacdat_1_syn_4 with INV attribute.
PHY-1001 : Processed IO instance aud_dacdat_2_syn_4 with INV attribute.
PHY-1001 : Generate nets ...
PHY-1001 : clock net aud_bclk_syn_4 will be merged with clock aud_bclk_dup_1
PHY-1001 : clock net aud_bclk_1_syn_4 will be merged with clock aud_bclk_1_dup_1
PHY-1001 : net aud_bclk_2_dup_1 will be routed on clock mesh
PHY-1001 : net aud_mclk_dup_1 will be routed on clock mesh
PHY-1001 : net aud_mclk_1_dup_1 will be routed on clock mesh
PHY-1001 : net aud_mclk_2_dup_1 will be routed on clock mesh
PHY-1001 : clock net ilaclk_dup_1 will be merged with clock u_pll_clk/clk0_buf
PHY-1001 : clock net ilaclk_1_dup_1 will be merged with clock u1_pll_clk/clk0_buf
PHY-1001 : clock net ilaclk_2_dup_1 will be merged with clock u2_pll_clk/clk0_buf
PHY-1001 : net sys_clk_dup_1 will be routed on clock mesh
PHY-1001 : clock net u_es8388_ctrl/u_es8388_config/u_i2c_dri/dri_clk_syn_4 will be merged with clock u_es8388_ctrl/u_es8388_config/u_i2c_dri/dri_clk
PHY-1001 : clock net u1_es8388_ctrl/u_es8388_config/u_i2c_dri/dri_clk_syn_4 will be merged with clock u1_es8388_ctrl/u_es8388_config/u_i2c_dri/dri_clk
PHY-1001 : clock net u2_es8388_ctrl/u_es8388_config/u_i2c_dri/dri_clk_syn_4 will be merged with clock u2_es8388_ctrl/u_es8388_config/u_i2c_dri/dri_clk
PHY-1001 : eco open net = 0
PHY-1001 : 65 feed throughs used by 47 nets
RUN-1001 : Import IO constraints
RUN-1001 : Import Inst constraints
RUN-1001 : Import design success TD_VERSION=5.6.71036 , DB_VERSION=46146
RUN-1003 : finish command "import_db C:/Users/lyw15/Desktop/4S20/es8388/TD/ES8388_Runs/phy_1/ES8388_pr.db" in  1.353837s wall, 1.250000s user + 0.265625s system = 1.515625s CPU (112.0%)

RUN-1004 : used memory is 666 MB, reserved memory is 869 MB, peak memory is 964 MB
RUN-1002 : start command "download -bit ES8388_Runs\phy_1\ES8388.bit -mode jtag -spd 7 -sec 64 -cable 0"
PRG-2014 : Chip validation success: EAGLE_S20_BG256
RUN-1002 : start command "bit_to_vec -chip EAGLE_S20_BG256 -m jtag_burst -freq 4 -bit ES8388_Runs/phy_1/ES8388.bit"
RUN-1002 : start command "program -cable 0 -mode svf -spd 7 -p"
RUN-1003 : finish command "program -cable 0 -mode svf -spd 7 -p" in  6.281468s wall, 0.140625s user + 0.828125s system = 0.968750s CPU (15.4%)

RUN-1004 : used memory is 668 MB, reserved memory is 870 MB, peak memory is 964 MB
RUN-1003 : finish command "download -bit ES8388_Runs\phy_1\ES8388.bit -mode jtag -spd 7 -sec 64 -cable 0" in  6.481656s wall, 0.218750s user + 0.859375s system = 1.078125s CPU (16.6%)

RUN-1004 : used memory is 668 MB, reserved memory is 870 MB, peak memory is 964 MB
GUI-1001 : Downloading succeeded!
RUN-1002 : start command "download -bit ES8388_Runs\phy_1\ES8388.bit -mode jtag -spd 7 -sec 64 -cable 0"
PRG-2014 : Chip validation success: EAGLE_S20_BG256
RUN-1002 : start command "bit_to_vec -chip EAGLE_S20_BG256 -m jtag_burst -freq 4 -bit ES8388_Runs/phy_1/ES8388.bit"
RUN-1002 : start command "program -cable 0 -mode svf -spd 7 -p"
RUN-1003 : finish command "program -cable 0 -mode svf -spd 7 -p" in  6.319940s wall, 0.062500s user + 0.437500s system = 0.500000s CPU (7.9%)

RUN-1004 : used memory is 622 MB, reserved memory is 871 MB, peak memory is 964 MB
RUN-1003 : finish command "download -bit ES8388_Runs\phy_1\ES8388.bit -mode jtag -spd 7 -sec 64 -cable 0" in  6.514980s wall, 0.125000s user + 0.468750s system = 0.593750s CPU (9.1%)

RUN-1004 : used memory is 622 MB, reserved memory is 871 MB, peak memory is 964 MB
GUI-1001 : Downloading succeeded!
HDL-1007 : analyze verilog file sound_direction_led.v
HDL-8007 ERROR: syntax error near 'endmodule' in sound_direction_led.v(61)
HDL-8007 ERROR: Verilog 2000 keyword 'endmodule' used in incorrect context in sound_direction_led.v(61)
HDL-1007 : Verilog file 'sound_direction_led.v' ignored due to errors
HDL-1007 : analyze verilog file sound_direction_led.v
HDL-1007 : analyze verilog file al_ip/TDOA.v
HDL-5007 WARNING: loop variable declaration is not allowed in this mode of Verilog in al_ip/TDOA.v(42)
RUN-1001 : reset_run syn_1 phy_1.
GUI-6001 WARNING: File C:/Users/lyw15/Desktop/4S20/es8388/TD/ES8388_Runs/phy_1/ES8388.bit does not exist!
RUN-1001 : launch_runs syn_1 phy_1  -jobs 6.
RUN-1001 : syn_1: run complete.
RUN-1001 : phy_1: run complete.
RUN-1001 : open_run phy_1.
RUN-1002 : start command "import_db C:/Users/lyw15/Desktop/4S20/es8388/TD/ES8388_Runs/phy_1/ES8388_pr.db"
RUN-1001 : Importing database generated by Tang Dynasty, V5.6.71036.
RUN-1001 : Database version number 46146.
RUN-1001 : Import flow parameters
PHY-1001 : Generate detailed routing grids ...
PHY-1001 : Processed IO instance aud_dacdat_syn_4 with INV attribute.
PHY-1001 : Processed IO instance aud_dacdat_1_syn_4 with INV attribute.
PHY-1001 : Processed IO instance aud_dacdat_2_syn_4 with INV attribute.
PHY-1001 : Generate nets ...
PHY-1001 : clock net aud_bclk_syn_4 will be merged with clock aud_bclk_dup_1
PHY-1001 : clock net aud_bclk_1_syn_4 will be merged with clock aud_bclk_1_dup_1
PHY-1001 : net aud_bclk_2_dup_1 will be routed on clock mesh
PHY-1001 : net aud_mclk_dup_1 will be routed on clock mesh
PHY-1001 : net aud_mclk_1_dup_1 will be routed on clock mesh
PHY-1001 : net aud_mclk_2_dup_1 will be routed on clock mesh
PHY-1001 : clock net ilaclk_dup_1 will be merged with clock u_pll_clk/clk0_buf
PHY-1001 : clock net ilaclk_1_dup_1 will be merged with clock u1_pll_clk/clk0_buf
PHY-1001 : clock net ilaclk_2_dup_1 will be merged with clock u2_pll_clk/clk0_buf
PHY-1001 : net sys_clk_dup_1 will be routed on clock mesh
PHY-1001 : clock net u_es8388_ctrl/u_es8388_config/u_i2c_dri/dri_clk_syn_4 will be merged with clock u_es8388_ctrl/u_es8388_config/u_i2c_dri/dri_clk
PHY-1001 : clock net u1_es8388_ctrl/u_es8388_config/u_i2c_dri/dri_clk_syn_4 will be merged with clock u1_es8388_ctrl/u_es8388_config/u_i2c_dri/dri_clk
PHY-1001 : clock net u2_es8388_ctrl/u_es8388_config/u_i2c_dri/dri_clk_syn_4 will be merged with clock u2_es8388_ctrl/u_es8388_config/u_i2c_dri/dri_clk
PHY-1001 : eco open net = 0
PHY-1001 : 68 feed throughs used by 46 nets
RUN-1001 : Import IO constraints
RUN-1001 : Import Inst constraints
RUN-1001 : Import design success TD_VERSION=5.6.71036 , DB_VERSION=46146
RUN-1003 : finish command "import_db C:/Users/lyw15/Desktop/4S20/es8388/TD/ES8388_Runs/phy_1/ES8388_pr.db" in  1.631026s wall, 1.281250s user + 0.546875s system = 1.828125s CPU (112.1%)

RUN-1004 : used memory is 635 MB, reserved memory is 875 MB, peak memory is 964 MB
RUN-1002 : start command "download -bit ES8388_Runs\phy_1\ES8388.bit -mode jtag -spd 7 -sec 64 -cable 0"
PRG-2014 : Chip validation success: EAGLE_S20_BG256
RUN-1002 : start command "bit_to_vec -chip EAGLE_S20_BG256 -m jtag_burst -freq 4 -bit ES8388_Runs/phy_1/ES8388.bit"
RUN-1002 : start command "program -cable 0 -mode svf -spd 7 -p"
RUN-1003 : finish command "program -cable 0 -mode svf -spd 7 -p" in  6.458111s wall, 0.125000s user + 0.687500s system = 0.812500s CPU (12.6%)

RUN-1004 : used memory is 642 MB, reserved memory is 877 MB, peak memory is 964 MB
RUN-1003 : finish command "download -bit ES8388_Runs\phy_1\ES8388.bit -mode jtag -spd 7 -sec 64 -cable 0" in  6.661783s wall, 0.203125s user + 0.750000s system = 0.953125s CPU (14.3%)

RUN-1004 : used memory is 642 MB, reserved memory is 877 MB, peak memory is 964 MB
GUI-1001 : Downloading succeeded!
RUN-1002 : start command "download -bit ES8388_Runs\phy_1\ES8388.bit -mode jtag -spd 7 -sec 64 -cable 0"
PRG-2014 : Chip validation success: EAGLE_S20_BG256
RUN-1002 : start command "bit_to_vec -chip EAGLE_S20_BG256 -m jtag_burst -freq 4 -bit ES8388_Runs/phy_1/ES8388.bit"
RUN-1002 : start command "program -cable 0 -mode svf -spd 7 -p"
RUN-1003 : finish command "program -cable 0 -mode svf -spd 7 -p" in  6.455043s wall, 0.156250s user + 0.796875s system = 0.953125s CPU (14.8%)

RUN-1004 : used memory is 643 MB, reserved memory is 878 MB, peak memory is 964 MB
RUN-1003 : finish command "download -bit ES8388_Runs\phy_1\ES8388.bit -mode jtag -spd 7 -sec 64 -cable 0" in  6.670118s wall, 0.218750s user + 0.828125s system = 1.046875s CPU (15.7%)

RUN-1004 : used memory is 643 MB, reserved memory is 878 MB, peak memory is 964 MB
GUI-1001 : Downloading succeeded!
RUN-1002 : start command "download -bit ES8388_Runs\phy_1\ES8388.bit -mode jtag -spd 7 -sec 64 -cable 0"
PRG-2014 : Chip validation success: EAGLE_S20_BG256
RUN-1002 : start command "bit_to_vec -chip EAGLE_S20_BG256 -m jtag_burst -freq 4 -bit ES8388_Runs/phy_1/ES8388.bit"
RUN-1002 : start command "program -cable 0 -mode svf -spd 7 -p"
RUN-1003 : finish command "program -cable 0 -mode svf -spd 7 -p" in  6.380460s wall, 0.171875s user + 0.796875s system = 0.968750s CPU (15.2%)

RUN-1004 : used memory is 644 MB, reserved memory is 878 MB, peak memory is 964 MB
RUN-1003 : finish command "download -bit ES8388_Runs\phy_1\ES8388.bit -mode jtag -spd 7 -sec 64 -cable 0" in  6.589374s wall, 0.218750s user + 0.843750s system = 1.062500s CPU (16.1%)

RUN-1004 : used memory is 644 MB, reserved memory is 878 MB, peak memory is 964 MB
GUI-1001 : Downloading succeeded!
HDL-1007 : analyze verilog file al_ip/TDOA.v
HDL-5007 WARNING: loop variable declaration is not allowed in this mode of Verilog in al_ip/TDOA.v(41)
RUN-1001 : reset_run syn_1 phy_1.
GUI-6001 WARNING: File C:/Users/lyw15/Desktop/4S20/es8388/TD/ES8388_Runs/phy_1/ES8388.bit does not exist!
RUN-1001 : launch_runs syn_1 phy_1  -jobs 6.
RUN-1001 : syn_1: run complete.
RUN-1001 : phy_1: run complete.
RUN-1001 : open_run phy_1.
RUN-1002 : start command "import_db C:/Users/lyw15/Desktop/4S20/es8388/TD/ES8388_Runs/phy_1/ES8388_pr.db"
RUN-1001 : Importing database generated by Tang Dynasty, V5.6.71036.
RUN-1001 : Database version number 46146.
RUN-1001 : Import flow parameters
PHY-1001 : Generate detailed routing grids ...
PHY-1001 : Processed IO instance aud_dacdat_syn_4 with INV attribute.
PHY-1001 : Processed IO instance aud_dacdat_1_syn_4 with INV attribute.
PHY-1001 : Processed IO instance aud_dacdat_2_syn_4 with INV attribute.
PHY-1001 : Generate nets ...
PHY-1001 : clock net aud_bclk_syn_4 will be merged with clock aud_bclk_dup_1
PHY-1001 : clock net aud_bclk_1_syn_4 will be merged with clock aud_bclk_1_dup_1
PHY-1001 : net aud_bclk_2_dup_1 will be routed on clock mesh
PHY-1001 : net aud_mclk_dup_1 will be routed on clock mesh
PHY-1001 : net aud_mclk_1_dup_1 will be routed on clock mesh
PHY-1001 : net aud_mclk_2_dup_1 will be routed on clock mesh
PHY-1001 : clock net ilaclk_dup_1 will be merged with clock u_pll_clk/clk0_buf
PHY-1001 : clock net ilaclk_1_dup_1 will be merged with clock u1_pll_clk/clk0_buf
PHY-1001 : clock net ilaclk_2_dup_1 will be merged with clock u2_pll_clk/clk0_buf
PHY-1001 : net sys_clk_dup_1 will be routed on clock mesh
PHY-1001 : clock net u_es8388_ctrl/u_es8388_config/u_i2c_dri/dri_clk_syn_4 will be merged with clock u_es8388_ctrl/u_es8388_config/u_i2c_dri/dri_clk
PHY-1001 : clock net u1_es8388_ctrl/u_es8388_config/u_i2c_dri/dri_clk_syn_4 will be merged with clock u1_es8388_ctrl/u_es8388_config/u_i2c_dri/dri_clk
PHY-1001 : clock net u2_es8388_ctrl/u_es8388_config/u_i2c_dri/dri_clk_syn_4 will be merged with clock u2_es8388_ctrl/u_es8388_config/u_i2c_dri/dri_clk
PHY-1001 : eco open net = 0
PHY-1001 : 49 feed throughs used by 34 nets
RUN-1001 : Import IO constraints
RUN-1001 : Import Inst constraints
RUN-1001 : Import design success TD_VERSION=5.6.71036 , DB_VERSION=46146
RUN-1003 : finish command "import_db C:/Users/lyw15/Desktop/4S20/es8388/TD/ES8388_Runs/phy_1/ES8388_pr.db" in  1.338009s wall, 1.281250s user + 0.203125s system = 1.484375s CPU (110.9%)

RUN-1004 : used memory is 654 MB, reserved memory is 886 MB, peak memory is 964 MB
RUN-1002 : start command "download -bit ES8388_Runs\phy_1\ES8388.bit -mode jtag -spd 7 -sec 64 -cable 0"
PRG-2014 : Chip validation success: EAGLE_S20_BG256
RUN-1002 : start command "bit_to_vec -chip EAGLE_S20_BG256 -m jtag_burst -freq 4 -bit ES8388_Runs/phy_1/ES8388.bit"
RUN-1002 : start command "program -cable 0 -mode svf -spd 7 -p"
RUN-1003 : finish command "program -cable 0 -mode svf -spd 7 -p" in  6.382373s wall, 0.140625s user + 0.578125s system = 0.718750s CPU (11.3%)

RUN-1004 : used memory is 656 MB, reserved memory is 888 MB, peak memory is 964 MB
RUN-1003 : finish command "download -bit ES8388_Runs\phy_1\ES8388.bit -mode jtag -spd 7 -sec 64 -cable 0" in  6.589272s wall, 0.218750s user + 0.593750s system = 0.812500s CPU (12.3%)

RUN-1004 : used memory is 656 MB, reserved memory is 888 MB, peak memory is 964 MB
GUI-1001 : Downloading succeeded!
HDL-1007 : analyze verilog file ../RTL/es8388_ctrl.v
HDL-5007 WARNING: loop variable declaration is not allowed in this mode of Verilog in ../RTL/es8388_ctrl.v(43)
HDL-5007 WARNING: overwrite current module 'TDOA_GCC' in ../RTL/es8388_ctrl.v(1)
HDL-1007 : previous definition of design element 'TDOA_GCC' is here in al_ip/TDOA.v(1)
HDL-1007 : analyze verilog file ../RTL/es8388_ctrl.v
HDL-1007 : analyze verilog file al_ip/TDOA.v
HDL-5007 WARNING: loop variable declaration is not allowed in this mode of Verilog in al_ip/TDOA.v(41)
HDL-1007 : analyze verilog file al_ip/TDOA.v
HDL-5007 WARNING: loop variable declaration is not allowed in this mode of Verilog in al_ip/TDOA.v(43)
RUN-1001 : reset_run syn_1 phy_1.
GUI-6001 WARNING: File C:/Users/lyw15/Desktop/4S20/es8388/TD/ES8388_Runs/phy_1/ES8388.bit does not exist!
RUN-1001 : launch_runs syn_1 phy_1  -jobs 6.
RUN-1001 : syn_1: run complete.
RUN-1001 : phy_1: run complete.
RUN-1001 : open_run phy_1.
RUN-1002 : start command "import_db C:/Users/lyw15/Desktop/4S20/es8388/TD/ES8388_Runs/phy_1/ES8388_pr.db"
RUN-1001 : Importing database generated by Tang Dynasty, V5.6.71036.
RUN-1001 : Database version number 46146.
RUN-1001 : Import flow parameters
PHY-1001 : Generate detailed routing grids ...
PHY-1001 : Processed IO instance aud_dacdat_syn_4 with INV attribute.
PHY-1001 : Processed IO instance aud_dacdat_1_syn_4 with INV attribute.
PHY-1001 : Processed IO instance aud_dacdat_2_syn_4 with INV attribute.
PHY-1001 : Generate nets ...
PHY-1001 : clock net aud_bclk_syn_4 will be merged with clock aud_bclk_dup_1
PHY-1001 : clock net aud_bclk_1_syn_4 will be merged with clock aud_bclk_1_dup_1
PHY-1001 : net aud_bclk_2_dup_1 will be routed on clock mesh
PHY-1001 : net aud_mclk_dup_1 will be routed on clock mesh
PHY-1001 : net aud_mclk_1_dup_1 will be routed on clock mesh
PHY-1001 : net aud_mclk_2_dup_1 will be routed on clock mesh
PHY-1001 : clock net ilaclk_dup_1 will be merged with clock u_pll_clk/clk0_buf
PHY-1001 : clock net ilaclk_1_dup_1 will be merged with clock u1_pll_clk/clk0_buf
PHY-1001 : clock net ilaclk_2_dup_1 will be merged with clock u2_pll_clk/clk0_buf
PHY-1001 : net sys_clk_dup_1 will be routed on clock mesh
PHY-1001 : clock net u_es8388_ctrl/u_es8388_config/u_i2c_dri/dri_clk_syn_4 will be merged with clock u_es8388_ctrl/u_es8388_config/u_i2c_dri/dri_clk
PHY-1001 : clock net u1_es8388_ctrl/u_es8388_config/u_i2c_dri/dri_clk_syn_4 will be merged with clock u1_es8388_ctrl/u_es8388_config/u_i2c_dri/dri_clk
PHY-1001 : clock net u2_es8388_ctrl/u_es8388_config/u_i2c_dri/dri_clk_syn_4 will be merged with clock u2_es8388_ctrl/u_es8388_config/u_i2c_dri/dri_clk
PHY-1001 : eco open net = 0
PHY-1001 : 65 feed throughs used by 44 nets
RUN-1001 : Import IO constraints
RUN-1001 : Import Inst constraints
RUN-1001 : Import design success TD_VERSION=5.6.71036 , DB_VERSION=46146
RUN-1003 : finish command "import_db C:/Users/lyw15/Desktop/4S20/es8388/TD/ES8388_Runs/phy_1/ES8388_pr.db" in  1.743920s wall, 1.640625s user + 0.281250s system = 1.921875s CPU (110.2%)

RUN-1004 : used memory is 686 MB, reserved memory is 899 MB, peak memory is 964 MB
RUN-1001 : reset_run syn_1 phy_1.
RUN-1001 : launch_runs syn_1 phy_1  -jobs 6.
RUN-1001 : syn_1: run complete.
RUN-1001 : phy_1: run complete.
RUN-1001 : open_run phy_1.
RUN-1002 : start command "import_db C:/Users/lyw15/Desktop/4S20/es8388/TD/ES8388_Runs/phy_1/ES8388_pr.db"
RUN-1001 : Importing database generated by Tang Dynasty, V5.6.71036.
RUN-1001 : Database version number 46146.
RUN-1001 : Import flow parameters
PHY-1001 : Generate detailed routing grids ...
PHY-1001 : Processed IO instance aud_dacdat_syn_4 with INV attribute.
PHY-1001 : Processed IO instance aud_dacdat_1_syn_4 with INV attribute.
PHY-1001 : Processed IO instance aud_dacdat_2_syn_4 with INV attribute.
PHY-1001 : Generate nets ...
PHY-1001 : clock net aud_bclk_syn_4 will be merged with clock aud_bclk_dup_1
PHY-1001 : clock net aud_bclk_1_syn_4 will be merged with clock aud_bclk_1_dup_1
PHY-1001 : net aud_bclk_2_dup_1 will be routed on clock mesh
PHY-1001 : net aud_mclk_dup_1 will be routed on clock mesh
PHY-1001 : net aud_mclk_1_dup_1 will be routed on clock mesh
PHY-1001 : net aud_mclk_2_dup_1 will be routed on clock mesh
PHY-1001 : clock net ilaclk_dup_1 will be merged with clock u_pll_clk/clk0_buf
PHY-1001 : clock net ilaclk_1_dup_1 will be merged with clock u1_pll_clk/clk0_buf
PHY-1001 : clock net ilaclk_2_dup_1 will be merged with clock u2_pll_clk/clk0_buf
PHY-1001 : net sys_clk_dup_1 will be routed on clock mesh
PHY-1001 : clock net u_es8388_ctrl/u_es8388_config/u_i2c_dri/dri_clk_syn_4 will be merged with clock u_es8388_ctrl/u_es8388_config/u_i2c_dri/dri_clk
PHY-1001 : clock net u1_es8388_ctrl/u_es8388_config/u_i2c_dri/dri_clk_syn_4 will be merged with clock u1_es8388_ctrl/u_es8388_config/u_i2c_dri/dri_clk
PHY-1001 : clock net u2_es8388_ctrl/u_es8388_config/u_i2c_dri/dri_clk_syn_4 will be merged with clock u2_es8388_ctrl/u_es8388_config/u_i2c_dri/dri_clk
PHY-1001 : eco open net = 0
PHY-1001 : 65 feed throughs used by 44 nets
RUN-1001 : Import IO constraints
RUN-1001 : Import Inst constraints
RUN-1001 : Import design success TD_VERSION=5.6.71036 , DB_VERSION=46146
RUN-1003 : finish command "import_db C:/Users/lyw15/Desktop/4S20/es8388/TD/ES8388_Runs/phy_1/ES8388_pr.db" in  1.733809s wall, 1.656250s user + 0.218750s system = 1.875000s CPU (108.1%)

RUN-1004 : used memory is 703 MB, reserved memory is 911 MB, peak memory is 964 MB
RUN-1002 : start command "download -bit ES8388_Runs\phy_1\ES8388.bit -mode jtag -spd 7 -sec 64 -cable 0"
PRG-2014 : Chip validation success: EAGLE_S20_BG256
RUN-1002 : start command "bit_to_vec -chip EAGLE_S20_BG256 -m jtag_burst -freq 4 -bit ES8388_Runs/phy_1/ES8388.bit"
RUN-1002 : start command "program -cable 0 -mode svf -spd 7 -p"
RUN-1003 : finish command "program -cable 0 -mode svf -spd 7 -p" in  6.331177s wall, 0.171875s user + 0.703125s system = 0.875000s CPU (13.8%)

RUN-1004 : used memory is 704 MB, reserved memory is 911 MB, peak memory is 964 MB
RUN-1003 : finish command "download -bit ES8388_Runs\phy_1\ES8388.bit -mode jtag -spd 7 -sec 64 -cable 0" in  6.532979s wall, 0.234375s user + 0.750000s system = 0.984375s CPU (15.1%)

RUN-1004 : used memory is 704 MB, reserved memory is 911 MB, peak memory is 964 MB
GUI-1001 : Downloading succeeded!
GUI-6001 WARNING: File C:/Users/lyw15/Desktop/4S20/es8388/TD/al_ip/FFT_gate.v does not exist!
RUN-1001 : Print Global Property
RUN-1001 : ---------------------------------------------------------------
RUN-1001 :        Parameters        |  Settings  |  Default Values  |  Note  
RUN-1001 : ---------------------------------------------------------------
RUN-1001 :          message         |  standard  |     standard     |        
RUN-1001 :   mixed_pack_place_flow  |     on     |        on        |        
RUN-1001 :        qor_monitor       |    off     |       off        |        
RUN-1001 :        syn_ip_flow       |    off     |       off        |        
RUN-1001 :          thread          |    auto    |       auto       |        
RUN-1001 : ---------------------------------------------------------------
RUN-1001 : Print Design Property
RUN-1001 : --------------------------------------------------------------
RUN-1001 :        Parameters       |  Settings  |  Default Values  |  Note  
RUN-1001 : --------------------------------------------------------------
RUN-1001 :   default_reg_initial   |    auto    |       auto       |        
RUN-1001 :        infer_add        |     on     |        on        |        
RUN-1001 :        infer_fsm        |    off     |       off        |        
RUN-1001 :        infer_mult       |     on     |        on        |        
RUN-1001 :        infer_ram        |     on     |        on        |        
RUN-1001 :        infer_reg        |     on     |        on        |        
RUN-1001 :   infer_reg_init_value  |     on     |        on        |        
RUN-1001 :        infer_rom        |     on     |        on        |        
RUN-1001 :      infer_shifter      |     on     |        on        |        
RUN-1001 : --------------------------------------------------------------
RUN-1001 : Print Rtl Property
RUN-1001 : --------------------------------------------------------------
RUN-1001 :        Parameters       |  Settings  |  Default Values  |  Note  
RUN-1001 : --------------------------------------------------------------
RUN-1001 :       compress_add      |   ripple   |      ripple      |        
RUN-1001 :        elf_sload        |    off     |       off        |        
RUN-1001 :       fix_undriven      |     0      |        0         |        
RUN-1001 :         flatten         |    off     |       off        |        
RUN-1001 :       gate_sharing      |     on     |        on        |        
RUN-1001 :    hdl_warning_level    |   normal   |      normal      |        
RUN-1001 :   impl_internal_tribuf  |     on     |        on        |        
RUN-1001 :      impl_set_reset     |     on     |        on        |        
RUN-1001 :        infer_gsr        |    off     |       off        |        
RUN-1001 :      keep_hierarchy     |    auto    |       auto       |        
RUN-1001 :        max_fanout       |    9999    |       9999       |        
RUN-1001 :      max_oh2bin_len     |     10     |        10        |        
RUN-1001 :       merge_equal       |     on     |        on        |        
RUN-1001 :       merge_equiv       |     on     |        on        |        
RUN-1001 :        merge_mux        |    off     |       off        |        
RUN-1001 :     min_control_set     |     8      |        8         |        
RUN-1001 :      min_ripple_len     |    auto    |       auto       |        
RUN-1001 :       oh2bin_ratio      |    0.08    |       0.08       |        
RUN-1001 :     opt_adder_fanout    |     on     |        on        |        
RUN-1001 :        opt_arith        |     on     |        on        |        
RUN-1001 :       opt_big_gate      |    off     |       off        |        
RUN-1001 :        opt_const        |     on     |        on        |        
RUN-1001 :      opt_const_mult     |     on     |        on        |        
RUN-1001 :       opt_lessthan      |     on     |        on        |        
RUN-1001 :         opt_mux         |    off     |       off        |        
RUN-1001 :         opt_ram         |    high    |       high       |        
RUN-1001 :      rtl_sim_model      |    off     |       off        |        
RUN-1001 :         seq_syn         |     on     |        on        |        
RUN-1001 : --------------------------------------------------------------
HDL-1007 : analyze verilog file al_ip/FFT.v
HDL-1007 : analyze verilog file al_ip/FFT.v
HDL-8007 ERROR: declarations are not allowed in an unnamed block in al_ip/FFT.v(39)
HDL-8007 ERROR: cannot access memory 'twid_re' directly in al_ip/FFT.v(83)
HDL-8007 ERROR: cannot access memory 'twid_im' directly in al_ip/FFT.v(84)
HDL-8007 ERROR: cannot access memory 'twid_re' directly in al_ip/FFT.v(105)
HDL-8007 ERROR: cannot access memory 'twid_im' directly in al_ip/FFT.v(106)
HDL-8007 ERROR: cannot access memory 'twid_re' directly in al_ip/FFT.v(126)
HDL-8007 ERROR: cannot access memory 'twid_im' directly in al_ip/FFT.v(127)
HDL-8007 ERROR: 'nested module' is not allowed in this dialect; use SystemVerilog mode instead in al_ip/FFT.v(151)
HDL-8007 ERROR: 'ADDR_WIDTH' is not a constant in al_ip/FFT.v(255)
HDL-8007 ERROR: range must be bounded by constant expressions in al_ip/FFT.v(255)
HDL-8007 ERROR: 'nested module' is not allowed in this dialect; use SystemVerilog mode instead in al_ip/FFT.v(227)
HDL-8007 ERROR: ignore module module due to previous errors in al_ip/FFT.v(1)
HDL-1007 : Verilog file 'al_ip/FFT.v' ignored due to errors
HDL-1007 : analyze verilog file al_ip/FFT.v
HDL-8007 ERROR: 'nested module' is not allowed in this dialect; use SystemVerilog mode instead in al_ip/FFT.v(128)
HDL-8007 ERROR: concurrent assignment to a non-net 'twid_addr' is not permitted in al_ip/FFT.v(243)
HDL-8007 ERROR: 'nested module' is not allowed in this dialect; use SystemVerilog mode instead in al_ip/FFT.v(210)
HDL-8007 ERROR: 'nested module' is not allowed in this dialect; use SystemVerilog mode instead in al_ip/FFT.v(339)
HDL-8007 ERROR: ignore module module due to previous errors in al_ip/FFT.v(2)
HDL-1007 : Verilog file 'al_ip/FFT.v' ignored due to errors
HDL-1007 : analyze verilog file al_ip/FFT.v
RUN-1001 : Print Global Property
RUN-1001 : ---------------------------------------------------------------
RUN-1001 :        Parameters        |  Settings  |  Default Values  |  Note  
RUN-1001 : ---------------------------------------------------------------
RUN-1001 :          message         |  standard  |     standard     |        
RUN-1001 :   mixed_pack_place_flow  |     on     |        on        |        
RUN-1001 :        qor_monitor       |    off     |       off        |        
RUN-1001 :        syn_ip_flow       |    off     |       off        |        
RUN-1001 :          thread          |    auto    |       auto       |        
RUN-1001 : ---------------------------------------------------------------
RUN-1001 : Print Design Property
RUN-1001 : --------------------------------------------------------------
RUN-1001 :        Parameters       |  Settings  |  Default Values  |  Note  
RUN-1001 : --------------------------------------------------------------
RUN-1001 :   default_reg_initial   |    auto    |       auto       |        
RUN-1001 :        infer_add        |     on     |        on        |        
RUN-1001 :        infer_fsm        |    off     |       off        |        
RUN-1001 :        infer_mult       |     on     |        on        |        
RUN-1001 :        infer_ram        |     on     |        on        |        
RUN-1001 :        infer_reg        |     on     |        on        |        
RUN-1001 :   infer_reg_init_value  |     on     |        on        |        
RUN-1001 :        infer_rom        |     on     |        on        |        
RUN-1001 :      infer_shifter      |     on     |        on        |        
RUN-1001 : --------------------------------------------------------------
RUN-1001 : Print Rtl Property
RUN-1001 : --------------------------------------------------------------
RUN-1001 :        Parameters       |  Settings  |  Default Values  |  Note  
RUN-1001 : --------------------------------------------------------------
RUN-1001 :       compress_add      |   ripple   |      ripple      |        
RUN-1001 :        elf_sload        |    off     |       off        |        
RUN-1001 :       fix_undriven      |     0      |        0         |        
RUN-1001 :         flatten         |    off     |       off        |        
RUN-1001 :       gate_sharing      |     on     |        on        |        
RUN-1001 :    hdl_warning_level    |   normal   |      normal      |        
RUN-1001 :   impl_internal_tribuf  |     on     |        on        |        
RUN-1001 :      impl_set_reset     |     on     |        on        |        
RUN-1001 :        infer_gsr        |    off     |       off        |        
RUN-1001 :      keep_hierarchy     |    auto    |       auto       |        
RUN-1001 :        max_fanout       |    9999    |       9999       |        
RUN-1001 :      max_oh2bin_len     |     10     |        10        |        
RUN-1001 :       merge_equal       |     on     |        on        |        
RUN-1001 :       merge_equiv       |     on     |        on        |        
RUN-1001 :        merge_mux        |    off     |       off        |        
RUN-1001 :     min_control_set     |     8      |        8         |        
RUN-1001 :      min_ripple_len     |    auto    |       auto       |        
RUN-1001 :       oh2bin_ratio      |    0.08    |       0.08       |        
RUN-1001 :     opt_adder_fanout    |     on     |        on        |        
RUN-1001 :        opt_arith        |     on     |        on        |        
RUN-1001 :       opt_big_gate      |    off     |       off        |        
RUN-1001 :        opt_const        |     on     |        on        |        
RUN-1001 :      opt_const_mult     |     on     |        on        |        
RUN-1001 :       opt_lessthan      |     on     |        on        |        
RUN-1001 :         opt_mux         |    off     |       off        |        
RUN-1001 :         opt_ram         |    high    |       high       |        
RUN-1001 :      rtl_sim_model      |    off     |       off        |        
RUN-1001 :         seq_syn         |     on     |        on        |        
RUN-1001 : --------------------------------------------------------------
HDL-1007 : analyze verilog file al_ip/bit_reverse.v
HDL-8007 ERROR: module 'bit_reverse' does not have a parameter named DATA_WIDTH in al_ip/FFT.v(30)
HDL-8007 ERROR: module 'bit_reverse' does not have a parameter named ADDR_WIDTH in al_ip/FFT.v(31)
HDL-8007 ERROR: cannot find port 'clk' on this module in al_ip/FFT.v(33)
HDL-8007 ERROR: cannot find port 'rst_n' on this module in al_ip/FFT.v(34)
HDL-8007 ERROR: cannot find port 'din_re' on this module in al_ip/FFT.v(35)
HDL-8007 ERROR: cannot find port 'din_im' on this module in al_ip/FFT.v(36)
HDL-8007 ERROR: cannot find port 'din_valid' on this module in al_ip/FFT.v(37)
HDL-8007 ERROR: cannot find port 'dout_re' on this module in al_ip/FFT.v(38)
HDL-8007 ERROR: cannot find port 'dout_im' on this module in al_ip/FFT.v(39)
HDL-8007 ERROR: cannot find port 'dout_valid' on this module in al_ip/FFT.v(40)
RUN-1001 : Print Global Property
RUN-1001 : ---------------------------------------------------------------
RUN-1001 :        Parameters        |  Settings  |  Default Values  |  Note  
RUN-1001 : ---------------------------------------------------------------
RUN-1001 :          message         |  standard  |     standard     |        
RUN-1001 :   mixed_pack_place_flow  |     on     |        on        |        
RUN-1001 :        qor_monitor       |    off     |       off        |        
RUN-1001 :        syn_ip_flow       |    off     |       off        |        
RUN-1001 :          thread          |    auto    |       auto       |        
RUN-1001 : ---------------------------------------------------------------
RUN-1001 : Print Design Property
RUN-1001 : --------------------------------------------------------------
RUN-1001 :        Parameters       |  Settings  |  Default Values  |  Note  
RUN-1001 : --------------------------------------------------------------
RUN-1001 :   default_reg_initial   |    auto    |       auto       |        
RUN-1001 :        infer_add        |     on     |        on        |        
RUN-1001 :        infer_fsm        |    off     |       off        |        
RUN-1001 :        infer_mult       |     on     |        on        |        
RUN-1001 :        infer_ram        |     on     |        on        |        
RUN-1001 :        infer_reg        |     on     |        on        |        
RUN-1001 :   infer_reg_init_value  |     on     |        on        |        
RUN-1001 :        infer_rom        |     on     |        on        |        
RUN-1001 :      infer_shifter      |     on     |        on        |        
RUN-1001 : --------------------------------------------------------------
RUN-1001 : Print Rtl Property
RUN-1001 : --------------------------------------------------------------
RUN-1001 :        Parameters       |  Settings  |  Default Values  |  Note  
RUN-1001 : --------------------------------------------------------------
RUN-1001 :       compress_add      |   ripple   |      ripple      |        
RUN-1001 :        elf_sload        |    off     |       off        |        
RUN-1001 :       fix_undriven      |     0      |        0         |        
RUN-1001 :         flatten         |    off     |       off        |        
RUN-1001 :       gate_sharing      |     on     |        on        |        
RUN-1001 :    hdl_warning_level    |   normal   |      normal      |        
RUN-1001 :   impl_internal_tribuf  |     on     |        on        |        
RUN-1001 :      impl_set_reset     |     on     |        on        |        
RUN-1001 :        infer_gsr        |    off     |       off        |        
RUN-1001 :      keep_hierarchy     |    auto    |       auto       |        
RUN-1001 :        max_fanout       |    9999    |       9999       |        
RUN-1001 :      max_oh2bin_len     |     10     |        10        |        
RUN-1001 :       merge_equal       |     on     |        on        |        
RUN-1001 :       merge_equiv       |     on     |        on        |        
RUN-1001 :        merge_mux        |    off     |       off        |        
RUN-1001 :     min_control_set     |     8      |        8         |        
RUN-1001 :      min_ripple_len     |    auto    |       auto       |        
RUN-1001 :       oh2bin_ratio      |    0.08    |       0.08       |        
RUN-1001 :     opt_adder_fanout    |     on     |        on        |        
RUN-1001 :        opt_arith        |     on     |        on        |        
RUN-1001 :       opt_big_gate      |    off     |       off        |        
RUN-1001 :        opt_const        |     on     |        on        |        
RUN-1001 :      opt_const_mult     |     on     |        on        |        
RUN-1001 :       opt_lessthan      |     on     |        on        |        
RUN-1001 :         opt_mux         |    off     |       off        |        
RUN-1001 :         opt_ram         |    high    |       high       |        
RUN-1001 :      rtl_sim_model      |    off     |       off        |        
RUN-1001 :         seq_syn         |     on     |        on        |        
RUN-1001 : --------------------------------------------------------------
HDL-1007 : analyze verilog file al_ip/clk_wiz_0.v
HDL-1007 : undeclared symbol 'open', assumed default net type 'wire' in al_ip/clk_wiz_0.v(80)
HDL-1007 : analyze verilog file ../RTL/audio_receive.v
HDL-1007 : analyze verilog file ../RTL/audio_send.v
HDL-1007 : analyze verilog file ../RTL/audio_speak.v
HDL-1007 : analyze verilog file ../RTL/es8388_config.v
HDL-1007 : analyze verilog file ../RTL/es8388_ctrl.v
HDL-1007 : analyze verilog file ../RTL/i2c_dri.v
HDL-1007 : analyze verilog file ../RTL/i2c_reg_cfg.v
HDL-1007 : analyze verilog file al_ip/LMS.v
HDL-1007 : analyze verilog file sound_direction_led.v
HDL-1007 : analyze verilog file al_ip/i2s_tx.v
HDL-1007 : analyze verilog file al_ip/direction.v
HDL-1007 : analyze verilog file al_ip/TDOA.v
HDL-5007 WARNING: loop variable declaration is not allowed in this mode of Verilog in al_ip/TDOA.v(43)
HDL-1007 : analyze verilog file al_ip/FFT.v
HDL-1007 : analyze verilog file al_ip/bit_reverse.v
RUN-1001 : Print Global Property
RUN-1001 : ---------------------------------------------------------------
RUN-1001 :        Parameters        |  Settings  |  Default Values  |  Note  
RUN-1001 : ---------------------------------------------------------------
RUN-1001 :          message         |  standard  |     standard     |        
RUN-1001 :   mixed_pack_place_flow  |     on     |        on        |        
RUN-1001 :        qor_monitor       |    off     |       off        |        
RUN-1001 :        syn_ip_flow       |    off     |       off        |        
RUN-1001 :          thread          |    auto    |       auto       |        
RUN-1001 : ---------------------------------------------------------------
RUN-1001 : Print Design Property
RUN-1001 : --------------------------------------------------------------
RUN-1001 :        Parameters       |  Settings  |  Default Values  |  Note  
RUN-1001 : --------------------------------------------------------------
RUN-1001 :   default_reg_initial   |    auto    |       auto       |        
RUN-1001 :        infer_add        |     on     |        on        |        
RUN-1001 :        infer_fsm        |    off     |       off        |        
RUN-1001 :        infer_mult       |     on     |        on        |        
RUN-1001 :        infer_ram        |     on     |        on        |        
RUN-1001 :        infer_reg        |     on     |        on        |        
RUN-1001 :   infer_reg_init_value  |     on     |        on        |        
RUN-1001 :        infer_rom        |     on     |        on        |        
RUN-1001 :      infer_shifter      |     on     |        on        |        
RUN-1001 : --------------------------------------------------------------
RUN-1001 : Print Rtl Property
RUN-1001 : --------------------------------------------------------------
RUN-1001 :        Parameters       |  Settings  |  Default Values  |  Note  
RUN-1001 : --------------------------------------------------------------
RUN-1001 :       compress_add      |   ripple   |      ripple      |        
RUN-1001 :        elf_sload        |    off     |       off        |        
RUN-1001 :       fix_undriven      |     0      |        0         |        
RUN-1001 :         flatten         |    off     |       off        |        
RUN-1001 :       gate_sharing      |     on     |        on        |        
RUN-1001 :    hdl_warning_level    |   normal   |      normal      |        
RUN-1001 :   impl_internal_tribuf  |     on     |        on        |        
RUN-1001 :      impl_set_reset     |     on     |        on        |        
RUN-1001 :        infer_gsr        |    off     |       off        |        
RUN-1001 :      keep_hierarchy     |    auto    |       auto       |        
RUN-1001 :        max_fanout       |    9999    |       9999       |        
RUN-1001 :      max_oh2bin_len     |     10     |        10        |        
RUN-1001 :       merge_equal       |     on     |        on        |        
RUN-1001 :       merge_equiv       |     on     |        on        |        
RUN-1001 :        merge_mux        |    off     |       off        |        
RUN-1001 :     min_control_set     |     8      |        8         |        
RUN-1001 :      min_ripple_len     |    auto    |       auto       |        
RUN-1001 :       oh2bin_ratio      |    0.08    |       0.08       |        
RUN-1001 :     opt_adder_fanout    |     on     |        on        |        
RUN-1001 :        opt_arith        |     on     |        on        |        
RUN-1001 :       opt_big_gate      |    off     |       off        |        
RUN-1001 :        opt_const        |     on     |        on        |        
RUN-1001 :      opt_const_mult     |     on     |        on        |        
RUN-1001 :       opt_lessthan      |     on     |        on        |        
RUN-1001 :         opt_mux         |    off     |       off        |        
RUN-1001 :         opt_ram         |    high    |       high       |        
RUN-1001 :      rtl_sim_model      |    off     |       off        |        
RUN-1001 :         seq_syn         |     on     |        on        |        
RUN-1001 : --------------------------------------------------------------
HDL-1007 : analyze verilog file al_ip/butterfly.v
HDL-8007 ERROR: module 'butterfly' does not have a parameter named DATA_WIDTH in al_ip/FFT.v(58)
HDL-8007 ERROR: module 'butterfly' does not have a parameter named TWID_WIDTH in al_ip/FFT.v(59)
HDL-8007 ERROR: module 'butterfly' does not have a parameter named STAGE in al_ip/FFT.v(60)
HDL-8007 ERROR: module 'butterfly' does not have a parameter named FFT_SIZE in al_ip/FFT.v(61)
HDL-8007 ERROR: cannot find port 'clk' on this module in al_ip/FFT.v(63)
HDL-8007 ERROR: cannot find port 'rst_n' on this module in al_ip/FFT.v(64)
HDL-8007 ERROR: cannot find port 'din_re' on this module in al_ip/FFT.v(65)
HDL-8007 ERROR: cannot find port 'din_im' on this module in al_ip/FFT.v(66)
HDL-8007 ERROR: cannot find port 'din_valid' on this module in al_ip/FFT.v(67)
HDL-8007 ERROR: cannot find port 'twid_re' on this module in al_ip/FFT.v(68)
HDL-8007 ERROR: cannot find port 'twid_im' on this module in al_ip/FFT.v(69)
HDL-8007 ERROR: cannot find port 'twid_addr' on this module in al_ip/FFT.v(70)
HDL-8007 ERROR: cannot find port 'dout_re' on this module in al_ip/FFT.v(71)
HDL-8007 ERROR: cannot find port 'dout_im' on this module in al_ip/FFT.v(72)
HDL-8007 ERROR: cannot find port 'dout_valid' on this module in al_ip/FFT.v(73)
RUN-1001 : Print Global Property
RUN-1001 : ---------------------------------------------------------------
RUN-1001 :        Parameters        |  Settings  |  Default Values  |  Note  
RUN-1001 : ---------------------------------------------------------------
RUN-1001 :          message         |  standard  |     standard     |        
RUN-1001 :   mixed_pack_place_flow  |     on     |        on        |        
RUN-1001 :        qor_monitor       |    off     |       off        |        
RUN-1001 :        syn_ip_flow       |    off     |       off        |        
RUN-1001 :          thread          |    auto    |       auto       |        
RUN-1001 : ---------------------------------------------------------------
RUN-1001 : Print Design Property
RUN-1001 : --------------------------------------------------------------
RUN-1001 :        Parameters       |  Settings  |  Default Values  |  Note  
RUN-1001 : --------------------------------------------------------------
RUN-1001 :   default_reg_initial   |    auto    |       auto       |        
RUN-1001 :        infer_add        |     on     |        on        |        
RUN-1001 :        infer_fsm        |    off     |       off        |        
RUN-1001 :        infer_mult       |     on     |        on        |        
RUN-1001 :        infer_ram        |     on     |        on        |        
RUN-1001 :        infer_reg        |     on     |        on        |        
RUN-1001 :   infer_reg_init_value  |     on     |        on        |        
RUN-1001 :        infer_rom        |     on     |        on        |        
RUN-1001 :      infer_shifter      |     on     |        on        |        
RUN-1001 : --------------------------------------------------------------
RUN-1001 : Print Rtl Property
RUN-1001 : --------------------------------------------------------------
RUN-1001 :        Parameters       |  Settings  |  Default Values  |  Note  
RUN-1001 : --------------------------------------------------------------
RUN-1001 :       compress_add      |   ripple   |      ripple      |        
RUN-1001 :        elf_sload        |    off     |       off        |        
RUN-1001 :       fix_undriven      |     0      |        0         |        
RUN-1001 :         flatten         |    off     |       off        |        
RUN-1001 :       gate_sharing      |     on     |        on        |        
RUN-1001 :    hdl_warning_level    |   normal   |      normal      |        
RUN-1001 :   impl_internal_tribuf  |     on     |        on        |        
RUN-1001 :      impl_set_reset     |     on     |        on        |        
RUN-1001 :        infer_gsr        |    off     |       off        |        
RUN-1001 :      keep_hierarchy     |    auto    |       auto       |        
RUN-1001 :        max_fanout       |    9999    |       9999       |        
RUN-1001 :      max_oh2bin_len     |     10     |        10        |        
RUN-1001 :       merge_equal       |     on     |        on        |        
RUN-1001 :       merge_equiv       |     on     |        on        |        
RUN-1001 :        merge_mux        |    off     |       off        |        
RUN-1001 :     min_control_set     |     8      |        8         |        
RUN-1001 :      min_ripple_len     |    auto    |       auto       |        
RUN-1001 :       oh2bin_ratio      |    0.08    |       0.08       |        
RUN-1001 :     opt_adder_fanout    |     on     |        on        |        
RUN-1001 :        opt_arith        |     on     |        on        |        
RUN-1001 :       opt_big_gate      |    off     |       off        |        
RUN-1001 :        opt_const        |     on     |        on        |        
RUN-1001 :      opt_const_mult     |     on     |        on        |        
RUN-1001 :       opt_lessthan      |     on     |        on        |        
RUN-1001 :         opt_mux         |    off     |       off        |        
RUN-1001 :         opt_ram         |    high    |       high       |        
RUN-1001 :      rtl_sim_model      |    off     |       off        |        
RUN-1001 :         seq_syn         |     on     |        on        |        
RUN-1001 : --------------------------------------------------------------
HDL-1007 : analyze verilog file al_ip/clk_wiz_0.v
HDL-1007 : undeclared symbol 'open', assumed default net type 'wire' in al_ip/clk_wiz_0.v(80)
HDL-1007 : analyze verilog file ../RTL/audio_receive.v
HDL-1007 : analyze verilog file ../RTL/audio_send.v
HDL-1007 : analyze verilog file ../RTL/audio_speak.v
HDL-1007 : analyze verilog file ../RTL/es8388_config.v
HDL-1007 : analyze verilog file ../RTL/es8388_ctrl.v
HDL-1007 : analyze verilog file ../RTL/i2c_dri.v
HDL-1007 : analyze verilog file ../RTL/i2c_reg_cfg.v
HDL-1007 : analyze verilog file al_ip/LMS.v
HDL-1007 : analyze verilog file sound_direction_led.v
HDL-1007 : analyze verilog file al_ip/i2s_tx.v
HDL-1007 : analyze verilog file al_ip/direction.v
HDL-1007 : analyze verilog file al_ip/TDOA.v
HDL-5007 WARNING: loop variable declaration is not allowed in this mode of Verilog in al_ip/TDOA.v(43)
HDL-1007 : analyze verilog file al_ip/FFT.v
HDL-1007 : analyze verilog file al_ip/bit_reverse.v
HDL-1007 : analyze verilog file al_ip/butterfly.v
RUN-1001 : Print Global Property
RUN-1001 : ---------------------------------------------------------------
RUN-1001 :        Parameters        |  Settings  |  Default Values  |  Note  
RUN-1001 : ---------------------------------------------------------------
RUN-1001 :          message         |  standard  |     standard     |        
RUN-1001 :   mixed_pack_place_flow  |     on     |        on        |        
RUN-1001 :        qor_monitor       |    off     |       off        |        
RUN-1001 :        syn_ip_flow       |    off     |       off        |        
RUN-1001 :          thread          |    auto    |       auto       |        
RUN-1001 : ---------------------------------------------------------------
RUN-1001 : Print Design Property
RUN-1001 : --------------------------------------------------------------
RUN-1001 :        Parameters       |  Settings  |  Default Values  |  Note  
RUN-1001 : --------------------------------------------------------------
RUN-1001 :   default_reg_initial   |    auto    |       auto       |        
RUN-1001 :        infer_add        |     on     |        on        |        
RUN-1001 :        infer_fsm        |    off     |       off        |        
RUN-1001 :        infer_mult       |     on     |        on        |        
RUN-1001 :        infer_ram        |     on     |        on        |        
RUN-1001 :        infer_reg        |     on     |        on        |        
RUN-1001 :   infer_reg_init_value  |     on     |        on        |        
RUN-1001 :        infer_rom        |     on     |        on        |        
RUN-1001 :      infer_shifter      |     on     |        on        |        
RUN-1001 : --------------------------------------------------------------
RUN-1001 : Print Rtl Property
RUN-1001 : --------------------------------------------------------------
RUN-1001 :        Parameters       |  Settings  |  Default Values  |  Note  
RUN-1001 : --------------------------------------------------------------
RUN-1001 :       compress_add      |   ripple   |      ripple      |        
RUN-1001 :        elf_sload        |    off     |       off        |        
RUN-1001 :       fix_undriven      |     0      |        0         |        
RUN-1001 :         flatten         |    off     |       off        |        
RUN-1001 :       gate_sharing      |     on     |        on        |        
RUN-1001 :    hdl_warning_level    |   normal   |      normal      |        
RUN-1001 :   impl_internal_tribuf  |     on     |        on        |        
RUN-1001 :      impl_set_reset     |     on     |        on        |        
RUN-1001 :        infer_gsr        |    off     |       off        |        
RUN-1001 :      keep_hierarchy     |    auto    |       auto       |        
RUN-1001 :        max_fanout       |    9999    |       9999       |        
RUN-1001 :      max_oh2bin_len     |     10     |        10        |        
RUN-1001 :       merge_equal       |     on     |        on        |        
RUN-1001 :       merge_equiv       |     on     |        on        |        
RUN-1001 :        merge_mux        |    off     |       off        |        
RUN-1001 :     min_control_set     |     8      |        8         |        
RUN-1001 :      min_ripple_len     |    auto    |       auto       |        
RUN-1001 :       oh2bin_ratio      |    0.08    |       0.08       |        
RUN-1001 :     opt_adder_fanout    |     on     |        on        |        
RUN-1001 :        opt_arith        |     on     |        on        |        
RUN-1001 :       opt_big_gate      |    off     |       off        |        
RUN-1001 :        opt_const        |     on     |        on        |        
RUN-1001 :      opt_const_mult     |     on     |        on        |        
RUN-1001 :       opt_lessthan      |     on     |        on        |        
RUN-1001 :         opt_mux         |    off     |       off        |        
RUN-1001 :         opt_ram         |    high    |       high       |        
RUN-1001 :      rtl_sim_model      |    off     |       off        |        
RUN-1001 :         seq_syn         |     on     |        on        |        
RUN-1001 : --------------------------------------------------------------
HDL-1007 : analyze verilog file al_ip/rom_128x16.v
HDL-8007 ERROR: cannot find port 'clk' on this module in al_ip/FFT.v(45)
HDL-8007 ERROR: cannot find port 'addr' on this module in al_ip/FFT.v(46)
HDL-8007 ERROR: cannot find port 'dout' on this module in al_ip/FFT.v(47)
HDL-8007 ERROR: cannot find port 'clk' on this module in al_ip/FFT.v(51)
HDL-8007 ERROR: cannot find port 'addr' on this module in al_ip/FFT.v(52)
HDL-8007 ERROR: cannot find port 'dout' on this module in al_ip/FFT.v(53)
RUN-1001 : Print Global Property
RUN-1001 : ---------------------------------------------------------------
RUN-1001 :        Parameters        |  Settings  |  Default Values  |  Note  
RUN-1001 : ---------------------------------------------------------------
RUN-1001 :          message         |  standard  |     standard     |        
RUN-1001 :   mixed_pack_place_flow  |     on     |        on        |        
RUN-1001 :        qor_monitor       |    off     |       off        |        
RUN-1001 :        syn_ip_flow       |    off     |       off        |        
RUN-1001 :          thread          |    auto    |       auto       |        
RUN-1001 : ---------------------------------------------------------------
RUN-1001 : Print Design Property
RUN-1001 : --------------------------------------------------------------
RUN-1001 :        Parameters       |  Settings  |  Default Values  |  Note  
RUN-1001 : --------------------------------------------------------------
RUN-1001 :   default_reg_initial   |    auto    |       auto       |        
RUN-1001 :        infer_add        |     on     |        on        |        
RUN-1001 :        infer_fsm        |    off     |       off        |        
RUN-1001 :        infer_mult       |     on     |        on        |        
RUN-1001 :        infer_ram        |     on     |        on        |        
RUN-1001 :        infer_reg        |     on     |        on        |        
RUN-1001 :   infer_reg_init_value  |     on     |        on        |        
RUN-1001 :        infer_rom        |     on     |        on        |        
RUN-1001 :      infer_shifter      |     on     |        on        |        
RUN-1001 : --------------------------------------------------------------
RUN-1001 : Print Rtl Property
RUN-1001 : --------------------------------------------------------------
RUN-1001 :        Parameters       |  Settings  |  Default Values  |  Note  
RUN-1001 : --------------------------------------------------------------
RUN-1001 :       compress_add      |   ripple   |      ripple      |        
RUN-1001 :        elf_sload        |    off     |       off        |        
RUN-1001 :       fix_undriven      |     0      |        0         |        
RUN-1001 :         flatten         |    off     |       off        |        
RUN-1001 :       gate_sharing      |     on     |        on        |        
RUN-1001 :    hdl_warning_level    |   normal   |      normal      |        
RUN-1001 :   impl_internal_tribuf  |     on     |        on        |        
RUN-1001 :      impl_set_reset     |     on     |        on        |        
RUN-1001 :        infer_gsr        |    off     |       off        |        
RUN-1001 :      keep_hierarchy     |    auto    |       auto       |        
RUN-1001 :        max_fanout       |    9999    |       9999       |        
RUN-1001 :      max_oh2bin_len     |     10     |        10        |        
RUN-1001 :       merge_equal       |     on     |        on        |        
RUN-1001 :       merge_equiv       |     on     |        on        |        
RUN-1001 :        merge_mux        |    off     |       off        |        
RUN-1001 :     min_control_set     |     8      |        8         |        
RUN-1001 :      min_ripple_len     |    auto    |       auto       |        
RUN-1001 :       oh2bin_ratio      |    0.08    |       0.08       |        
RUN-1001 :     opt_adder_fanout    |     on     |        on        |        
RUN-1001 :        opt_arith        |     on     |        on        |        
RUN-1001 :       opt_big_gate      |    off     |       off        |        
RUN-1001 :        opt_const        |     on     |        on        |        
RUN-1001 :      opt_const_mult     |     on     |        on        |        
RUN-1001 :       opt_lessthan      |     on     |        on        |        
RUN-1001 :         opt_mux         |    off     |       off        |        
RUN-1001 :         opt_ram         |    high    |       high       |        
RUN-1001 :      rtl_sim_model      |    off     |       off        |        
RUN-1001 :         seq_syn         |     on     |        on        |        
RUN-1001 : --------------------------------------------------------------
HDL-1007 : analyze verilog file al_ip/clk_wiz_0.v
HDL-1007 : undeclared symbol 'open', assumed default net type 'wire' in al_ip/clk_wiz_0.v(80)
HDL-1007 : analyze verilog file ../RTL/audio_receive.v
HDL-1007 : analyze verilog file ../RTL/audio_send.v
HDL-1007 : analyze verilog file ../RTL/audio_speak.v
HDL-1007 : analyze verilog file ../RTL/es8388_config.v
HDL-1007 : analyze verilog file ../RTL/es8388_ctrl.v
HDL-1007 : analyze verilog file ../RTL/i2c_dri.v
HDL-1007 : analyze verilog file ../RTL/i2c_reg_cfg.v
HDL-1007 : analyze verilog file al_ip/LMS.v
HDL-1007 : analyze verilog file sound_direction_led.v
HDL-1007 : analyze verilog file al_ip/i2s_tx.v
HDL-1007 : analyze verilog file al_ip/direction.v
HDL-1007 : analyze verilog file al_ip/TDOA.v
HDL-5007 WARNING: loop variable declaration is not allowed in this mode of Verilog in al_ip/TDOA.v(43)
HDL-1007 : analyze verilog file al_ip/FFT.v
HDL-1007 : analyze verilog file al_ip/bit_reverse.v
HDL-1007 : analyze verilog file al_ip/butterfly.v
HDL-1007 : analyze verilog file al_ip/rom_128x16.v
RUN-1001 : reset_run syn_1 phy_1.
GUI-6001 WARNING: File C:/Users/lyw15/Desktop/4S20/es8388/TD/ES8388_Runs/phy_1/ES8388.bit does not exist!
RUN-1001 : launch_runs syn_1 phy_1  -jobs 6.
RUN-1001 : syn_1: run complete.
RUN-1001 : phy_1: run complete.
RUN-1001 : open_run phy_1.
RUN-1002 : start command "import_db C:/Users/lyw15/Desktop/4S20/es8388/TD/ES8388_Runs/phy_1/ES8388_pr.db"
RUN-1001 : Importing database generated by Tang Dynasty, V5.6.71036.
RUN-1001 : Database version number 46146.
RUN-1001 : Import flow parameters
PHY-1001 : Generate detailed routing grids ...
PHY-1001 : Processed IO instance aud_dacdat_syn_4 with INV attribute.
PHY-1001 : Processed IO instance aud_dacdat_1_syn_4 with INV attribute.
PHY-1001 : Processed IO instance aud_dacdat_2_syn_4 with INV attribute.
PHY-1001 : Generate nets ...
PHY-1001 : clock net aud_bclk_syn_4 will be merged with clock aud_bclk_dup_1
PHY-1001 : clock net aud_bclk_1_syn_4 will be merged with clock aud_bclk_1_dup_1
PHY-1001 : net aud_bclk_2_dup_1 will be routed on clock mesh
PHY-1001 : net aud_mclk_dup_1 will be routed on clock mesh
PHY-1001 : net aud_mclk_1_dup_1 will be routed on clock mesh
PHY-1001 : net aud_mclk_2_dup_1 will be routed on clock mesh
PHY-1001 : clock net ilaclk_dup_1 will be merged with clock u_pll_clk/clk0_buf
PHY-1001 : clock net ilaclk_1_dup_1 will be merged with clock u1_pll_clk/clk0_buf
PHY-1001 : clock net ilaclk_2_dup_1 will be merged with clock u2_pll_clk/clk0_buf
PHY-1001 : net sys_clk_dup_1 will be routed on clock mesh
PHY-1001 : clock net u_es8388_ctrl/u_es8388_config/u_i2c_dri/dri_clk_syn_4 will be merged with clock u_es8388_ctrl/u_es8388_config/u_i2c_dri/dri_clk
PHY-1001 : clock net u1_es8388_ctrl/u_es8388_config/u_i2c_dri/dri_clk_syn_4 will be merged with clock u1_es8388_ctrl/u_es8388_config/u_i2c_dri/dri_clk
PHY-1001 : clock net u2_es8388_ctrl/u_es8388_config/u_i2c_dri/dri_clk_syn_4 will be merged with clock u2_es8388_ctrl/u_es8388_config/u_i2c_dri/dri_clk
PHY-1001 : eco open net = 0
PHY-1001 : 65 feed throughs used by 44 nets
RUN-1001 : Import IO constraints
RUN-1001 : Import Inst constraints
RUN-1001 : Import design success TD_VERSION=5.6.71036 , DB_VERSION=46146
RUN-1003 : finish command "import_db C:/Users/lyw15/Desktop/4S20/es8388/TD/ES8388_Runs/phy_1/ES8388_pr.db" in  2.074007s wall, 1.562500s user + 0.765625s system = 2.328125s CPU (112.3%)

RUN-1004 : used memory is 681 MB, reserved memory is 918 MB, peak memory is 964 MB
RUN-1002 : start command "download -bit ES8388_Runs\phy_1\ES8388.bit -mode jtag -spd 7 -sec 64 -cable 0"
PRG-2014 : Chip validation success: EAGLE_S20_BG256
RUN-1002 : start command "bit_to_vec -chip EAGLE_S20_BG256 -m jtag_burst -freq 4 -bit ES8388_Runs/phy_1/ES8388.bit"
RUN-1002 : start command "program -cable 0 -mode svf -spd 7 -p"
RUN-1003 : finish command "program -cable 0 -mode svf -spd 7 -p" in  6.365550s wall, 0.109375s user + 0.906250s system = 1.015625s CPU (16.0%)

RUN-1004 : used memory is 710 MB, reserved memory is 936 MB, peak memory is 964 MB
RUN-1003 : finish command "download -bit ES8388_Runs\phy_1\ES8388.bit -mode jtag -spd 7 -sec 64 -cable 0" in  6.572845s wall, 0.203125s user + 0.937500s system = 1.140625s CPU (17.4%)

RUN-1004 : used memory is 710 MB, reserved memory is 936 MB, peak memory is 964 MB
GUI-1001 : Downloading succeeded!
HDL-1007 : analyze verilog file al_ip/TDOA.v
RUN-1001 : Print Global Property
RUN-1001 : ---------------------------------------------------------------
RUN-1001 :        Parameters        |  Settings  |  Default Values  |  Note  
RUN-1001 : ---------------------------------------------------------------
RUN-1001 :          message         |  standard  |     standard     |        
RUN-1001 :   mixed_pack_place_flow  |     on     |        on        |        
RUN-1001 :        qor_monitor       |    off     |       off        |        
RUN-1001 :        syn_ip_flow       |    off     |       off        |        
RUN-1001 :          thread          |    auto    |       auto       |        
RUN-1001 : ---------------------------------------------------------------
RUN-1001 : Print Design Property
RUN-1001 : --------------------------------------------------------------
RUN-1001 :        Parameters       |  Settings  |  Default Values  |  Note  
RUN-1001 : --------------------------------------------------------------
RUN-1001 :   default_reg_initial   |    auto    |       auto       |        
RUN-1001 :        infer_add        |     on     |        on        |        
RUN-1001 :        infer_fsm        |    off     |       off        |        
RUN-1001 :        infer_mult       |     on     |        on        |        
RUN-1001 :        infer_ram        |     on     |        on        |        
RUN-1001 :        infer_reg        |     on     |        on        |        
RUN-1001 :   infer_reg_init_value  |     on     |        on        |        
RUN-1001 :        infer_rom        |     on     |        on        |        
RUN-1001 :      infer_shifter      |     on     |        on        |        
RUN-1001 : --------------------------------------------------------------
RUN-1001 : Print Rtl Property
RUN-1001 : --------------------------------------------------------------
RUN-1001 :        Parameters       |  Settings  |  Default Values  |  Note  
RUN-1001 : --------------------------------------------------------------
RUN-1001 :       compress_add      |   ripple   |      ripple      |        
RUN-1001 :        elf_sload        |    off     |       off        |        
RUN-1001 :       fix_undriven      |     0      |        0         |        
RUN-1001 :         flatten         |    off     |       off        |        
RUN-1001 :       gate_sharing      |     on     |        on        |        
RUN-1001 :    hdl_warning_level    |   normal   |      normal      |        
RUN-1001 :   impl_internal_tribuf  |     on     |        on        |        
RUN-1001 :      impl_set_reset     |     on     |        on        |        
RUN-1001 :        infer_gsr        |    off     |       off        |        
RUN-1001 :      keep_hierarchy     |    auto    |       auto       |        
RUN-1001 :        max_fanout       |    9999    |       9999       |        
RUN-1001 :      max_oh2bin_len     |     10     |        10        |        
RUN-1001 :       merge_equal       |     on     |        on        |        
RUN-1001 :       merge_equiv       |     on     |        on        |        
RUN-1001 :        merge_mux        |    off     |       off        |        
RUN-1001 :     min_control_set     |     8      |        8         |        
RUN-1001 :      min_ripple_len     |    auto    |       auto       |        
RUN-1001 :       oh2bin_ratio      |    0.08    |       0.08       |        
RUN-1001 :     opt_adder_fanout    |     on     |        on        |        
RUN-1001 :        opt_arith        |     on     |        on        |        
RUN-1001 :       opt_big_gate      |    off     |       off        |        
RUN-1001 :        opt_const        |     on     |        on        |        
RUN-1001 :      opt_const_mult     |     on     |        on        |        
RUN-1001 :       opt_lessthan      |     on     |        on        |        
RUN-1001 :         opt_mux         |    off     |       off        |        
RUN-1001 :         opt_ram         |    high    |       high       |        
RUN-1001 :      rtl_sim_model      |    off     |       off        |        
RUN-1001 :         seq_syn         |     on     |        on        |        
RUN-1001 : --------------------------------------------------------------
HDL-1007 : analyze verilog file al_ip/gcc_phat.v
HDL-8007 ERROR: module 'gcc_phat' does not have a parameter named FFT_OUT_WIDTH in al_ip/TDOA.v(59)
HDL-8007 ERROR: module 'gcc_phat' does not have a parameter named FREQ_BINS in al_ip/TDOA.v(60)
HDL-8007 ERROR: cannot find port 'clk' on this module in al_ip/TDOA.v(62)
HDL-8007 ERROR: cannot find port 'rst_n' on this module in al_ip/TDOA.v(63)
HDL-8007 ERROR: cannot find port 'fft_left_re' on this module in al_ip/TDOA.v(64)
HDL-8007 ERROR: cannot find port 'fft_left_im' on this module in al_ip/TDOA.v(65)
HDL-8007 ERROR: cannot find port 'fft_right_re' on this module in al_ip/TDOA.v(66)
HDL-8007 ERROR: cannot find port 'fft_right_im' on this module in al_ip/TDOA.v(67)
HDL-8007 ERROR: cannot find port 'fft_valid' on this module in al_ip/TDOA.v(68)
HDL-8007 ERROR: cannot find port 'tdoa_estimate' on this module in al_ip/TDOA.v(69)
HDL-8007 ERROR: cannot find port 'gcc_valid' on this module in al_ip/TDOA.v(70)
RUN-1001 : Print Global Property
RUN-1001 : ---------------------------------------------------------------
RUN-1001 :        Parameters        |  Settings  |  Default Values  |  Note  
RUN-1001 : ---------------------------------------------------------------
RUN-1001 :          message         |  standard  |     standard     |        
RUN-1001 :   mixed_pack_place_flow  |     on     |        on        |        
RUN-1001 :        qor_monitor       |    off     |       off        |        
RUN-1001 :        syn_ip_flow       |    off     |       off        |        
RUN-1001 :          thread          |    auto    |       auto       |        
RUN-1001 : ---------------------------------------------------------------
RUN-1001 : Print Design Property
RUN-1001 : --------------------------------------------------------------
RUN-1001 :        Parameters       |  Settings  |  Default Values  |  Note  
RUN-1001 : --------------------------------------------------------------
RUN-1001 :   default_reg_initial   |    auto    |       auto       |        
RUN-1001 :        infer_add        |     on     |        on        |        
RUN-1001 :        infer_fsm        |    off     |       off        |        
RUN-1001 :        infer_mult       |     on     |        on        |        
RUN-1001 :        infer_ram        |     on     |        on        |        
RUN-1001 :        infer_reg        |     on     |        on        |        
RUN-1001 :   infer_reg_init_value  |     on     |        on        |        
RUN-1001 :        infer_rom        |     on     |        on        |        
RUN-1001 :      infer_shifter      |     on     |        on        |        
RUN-1001 : --------------------------------------------------------------
RUN-1001 : Print Rtl Property
RUN-1001 : --------------------------------------------------------------
RUN-1001 :        Parameters       |  Settings  |  Default Values  |  Note  
RUN-1001 : --------------------------------------------------------------
RUN-1001 :       compress_add      |   ripple   |      ripple      |        
RUN-1001 :        elf_sload        |    off     |       off        |        
RUN-1001 :       fix_undriven      |     0      |        0         |        
RUN-1001 :         flatten         |    off     |       off        |        
RUN-1001 :       gate_sharing      |     on     |        on        |        
RUN-1001 :    hdl_warning_level    |   normal   |      normal      |        
RUN-1001 :   impl_internal_tribuf  |     on     |        on        |        
RUN-1001 :      impl_set_reset     |     on     |        on        |        
RUN-1001 :        infer_gsr        |    off     |       off        |        
RUN-1001 :      keep_hierarchy     |    auto    |       auto       |        
RUN-1001 :        max_fanout       |    9999    |       9999       |        
RUN-1001 :      max_oh2bin_len     |     10     |        10        |        
RUN-1001 :       merge_equal       |     on     |        on        |        
RUN-1001 :       merge_equiv       |     on     |        on        |        
RUN-1001 :        merge_mux        |    off     |       off        |        
RUN-1001 :     min_control_set     |     8      |        8         |        
RUN-1001 :      min_ripple_len     |    auto    |       auto       |        
RUN-1001 :       oh2bin_ratio      |    0.08    |       0.08       |        
RUN-1001 :     opt_adder_fanout    |     on     |        on        |        
RUN-1001 :        opt_arith        |     on     |        on        |        
RUN-1001 :       opt_big_gate      |    off     |       off        |        
RUN-1001 :        opt_const        |     on     |        on        |        
RUN-1001 :      opt_const_mult     |     on     |        on        |        
RUN-1001 :       opt_lessthan      |     on     |        on        |        
RUN-1001 :         opt_mux         |    off     |       off        |        
RUN-1001 :         opt_ram         |    high    |       high       |        
RUN-1001 :      rtl_sim_model      |    off     |       off        |        
RUN-1001 :         seq_syn         |     on     |        on        |        
RUN-1001 : --------------------------------------------------------------
HDL-1007 : analyze verilog file al_ip/clk_wiz_0.v
HDL-1007 : undeclared symbol 'open', assumed default net type 'wire' in al_ip/clk_wiz_0.v(80)
HDL-1007 : analyze verilog file ../RTL/audio_receive.v
HDL-1007 : analyze verilog file ../RTL/audio_send.v
HDL-1007 : analyze verilog file ../RTL/audio_speak.v
HDL-1007 : analyze verilog file ../RTL/es8388_config.v
HDL-1007 : analyze verilog file ../RTL/es8388_ctrl.v
HDL-1007 : analyze verilog file ../RTL/i2c_dri.v
HDL-1007 : analyze verilog file ../RTL/i2c_reg_cfg.v
HDL-1007 : analyze verilog file al_ip/LMS.v
HDL-1007 : analyze verilog file sound_direction_led.v
HDL-1007 : analyze verilog file al_ip/i2s_tx.v
HDL-1007 : analyze verilog file al_ip/direction.v
HDL-1007 : analyze verilog file al_ip/TDOA.v
HDL-1007 : analyze verilog file al_ip/FFT.v
HDL-1007 : analyze verilog file al_ip/bit_reverse.v
HDL-1007 : analyze verilog file al_ip/butterfly.v
HDL-1007 : analyze verilog file al_ip/rom_128x16.v
HDL-1007 : analyze verilog file al_ip/gcc_phat.v
HDL-8007 ERROR: declarations are not allowed in an unnamed block in al_ip/gcc_phat.v(102)
HDL-5007 WARNING: loop variable declaration is not allowed in this mode of Verilog in al_ip/gcc_phat.v(101)
HDL-8007 ERROR: declarations are not allowed in an unnamed block in al_ip/gcc_phat.v(97)
HDL-8007 ERROR: 'delay_index' is not a constant in al_ip/gcc_phat.v(97)
HDL-8007 ERROR: 'f' is not a constant in al_ip/gcc_phat.v(102)
HDL-8007 ERROR: 'd' is not a constant in al_ip/gcc_phat.v(102)
HDL-8007 ERROR: illegal context for real expression in al_ip/gcc_phat.v(107)
HDL-8007 ERROR: illegal context for real expression in al_ip/gcc_phat.v(108)
HDL-8007 ERROR: ignore module module due to previous errors in al_ip/gcc_phat.v(1)
HDL-1007 : Verilog file 'al_ip/gcc_phat.v' ignored due to errors
GUI-5005 WARNING: Unknown file icon ...
GUI-5005 WARNING: Unknown file icon ...
GUI-5005 WARNING: Unknown file icon ...
GUI-5005 WARNING: Unknown file icon ...
GUI-5005 WARNING: Unknown file icon ...
GUI-5005 WARNING: Unknown file icon ...
GUI-5005 WARNING: Unknown file icon ...
GUI-5005 WARNING: Unknown file icon ...
GUI-5005 WARNING: Unknown file icon ...
GUI-5005 WARNING: Unknown file icon ...
GUI-5005 Similar messages will be suppressed.
RUN-1001 : Print Global Property
RUN-1001 : ---------------------------------------------------------------
RUN-1001 :        Parameters        |  Settings  |  Default Values  |  Note  
RUN-1001 : ---------------------------------------------------------------
RUN-1001 :          message         |  standard  |     standard     |        
RUN-1001 :   mixed_pack_place_flow  |     on     |        on        |        
RUN-1001 :        qor_monitor       |    off     |       off        |        
RUN-1001 :        syn_ip_flow       |    off     |       off        |        
RUN-1001 :          thread          |    auto    |       auto       |        
RUN-1001 : ---------------------------------------------------------------
RUN-1001 : Print Design Property
RUN-1001 : --------------------------------------------------------------
RUN-1001 :        Parameters       |  Settings  |  Default Values  |  Note  
RUN-1001 : --------------------------------------------------------------
RUN-1001 :   default_reg_initial   |    auto    |       auto       |        
RUN-1001 :        infer_add        |     on     |        on        |        
RUN-1001 :        infer_fsm        |    off     |       off        |        
RUN-1001 :        infer_mult       |     on     |        on        |        
RUN-1001 :        infer_ram        |     on     |        on        |        
RUN-1001 :        infer_reg        |     on     |        on        |        
RUN-1001 :   infer_reg_init_value  |     on     |        on        |        
RUN-1001 :        infer_rom        |     on     |        on        |        
RUN-1001 :      infer_shifter      |     on     |        on        |        
RUN-1001 : --------------------------------------------------------------
RUN-1001 : Print Rtl Property
RUN-1001 : --------------------------------------------------------------
RUN-1001 :        Parameters       |  Settings  |  Default Values  |  Note  
RUN-1001 : --------------------------------------------------------------
RUN-1001 :       compress_add      |   ripple   |      ripple      |        
RUN-1001 :        elf_sload        |    off     |       off        |        
RUN-1001 :       fix_undriven      |     0      |        0         |        
RUN-1001 :         flatten         |    off     |       off        |        
RUN-1001 :       gate_sharing      |     on     |        on        |        
RUN-1001 :    hdl_warning_level    |   normal   |      normal      |        
RUN-1001 :   impl_internal_tribuf  |     on     |        on        |        
RUN-1001 :      impl_set_reset     |     on     |        on        |        
RUN-1001 :        infer_gsr        |    off     |       off        |        
RUN-1001 :      keep_hierarchy     |    auto    |       auto       |        
RUN-1001 :        max_fanout       |    9999    |       9999       |        
RUN-1001 :      max_oh2bin_len     |     10     |        10        |        
RUN-1001 :       merge_equal       |     on     |        on        |        
RUN-1001 :       merge_equiv       |     on     |        on        |        
RUN-1001 :        merge_mux        |    off     |       off        |        
RUN-1001 :     min_control_set     |     8      |        8         |        
RUN-1001 :      min_ripple_len     |    auto    |       auto       |        
RUN-1001 :       oh2bin_ratio      |    0.08    |       0.08       |        
RUN-1001 :     opt_adder_fanout    |     on     |        on        |        
RUN-1001 :        opt_arith        |     on     |        on        |        
RUN-1001 :       opt_big_gate      |    off     |       off        |        
RUN-1001 :        opt_const        |     on     |        on        |        
RUN-1001 :      opt_const_mult     |     on     |        on        |        
RUN-1001 :       opt_lessthan      |     on     |        on        |        
RUN-1001 :         opt_mux         |    off     |       off        |        
RUN-1001 :         opt_ram         |    high    |       high       |        
RUN-1001 :      rtl_sim_model      |    off     |       off        |        
RUN-1001 :         seq_syn         |     on     |        on        |        
RUN-1001 : --------------------------------------------------------------
HDL-1007 : analyze verilog file al_ip/clk_wiz_0.v
HDL-1007 : undeclared symbol 'open', assumed default net type 'wire' in al_ip/clk_wiz_0.v(80)
HDL-1007 : analyze verilog file ../RTL/audio_receive.v
HDL-1007 : analyze verilog file ../RTL/audio_send.v
HDL-1007 : analyze verilog file ../RTL/audio_speak.v
HDL-1007 : analyze verilog file ../RTL/es8388_config.v
HDL-1007 : analyze verilog file ../RTL/es8388_ctrl.v
HDL-1007 : analyze verilog file ../RTL/i2c_dri.v
HDL-1007 : analyze verilog file ../RTL/i2c_reg_cfg.v
HDL-1007 : analyze verilog file al_ip/LMS.v
HDL-1007 : analyze verilog file sound_direction_led.v
HDL-1007 : analyze verilog file al_ip/i2s_tx.v
HDL-1007 : analyze verilog file al_ip/direction.v
HDL-1007 : analyze verilog file al_ip/TDOA.v
HDL-1007 : analyze verilog file al_ip/FFT.v
HDL-1007 : analyze verilog file al_ip/bit_reverse.v
HDL-1007 : analyze verilog file al_ip/butterfly.v
HDL-1007 : analyze verilog file al_ip/rom_128x16.v
HDL-1007 : analyze verilog file al_ip/gcc_phat.v
HDL-8007 ERROR: declarations are not allowed in an unnamed block in al_ip/gcc_phat.v(102)
HDL-5007 WARNING: loop variable declaration is not allowed in this mode of Verilog in al_ip/gcc_phat.v(101)
HDL-8007 ERROR: declarations are not allowed in an unnamed block in al_ip/gcc_phat.v(97)
HDL-8007 ERROR: 'delay_index' is not a constant in al_ip/gcc_phat.v(97)
HDL-8007 ERROR: 'f' is not a constant in al_ip/gcc_phat.v(102)
HDL-8007 ERROR: 'd' is not a constant in al_ip/gcc_phat.v(102)
HDL-8007 ERROR: illegal context for real expression in al_ip/gcc_phat.v(107)
HDL-8007 ERROR: illegal context for real expression in al_ip/gcc_phat.v(108)
HDL-8007 ERROR: ignore module module due to previous errors in al_ip/gcc_phat.v(1)
HDL-1007 : Verilog file 'al_ip/gcc_phat.v' ignored due to errors
RUN-1001 : Print Global Property
RUN-1001 : ---------------------------------------------------------------
RUN-1001 :        Parameters        |  Settings  |  Default Values  |  Note  
RUN-1001 : ---------------------------------------------------------------
RUN-1001 :          message         |  standard  |     standard     |        
RUN-1001 :   mixed_pack_place_flow  |     on     |        on        |        
RUN-1001 :        qor_monitor       |    off     |       off        |        
RUN-1001 :        syn_ip_flow       |    off     |       off        |        
RUN-1001 :          thread          |    auto    |       auto       |        
RUN-1001 : ---------------------------------------------------------------
RUN-1001 : Print Design Property
RUN-1001 : --------------------------------------------------------------
RUN-1001 :        Parameters       |  Settings  |  Default Values  |  Note  
RUN-1001 : --------------------------------------------------------------
RUN-1001 :   default_reg_initial   |    auto    |       auto       |        
RUN-1001 :        infer_add        |     on     |        on        |        
RUN-1001 :        infer_fsm        |    off     |       off        |        
RUN-1001 :        infer_mult       |     on     |        on        |        
RUN-1001 :        infer_ram        |     on     |        on        |        
RUN-1001 :        infer_reg        |     on     |        on        |        
RUN-1001 :   infer_reg_init_value  |     on     |        on        |        
RUN-1001 :        infer_rom        |     on     |        on        |        
RUN-1001 :      infer_shifter      |     on     |        on        |        
RUN-1001 : --------------------------------------------------------------
RUN-1001 : Print Rtl Property
RUN-1001 : --------------------------------------------------------------
RUN-1001 :        Parameters       |  Settings  |  Default Values  |  Note  
RUN-1001 : --------------------------------------------------------------
RUN-1001 :       compress_add      |   ripple   |      ripple      |        
RUN-1001 :        elf_sload        |    off     |       off        |        
RUN-1001 :       fix_undriven      |     0      |        0         |        
RUN-1001 :         flatten         |    off     |       off        |        
RUN-1001 :       gate_sharing      |     on     |        on        |        
RUN-1001 :    hdl_warning_level    |   normal   |      normal      |        
RUN-1001 :   impl_internal_tribuf  |     on     |        on        |        
RUN-1001 :      impl_set_reset     |     on     |        on        |        
RUN-1001 :        infer_gsr        |    off     |       off        |        
RUN-1001 :      keep_hierarchy     |    auto    |       auto       |        
RUN-1001 :        max_fanout       |    9999    |       9999       |        
RUN-1001 :      max_oh2bin_len     |     10     |        10        |        
RUN-1001 :       merge_equal       |     on     |        on        |        
RUN-1001 :       merge_equiv       |     on     |        on        |        
RUN-1001 :        merge_mux        |    off     |       off        |        
RUN-1001 :     min_control_set     |     8      |        8         |        
RUN-1001 :      min_ripple_len     |    auto    |       auto       |        
RUN-1001 :       oh2bin_ratio      |    0.08    |       0.08       |        
RUN-1001 :     opt_adder_fanout    |     on     |        on        |        
RUN-1001 :        opt_arith        |     on     |        on        |        
RUN-1001 :       opt_big_gate      |    off     |       off        |        
RUN-1001 :        opt_const        |     on     |        on        |        
RUN-1001 :      opt_const_mult     |     on     |        on        |        
RUN-1001 :       opt_lessthan      |     on     |        on        |        
RUN-1001 :         opt_mux         |    off     |       off        |        
RUN-1001 :         opt_ram         |    high    |       high       |        
RUN-1001 :      rtl_sim_model      |    off     |       off        |        
RUN-1001 :         seq_syn         |     on     |        on        |        
RUN-1001 : --------------------------------------------------------------
HDL-1007 : analyze verilog file al_ip/clk_wiz_0.v
HDL-1007 : undeclared symbol 'open', assumed default net type 'wire' in al_ip/clk_wiz_0.v(80)
HDL-1007 : analyze verilog file ../RTL/audio_receive.v
HDL-1007 : analyze verilog file ../RTL/audio_send.v
HDL-1007 : analyze verilog file ../RTL/audio_speak.v
HDL-1007 : analyze verilog file ../RTL/es8388_config.v
HDL-1007 : analyze verilog file ../RTL/es8388_ctrl.v
HDL-1007 : analyze verilog file ../RTL/i2c_dri.v
HDL-1007 : analyze verilog file ../RTL/i2c_reg_cfg.v
HDL-1007 : analyze verilog file al_ip/LMS.v
HDL-1007 : analyze verilog file sound_direction_led.v
HDL-1007 : analyze verilog file al_ip/i2s_tx.v
HDL-1007 : analyze verilog file al_ip/direction.v
HDL-1007 : analyze verilog file al_ip/TDOA.v
HDL-1007 : analyze verilog file al_ip/FFT.v
HDL-1007 : analyze verilog file al_ip/bit_reverse.v
HDL-1007 : analyze verilog file al_ip/butterfly.v
HDL-1007 : analyze verilog file al_ip/rom_128x16.v
HDL-1007 : analyze verilog file al_ip/gcc_phat.v
HDL-8007 ERROR: declarations are not allowed in an unnamed block in al_ip/gcc_phat.v(102)
HDL-5007 WARNING: loop variable declaration is not allowed in this mode of Verilog in al_ip/gcc_phat.v(101)
HDL-8007 ERROR: declarations are not allowed in an unnamed block in al_ip/gcc_phat.v(97)
HDL-8007 ERROR: 'delay_index' is not a constant in al_ip/gcc_phat.v(97)
HDL-8007 ERROR: 'f' is not a constant in al_ip/gcc_phat.v(102)
HDL-8007 ERROR: 'd' is not a constant in al_ip/gcc_phat.v(102)
HDL-8007 ERROR: illegal context for real expression in al_ip/gcc_phat.v(107)
HDL-8007 ERROR: illegal context for real expression in al_ip/gcc_phat.v(108)
HDL-8007 ERROR: ignore module module due to previous errors in al_ip/gcc_phat.v(1)
HDL-1007 : Verilog file 'al_ip/gcc_phat.v' ignored due to errors
HDL-8007 ERROR: cannot find port 'res_n' on this module in ../RTL/audio_speak.v(223)
HDL-8007 ERROR: cannot find port 'first_data' on this module in ../RTL/audio_speak.v(224)
HDL-8007 ERROR: cannot find port 'second_data' on this module in ../RTL/audio_speak.v(225)
HDL-8007 ERROR: cannot find port 'data_en' on this module in ../RTL/audio_speak.v(226)
HDL-8007 ERROR: cannot find port 'source' on this module in ../RTL/audio_speak.v(227)
GUI-5005 WARNING: Unknown file icon ...
GUI-5005 WARNING: Unknown file icon ...
GUI-5005 WARNING: Unknown file icon ...
GUI-5005 WARNING: Unknown file icon ...
GUI-5005 WARNING: Unknown file icon ...
RUN-1001 : Print Global Property
RUN-1001 : ---------------------------------------------------------------
RUN-1001 :        Parameters        |  Settings  |  Default Values  |  Note  
RUN-1001 : ---------------------------------------------------------------
RUN-1001 :          message         |  standard  |     standard     |        
RUN-1001 :   mixed_pack_place_flow  |     on     |        on        |        
RUN-1001 :        qor_monitor       |    off     |       off        |        
RUN-1001 :        syn_ip_flow       |    off     |       off        |        
RUN-1001 :          thread          |    auto    |       auto       |        
RUN-1001 : ---------------------------------------------------------------
RUN-1001 : Print Design Property
RUN-1001 : --------------------------------------------------------------
RUN-1001 :        Parameters       |  Settings  |  Default Values  |  Note  
RUN-1001 : --------------------------------------------------------------
RUN-1001 :   default_reg_initial   |    auto    |       auto       |        
RUN-1001 :        infer_add        |     on     |        on        |        
RUN-1001 :        infer_fsm        |    off     |       off        |        
RUN-1001 :        infer_mult       |     on     |        on        |        
RUN-1001 :        infer_ram        |     on     |        on        |        
RUN-1001 :        infer_reg        |     on     |        on        |        
RUN-1001 :   infer_reg_init_value  |     on     |        on        |        
RUN-1001 :        infer_rom        |     on     |        on        |        
RUN-1001 :      infer_shifter      |     on     |        on        |        
RUN-1001 : --------------------------------------------------------------
RUN-1001 : Print Rtl Property
RUN-1001 : --------------------------------------------------------------
RUN-1001 :        Parameters       |  Settings  |  Default Values  |  Note  
RUN-1001 : --------------------------------------------------------------
RUN-1001 :       compress_add      |   ripple   |      ripple      |        
RUN-1001 :        elf_sload        |    off     |       off        |        
RUN-1001 :       fix_undriven      |     0      |        0         |        
RUN-1001 :         flatten         |    off     |       off        |        
RUN-1001 :       gate_sharing      |     on     |        on        |        
RUN-1001 :    hdl_warning_level    |   normal   |      normal      |        
RUN-1001 :   impl_internal_tribuf  |     on     |        on        |        
RUN-1001 :      impl_set_reset     |     on     |        on        |        
RUN-1001 :        infer_gsr        |    off     |       off        |        
RUN-1001 :      keep_hierarchy     |    auto    |       auto       |        
RUN-1001 :        max_fanout       |    9999    |       9999       |        
RUN-1001 :      max_oh2bin_len     |     10     |        10        |        
RUN-1001 :       merge_equal       |     on     |        on        |        
RUN-1001 :       merge_equiv       |     on     |        on        |        
RUN-1001 :        merge_mux        |    off     |       off        |        
RUN-1001 :     min_control_set     |     8      |        8         |        
RUN-1001 :      min_ripple_len     |    auto    |       auto       |        
RUN-1001 :       oh2bin_ratio      |    0.08    |       0.08       |        
RUN-1001 :     opt_adder_fanout    |     on     |        on        |        
RUN-1001 :        opt_arith        |     on     |        on        |        
RUN-1001 :       opt_big_gate      |    off     |       off        |        
RUN-1001 :        opt_const        |     on     |        on        |        
RUN-1001 :      opt_const_mult     |     on     |        on        |        
RUN-1001 :       opt_lessthan      |     on     |        on        |        
RUN-1001 :         opt_mux         |    off     |       off        |        
RUN-1001 :         opt_ram         |    high    |       high       |        
RUN-1001 :      rtl_sim_model      |    off     |       off        |        
RUN-1001 :         seq_syn         |     on     |        on        |        
RUN-1001 : --------------------------------------------------------------
HDL-1007 : analyze verilog file al_ip/clk_wiz_0.v
HDL-1007 : undeclared symbol 'open', assumed default net type 'wire' in al_ip/clk_wiz_0.v(80)
HDL-1007 : analyze verilog file ../RTL/audio_receive.v
HDL-1007 : analyze verilog file ../RTL/audio_send.v
HDL-1007 : analyze verilog file ../RTL/audio_speak.v
HDL-1007 : analyze verilog file ../RTL/es8388_config.v
HDL-1007 : analyze verilog file ../RTL/es8388_ctrl.v
HDL-1007 : analyze verilog file ../RTL/i2c_dri.v
HDL-1007 : analyze verilog file ../RTL/i2c_reg_cfg.v
HDL-1007 : analyze verilog file al_ip/LMS.v
HDL-1007 : analyze verilog file sound_direction_led.v
HDL-1007 : analyze verilog file al_ip/i2s_tx.v
HDL-1007 : analyze verilog file al_ip/direction.v
HDL-1007 : analyze verilog file al_ip/TDOA.v
HDL-1007 : analyze verilog file al_ip/FFT.v
HDL-1007 : analyze verilog file al_ip/bit_reverse.v
HDL-1007 : analyze verilog file al_ip/butterfly.v
HDL-1007 : analyze verilog file al_ip/rom_128x16.v
HDL-1007 : analyze verilog file al_ip/gcc_phat.v
HDL-8007 ERROR: declarations are not allowed in an unnamed block in al_ip/gcc_phat.v(128)
HDL-8007 ERROR: declarations are not allowed in an unnamed block in al_ip/gcc_phat.v(120)
HDL-8007 ERROR: ignore module module due to previous errors in al_ip/gcc_phat.v(1)
HDL-1007 : Verilog file 'al_ip/gcc_phat.v' ignored due to errors
HDL-8007 ERROR: cannot find port 'res_n' on this module in ../RTL/audio_speak.v(223)
HDL-8007 ERROR: cannot find port 'first_data' on this module in ../RTL/audio_speak.v(224)
HDL-8007 ERROR: cannot find port 'second_data' on this module in ../RTL/audio_speak.v(225)
HDL-8007 ERROR: cannot find port 'data_en' on this module in ../RTL/audio_speak.v(226)
HDL-8007 ERROR: cannot find port 'source' on this module in ../RTL/audio_speak.v(227)
RUN-1001 : Print Global Property
RUN-1001 : ---------------------------------------------------------------
RUN-1001 :        Parameters        |  Settings  |  Default Values  |  Note  
RUN-1001 : ---------------------------------------------------------------
RUN-1001 :          message         |  standard  |     standard     |        
RUN-1001 :   mixed_pack_place_flow  |     on     |        on        |        
RUN-1001 :        qor_monitor       |    off     |       off        |        
RUN-1001 :        syn_ip_flow       |    off     |       off        |        
RUN-1001 :          thread          |    auto    |       auto       |        
RUN-1001 : ---------------------------------------------------------------
RUN-1001 : Print Design Property
RUN-1001 : --------------------------------------------------------------
RUN-1001 :        Parameters       |  Settings  |  Default Values  |  Note  
RUN-1001 : --------------------------------------------------------------
RUN-1001 :   default_reg_initial   |    auto    |       auto       |        
RUN-1001 :        infer_add        |     on     |        on        |        
RUN-1001 :        infer_fsm        |    off     |       off        |        
RUN-1001 :        infer_mult       |     on     |        on        |        
RUN-1001 :        infer_ram        |     on     |        on        |        
RUN-1001 :        infer_reg        |     on     |        on        |        
RUN-1001 :   infer_reg_init_value  |     on     |        on        |        
RUN-1001 :        infer_rom        |     on     |        on        |        
RUN-1001 :      infer_shifter      |     on     |        on        |        
RUN-1001 : --------------------------------------------------------------
RUN-1001 : Print Rtl Property
RUN-1001 : --------------------------------------------------------------
RUN-1001 :        Parameters       |  Settings  |  Default Values  |  Note  
RUN-1001 : --------------------------------------------------------------
RUN-1001 :       compress_add      |   ripple   |      ripple      |        
RUN-1001 :        elf_sload        |    off     |       off        |        
RUN-1001 :       fix_undriven      |     0      |        0         |        
RUN-1001 :         flatten         |    off     |       off        |        
RUN-1001 :       gate_sharing      |     on     |        on        |        
RUN-1001 :    hdl_warning_level    |   normal   |      normal      |        
RUN-1001 :   impl_internal_tribuf  |     on     |        on        |        
RUN-1001 :      impl_set_reset     |     on     |        on        |        
RUN-1001 :        infer_gsr        |    off     |       off        |        
RUN-1001 :      keep_hierarchy     |    auto    |       auto       |        
RUN-1001 :        max_fanout       |    9999    |       9999       |        
RUN-1001 :      max_oh2bin_len     |     10     |        10        |        
RUN-1001 :       merge_equal       |     on     |        on        |        
RUN-1001 :       merge_equiv       |     on     |        on        |        
RUN-1001 :        merge_mux        |    off     |       off        |        
RUN-1001 :     min_control_set     |     8      |        8         |        
RUN-1001 :      min_ripple_len     |    auto    |       auto       |        
RUN-1001 :       oh2bin_ratio      |    0.08    |       0.08       |        
RUN-1001 :     opt_adder_fanout    |     on     |        on        |        
RUN-1001 :        opt_arith        |     on     |        on        |        
RUN-1001 :       opt_big_gate      |    off     |       off        |        
RUN-1001 :        opt_const        |     on     |        on        |        
RUN-1001 :      opt_const_mult     |     on     |        on        |        
RUN-1001 :       opt_lessthan      |     on     |        on        |        
RUN-1001 :         opt_mux         |    off     |       off        |        
RUN-1001 :         opt_ram         |    high    |       high       |        
RUN-1001 :      rtl_sim_model      |    off     |       off        |        
RUN-1001 :         seq_syn         |     on     |        on        |        
RUN-1001 : --------------------------------------------------------------
HDL-1007 : analyze verilog file al_ip/clk_wiz_0.v
HDL-1007 : undeclared symbol 'open', assumed default net type 'wire' in al_ip/clk_wiz_0.v(80)
HDL-1007 : analyze verilog file ../RTL/audio_receive.v
HDL-1007 : analyze verilog file ../RTL/audio_send.v
HDL-1007 : analyze verilog file ../RTL/audio_speak.v
HDL-1007 : analyze verilog file ../RTL/es8388_config.v
HDL-1007 : analyze verilog file ../RTL/es8388_ctrl.v
HDL-1007 : analyze verilog file ../RTL/i2c_dri.v
HDL-1007 : analyze verilog file ../RTL/i2c_reg_cfg.v
HDL-1007 : analyze verilog file al_ip/LMS.v
HDL-1007 : analyze verilog file sound_direction_led.v
HDL-1007 : analyze verilog file al_ip/i2s_tx.v
HDL-1007 : analyze verilog file al_ip/direction.v
HDL-1007 : analyze verilog file al_ip/TDOA.v
HDL-1007 : analyze verilog file al_ip/FFT.v
HDL-1007 : analyze verilog file al_ip/bit_reverse.v
HDL-1007 : analyze verilog file al_ip/butterfly.v
HDL-1007 : analyze verilog file al_ip/rom_128x16.v
HDL-1007 : analyze verilog file al_ip/gcc_phat.v
HDL-8007 ERROR: cannot find port 'res_n' on this module in ../RTL/audio_speak.v(223)
HDL-8007 ERROR: cannot find port 'first_data' on this module in ../RTL/audio_speak.v(224)
HDL-8007 ERROR: cannot find port 'second_data' on this module in ../RTL/audio_speak.v(225)
HDL-8007 ERROR: cannot find port 'data_en' on this module in ../RTL/audio_speak.v(226)
HDL-8007 ERROR: cannot find port 'source' on this module in ../RTL/audio_speak.v(227)
RUN-1001 : Print Global Property
RUN-1001 : ---------------------------------------------------------------
RUN-1001 :        Parameters        |  Settings  |  Default Values  |  Note  
RUN-1001 : ---------------------------------------------------------------
RUN-1001 :          message         |  standard  |     standard     |        
RUN-1001 :   mixed_pack_place_flow  |     on     |        on        |        
RUN-1001 :        qor_monitor       |    off     |       off        |        
RUN-1001 :        syn_ip_flow       |    off     |       off        |        
RUN-1001 :          thread          |    auto    |       auto       |        
RUN-1001 : ---------------------------------------------------------------
RUN-1001 : Print Design Property
RUN-1001 : --------------------------------------------------------------
RUN-1001 :        Parameters       |  Settings  |  Default Values  |  Note  
RUN-1001 : --------------------------------------------------------------
RUN-1001 :   default_reg_initial   |    auto    |       auto       |        
RUN-1001 :        infer_add        |     on     |        on        |        
RUN-1001 :        infer_fsm        |    off     |       off        |        
RUN-1001 :        infer_mult       |     on     |        on        |        
RUN-1001 :        infer_ram        |     on     |        on        |        
RUN-1001 :        infer_reg        |     on     |        on        |        
RUN-1001 :   infer_reg_init_value  |     on     |        on        |        
RUN-1001 :        infer_rom        |     on     |        on        |        
RUN-1001 :      infer_shifter      |     on     |        on        |        
RUN-1001 : --------------------------------------------------------------
RUN-1001 : Print Rtl Property
RUN-1001 : --------------------------------------------------------------
RUN-1001 :        Parameters       |  Settings  |  Default Values  |  Note  
RUN-1001 : --------------------------------------------------------------
RUN-1001 :       compress_add      |   ripple   |      ripple      |        
RUN-1001 :        elf_sload        |    off     |       off        |        
RUN-1001 :       fix_undriven      |     0      |        0         |        
RUN-1001 :         flatten         |    off     |       off        |        
RUN-1001 :       gate_sharing      |     on     |        on        |        
RUN-1001 :    hdl_warning_level    |   normal   |      normal      |        
RUN-1001 :   impl_internal_tribuf  |     on     |        on        |        
RUN-1001 :      impl_set_reset     |     on     |        on        |        
RUN-1001 :        infer_gsr        |    off     |       off        |        
RUN-1001 :      keep_hierarchy     |    auto    |       auto       |        
RUN-1001 :        max_fanout       |    9999    |       9999       |        
RUN-1001 :      max_oh2bin_len     |     10     |        10        |        
RUN-1001 :       merge_equal       |     on     |        on        |        
RUN-1001 :       merge_equiv       |     on     |        on        |        
RUN-1001 :        merge_mux        |    off     |       off        |        
RUN-1001 :     min_control_set     |     8      |        8         |        
RUN-1001 :      min_ripple_len     |    auto    |       auto       |        
RUN-1001 :       oh2bin_ratio      |    0.08    |       0.08       |        
RUN-1001 :     opt_adder_fanout    |     on     |        on        |        
RUN-1001 :        opt_arith        |     on     |        on        |        
RUN-1001 :       opt_big_gate      |    off     |       off        |        
RUN-1001 :        opt_const        |     on     |        on        |        
RUN-1001 :      opt_const_mult     |     on     |        on        |        
RUN-1001 :       opt_lessthan      |     on     |        on        |        
RUN-1001 :         opt_mux         |    off     |       off        |        
RUN-1001 :         opt_ram         |    high    |       high       |        
RUN-1001 :      rtl_sim_model      |    off     |       off        |        
RUN-1001 :         seq_syn         |     on     |        on        |        
RUN-1001 : --------------------------------------------------------------
HDL-1007 : analyze verilog file al_ip/clk_wiz_0.v
HDL-1007 : undeclared symbol 'open', assumed default net type 'wire' in al_ip/clk_wiz_0.v(80)
HDL-1007 : analyze verilog file ../RTL/audio_receive.v
HDL-1007 : analyze verilog file ../RTL/audio_send.v
HDL-1007 : analyze verilog file ../RTL/audio_speak.v
HDL-1007 : analyze verilog file ../RTL/es8388_config.v
HDL-1007 : analyze verilog file ../RTL/es8388_ctrl.v
HDL-1007 : analyze verilog file ../RTL/i2c_dri.v
HDL-1007 : analyze verilog file ../RTL/i2c_reg_cfg.v
HDL-1007 : analyze verilog file al_ip/LMS.v
HDL-1007 : analyze verilog file sound_direction_led.v
HDL-1007 : analyze verilog file al_ip/i2s_tx.v
HDL-1007 : analyze verilog file al_ip/direction.v
HDL-1007 : analyze verilog file al_ip/TDOA.v
HDL-1007 : analyze verilog file al_ip/FFT.v
HDL-1007 : analyze verilog file al_ip/bit_reverse.v
HDL-1007 : analyze verilog file al_ip/butterfly.v
HDL-1007 : analyze verilog file al_ip/rom_128x16.v
HDL-1007 : analyze verilog file al_ip/gcc_phat.v
RUN-1001 : reset_run syn_1 phy_1.
GUI-6001 WARNING: File C:/Users/lyw15/Desktop/4S20/es8388/TD/ES8388_Runs/phy_1/ES8388.bit does not exist!
RUN-1001 : launch_runs syn_1 phy_1  -jobs 6.
RUN-6001 WARNING: syn_1: run failed.
HDL-1007 : analyze verilog file ../RTL/audio_speak.v
RUN-1001 : reset_run syn_1 phy_1.
RUN-1001 : launch_runs syn_1 phy_1  -jobs 6.
RUN-6001 WARNING: syn_1: run failed.
HDL-1007 : analyze verilog file ../RTL/audio_speak.v
RUN-1001 : reset_run syn_1 phy_1.
RUN-1001 : launch_runs syn_1 phy_1  -jobs 6.
RUN-6001 WARNING: syn_1: run failed.
HDL-1007 : analyze verilog file ../RTL/audio_speak.v
HDL-8007 ERROR: syntax error near 'non-printable character with the hex value '0xa3'' in ../RTL/audio_speak.v(45)
HDL-1007 : Verilog file '../RTL/audio_speak.v' ignored due to errors
HDL-1007 : analyze verilog file ../RTL/audio_speak.v
RUN-1001 : reset_run syn_1 phy_1.
RUN-1001 : launch_runs syn_1 phy_1  -jobs 6.
RUN-6001 WARNING: syn_1: run failed.
HDL-1007 : analyze verilog file ../RTL/audio_speak.v
RUN-1001 : reset_run syn_1 phy_1.
RUN-1001 : launch_runs syn_1 phy_1  -jobs 6.
RUN-6001 WARNING: syn_1: run failed.
HDL-1007 : analyze verilog file ../RTL/audio_speak.v
RUN-1001 : reset_run syn_1 phy_1.
RUN-1001 : launch_runs syn_1 phy_1  -jobs 6.
RUN-6001 WARNING: syn_1: run failed.
RUN-1001 : reset_run syn_1 phy_1.
RUN-1001 : launch_runs syn_1 phy_1  -jobs 6.
RUN-6001 WARNING: syn_1: run failed.
HDL-1007 : analyze verilog file ../RTL/audio_speak.v
RUN-1001 : reset_run syn_1 phy_1.
RUN-1001 : launch_runs syn_1 phy_1  -jobs 6.
RUN-6001 WARNING: syn_1: run failed.
HDL-1007 : analyze verilog file al_ip/TDOA.v
RUN-1001 : reset_run syn_1 phy_1.
RUN-1001 : launch_runs syn_1 phy_1  -jobs 6.
RUN-6001 WARNING: syn_1: run failed.
HDL-1007 : analyze verilog file al_ip/FFT.v
RUN-1001 : reset_run syn_1 phy_1.
RUN-1001 : launch_runs syn_1 phy_1  -jobs 6.
RUN-1001 : syn_1: run complete.
RUN-6001 WARNING: phy_1: run failed.
RUN-1001 : open_run syn_1.
RUN-1002 : start command "import_db C:/Users/lyw15/Desktop/4S20/es8388/TD/ES8388_Runs/syn_1/ES8388_gate.db"
RUN-1001 : Importing database generated by Tang Dynasty, V5.6.71036.
RUN-1001 : Database version number 46146.
RUN-1001 : Import flow parameters
RUN-1001 : Import IO constraints
RUN-1001 : Import Inst constraints
RUN-1001 : Import design success TD_VERSION=5.6.71036 , DB_VERSION=46146
RUN-1003 : finish command "import_db C:/Users/lyw15/Desktop/4S20/es8388/TD/ES8388_Runs/syn_1/ES8388_gate.db" in  2.531284s wall, 1.953125s user + 0.796875s system = 2.750000s CPU (108.6%)

RUN-1004 : used memory is 878 MB, reserved memory is 1230 MB, peak memory is 964 MB
HDL-1007 : analyze verilog file ../RTL/audio_speak.v
RUN-1001 : reset_run syn_1 phy_1.
RUN-1001 : launch_runs syn_1 phy_1  -jobs 6.
RUN-6001 WARNING: syn_1: run failed.
HDL-1007 : analyze verilog file ../RTL/audio_speak.v
RUN-1001 : reset_run syn_1 phy_1.
RUN-1001 : launch_runs syn_1 phy_1  -jobs 6.
RUN-1001 : syn_1: run complete.
RUN-1001 : phy_1: run complete.
RUN-1001 : open_run phy_1.
RUN-1002 : start command "import_db C:/Users/lyw15/Desktop/4S20/es8388/TD/ES8388_Runs/phy_1/ES8388_pr.db"
RUN-1001 : Importing database generated by Tang Dynasty, V5.6.71036.
RUN-1001 : Database version number 46146.
RUN-1001 : Import flow parameters
PHY-1001 : Generate detailed routing grids ...
PHY-1001 : Processed IO instance aud_dacdat_syn_4 with INV attribute.
PHY-1001 : Processed IO instance aud_dacdat_1_syn_4 with INV attribute.
PHY-1001 : Processed IO instance aud_dacdat_2_syn_4 with INV attribute.
PHY-1001 : Generate nets ...
PHY-1001 : clock net aud_bclk_syn_4 will be merged with clock aud_bclk_dup_1
PHY-1001 : clock net aud_bclk_1_syn_4 will be merged with clock aud_bclk_1_dup_1
PHY-1001 : net aud_bclk_2_dup_1 will be routed on clock mesh
PHY-1001 : net aud_mclk_dup_1 will be routed on clock mesh
PHY-1001 : net aud_mclk_1_dup_1 will be routed on clock mesh
PHY-1001 : net aud_mclk_2_dup_1 will be routed on clock mesh
PHY-1001 : clock net ilaclk_dup_1 will be merged with clock u_pll_clk/clk0_buf
PHY-1001 : clock net ilaclk_1_dup_1 will be merged with clock u1_pll_clk/clk0_buf
PHY-1001 : clock net ilaclk_2_dup_1 will be merged with clock u2_pll_clk/clk0_buf
PHY-1001 : net sys_clk_dup_1 will be routed on clock mesh
PHY-1001 : clock net show/sample_clk_syn_4 will be merged with clock show/sample_clk
PHY-1001 : clock net u_es8388_ctrl/u_es8388_config/u_i2c_dri/dri_clk_syn_4 will be merged with clock u_es8388_ctrl/u_es8388_config/u_i2c_dri/dri_clk
PHY-1001 : clock net u1_es8388_ctrl/u_es8388_config/u_i2c_dri/dri_clk_syn_4 will be merged with clock u1_es8388_ctrl/u_es8388_config/u_i2c_dri/dri_clk
PHY-1001 : clock net u2_es8388_ctrl/u_es8388_config/u_i2c_dri/dri_clk_syn_4 will be merged with clock u2_es8388_ctrl/u_es8388_config/u_i2c_dri/dri_clk
PHY-1001 : eco open net = 0
PHY-1001 : 8 feed throughs used by 7 nets
RUN-1001 : Import IO constraints
RUN-1001 : Import Inst constraints
RUN-1001 : Import design success TD_VERSION=5.6.71036 , DB_VERSION=46146
RUN-1002 : start command "download -bit ES8388_Runs\phy_1\ES8388.bit -mode jtag -spd 7 -sec 64 -cable 0"
PRG-2014 : Chip validation success: EAGLE_S20_BG256
RUN-1002 : start command "bit_to_vec -chip EAGLE_S20_BG256 -m jtag_burst -freq 4 -bit ES8388_Runs/phy_1/ES8388.bit"
RUN-1002 : start command "program -cable 0 -mode svf -spd 7 -p"
RUN-1003 : finish command "program -cable 0 -mode svf -spd 7 -p" in  6.350485s wall, 0.156250s user + 0.906250s system = 1.062500s CPU (16.7%)

RUN-1004 : used memory is 950 MB, reserved memory is 1234 MB, peak memory is 968 MB
RUN-1003 : finish command "download -bit ES8388_Runs\phy_1\ES8388.bit -mode jtag -spd 7 -sec 64 -cable 0" in  6.562222s wall, 0.250000s user + 0.953125s system = 1.203125s CPU (18.3%)

RUN-1004 : used memory is 950 MB, reserved memory is 1234 MB, peak memory is 968 MB
GUI-1001 : Downloading succeeded!
RUN-1002 : start command "download -bit ES8388_Runs\phy_1\ES8388.bit -mode jtag -spd 7 -sec 64 -cable 0"
PRG-2014 : Chip validation success: EAGLE_S20_BG256
RUN-1002 : start command "bit_to_vec -chip EAGLE_S20_BG256 -m jtag_burst -freq 4 -bit ES8388_Runs/phy_1/ES8388.bit"
RUN-1002 : start command "program -cable 0 -mode svf -spd 7 -p"
RUN-1003 : finish command "program -cable 0 -mode svf -spd 7 -p" in  6.373810s wall, 0.187500s user + 0.843750s system = 1.031250s CPU (16.2%)

RUN-1004 : used memory is 799 MB, reserved memory is 1234 MB, peak memory is 968 MB
RUN-1003 : finish command "download -bit ES8388_Runs\phy_1\ES8388.bit -mode jtag -spd 7 -sec 64 -cable 0" in  6.587792s wall, 0.250000s user + 0.875000s system = 1.125000s CPU (17.1%)

RUN-1004 : used memory is 799 MB, reserved memory is 1234 MB, peak memory is 968 MB
GUI-1001 : Downloading succeeded!
HDL-1007 : analyze verilog file sound_direction_led.v
RUN-1001 : reset_run syn_1 phy_1.
GUI-6001 WARNING: File C:/Users/lyw15/Desktop/4S20/es8388/TD/ES8388_Runs/phy_1/ES8388.bit does not exist!
RUN-1001 : launch_runs syn_1 phy_1  -jobs 6.
RUN-1001 : syn_1: run complete.
RUN-1001 : phy_1: run complete.
RUN-1001 : open_run phy_1.
RUN-1002 : start command "import_db C:/Users/lyw15/Desktop/4S20/es8388/TD/ES8388_Runs/phy_1/ES8388_pr.db"
RUN-1001 : Importing database generated by Tang Dynasty, V5.6.71036.
RUN-1001 : Database version number 46146.
RUN-1001 : Import flow parameters
PHY-1001 : Generate detailed routing grids ...
PHY-1001 : Processed IO instance aud_dacdat_syn_4 with INV attribute.
PHY-1001 : Processed IO instance aud_dacdat_1_syn_4 with INV attribute.
PHY-1001 : Processed IO instance aud_dacdat_2_syn_4 with INV attribute.
PHY-1001 : Generate nets ...
PHY-1001 : clock net aud_bclk_syn_4 will be merged with clock aud_bclk_dup_1
PHY-1001 : clock net aud_bclk_1_syn_4 will be merged with clock aud_bclk_1_dup_1
PHY-1001 : net aud_bclk_2_dup_1 will be routed on clock mesh
PHY-1001 : net aud_mclk_dup_1 will be routed on clock mesh
PHY-1001 : net aud_mclk_1_dup_1 will be routed on clock mesh
PHY-1001 : net aud_mclk_2_dup_1 will be routed on clock mesh
PHY-1001 : clock net ilaclk_dup_1 will be merged with clock u_pll_clk/clk0_buf
PHY-1001 : clock net ilaclk_1_dup_1 will be merged with clock u1_pll_clk/clk0_buf
PHY-1001 : clock net ilaclk_2_dup_1 will be merged with clock u2_pll_clk/clk0_buf
PHY-1001 : net sys_clk_dup_1 will be routed on clock mesh
PHY-1001 : clock net show/sample_clk_syn_4 will be merged with clock show/sample_clk
PHY-1001 : clock net u_es8388_ctrl/u_es8388_config/u_i2c_dri/dri_clk_syn_4 will be merged with clock u_es8388_ctrl/u_es8388_config/u_i2c_dri/dri_clk
PHY-1001 : clock net u1_es8388_ctrl/u_es8388_config/u_i2c_dri/dri_clk_syn_4 will be merged with clock u1_es8388_ctrl/u_es8388_config/u_i2c_dri/dri_clk
PHY-1001 : clock net u2_es8388_ctrl/u_es8388_config/u_i2c_dri/dri_clk_syn_4 will be merged with clock u2_es8388_ctrl/u_es8388_config/u_i2c_dri/dri_clk
PHY-1001 : eco open net = 0
PHY-1001 : 8 feed throughs used by 7 nets
RUN-1001 : Import IO constraints
RUN-1001 : Import Inst constraints
RUN-1001 : Import design success TD_VERSION=5.6.71036 , DB_VERSION=46146
RUN-1002 : start command "download -bit ES8388_Runs\phy_1\ES8388.bit -mode jtag -spd 7 -sec 64 -cable 0"
PRG-2014 : Chip validation success: EAGLE_S20_BG256
RUN-1002 : start command "bit_to_vec -chip EAGLE_S20_BG256 -m jtag_burst -freq 4 -bit ES8388_Runs/phy_1/ES8388.bit"
RUN-1002 : start command "program -cable 0 -mode svf -spd 7 -p"
RUN-1003 : finish command "program -cable 0 -mode svf -spd 7 -p" in  6.457132s wall, 0.171875s user + 1.062500s system = 1.234375s CPU (19.1%)

RUN-1004 : used memory is 826 MB, reserved memory is 1236 MB, peak memory is 968 MB
RUN-1003 : finish command "download -bit ES8388_Runs\phy_1\ES8388.bit -mode jtag -spd 7 -sec 64 -cable 0" in  6.656546s wall, 0.218750s user + 1.109375s system = 1.328125s CPU (20.0%)

RUN-1004 : used memory is 826 MB, reserved memory is 1236 MB, peak memory is 968 MB
GUI-1001 : Downloading succeeded!
HDL-1007 : analyze verilog file sound_direction_led.v
RUN-1001 : reset_run syn_1 phy_1.
GUI-6001 WARNING: File C:/Users/lyw15/Desktop/4S20/es8388/TD/ES8388_Runs/phy_1/ES8388.bit does not exist!
RUN-1001 : launch_runs syn_1 phy_1  -jobs 6.
RUN-1001 : syn_1: run complete.
RUN-1001 : phy_1: run complete.
RUN-1001 : open_run phy_1.
RUN-1002 : start command "import_db C:/Users/lyw15/Desktop/4S20/es8388/TD/ES8388_Runs/phy_1/ES8388_pr.db"
RUN-1001 : Importing database generated by Tang Dynasty, V5.6.71036.
RUN-1001 : Database version number 46146.
RUN-1001 : Import flow parameters
PHY-1001 : Generate detailed routing grids ...
PHY-1001 : Processed IO instance aud_dacdat_syn_4 with INV attribute.
PHY-1001 : Processed IO instance aud_dacdat_1_syn_4 with INV attribute.
PHY-1001 : Processed IO instance aud_dacdat_2_syn_4 with INV attribute.
PHY-1001 : Generate nets ...
PHY-1001 : clock net aud_bclk_syn_4 will be merged with clock aud_bclk_dup_1
PHY-1001 : clock net aud_bclk_1_syn_4 will be merged with clock aud_bclk_1_dup_1
PHY-1001 : net aud_bclk_2_dup_1 will be routed on clock mesh
PHY-1001 : net aud_mclk_dup_1 will be routed on clock mesh
PHY-1001 : net aud_mclk_1_dup_1 will be routed on clock mesh
PHY-1001 : net aud_mclk_2_dup_1 will be routed on clock mesh
PHY-1001 : clock net ilaclk_dup_1 will be merged with clock u_pll_clk/clk0_buf
PHY-1001 : clock net ilaclk_1_dup_1 will be merged with clock u1_pll_clk/clk0_buf
PHY-1001 : clock net ilaclk_2_dup_1 will be merged with clock u2_pll_clk/clk0_buf
PHY-1001 : net sys_clk_dup_1 will be routed on clock mesh
PHY-1001 : clock net show/sample_clk_syn_4 will be merged with clock show/sample_clk
PHY-1001 : clock net u_es8388_ctrl/u_es8388_config/u_i2c_dri/dri_clk_syn_4 will be merged with clock u_es8388_ctrl/u_es8388_config/u_i2c_dri/dri_clk
PHY-1001 : clock net u1_es8388_ctrl/u_es8388_config/u_i2c_dri/dri_clk_syn_4 will be merged with clock u1_es8388_ctrl/u_es8388_config/u_i2c_dri/dri_clk
PHY-1001 : clock net u2_es8388_ctrl/u_es8388_config/u_i2c_dri/dri_clk_syn_4 will be merged with clock u2_es8388_ctrl/u_es8388_config/u_i2c_dri/dri_clk
PHY-1001 : eco open net = 0
PHY-1001 : 9 feed throughs used by 9 nets
RUN-1001 : Import IO constraints
RUN-1001 : Import Inst constraints
RUN-1001 : Import design success TD_VERSION=5.6.71036 , DB_VERSION=46146
RUN-1002 : start command "download -bit ES8388_Runs\phy_1\ES8388.bit -mode jtag -spd 7 -sec 64 -cable 0"
PRG-2014 : Chip validation success: EAGLE_S20_BG256
RUN-1002 : start command "bit_to_vec -chip EAGLE_S20_BG256 -m jtag_burst -freq 4 -bit ES8388_Runs/phy_1/ES8388.bit"
RUN-1002 : start command "program -cable 0 -mode svf -spd 7 -p"
RUN-1003 : finish command "program -cable 0 -mode svf -spd 7 -p" in  6.356660s wall, 0.296875s user + 0.718750s system = 1.015625s CPU (16.0%)

RUN-1004 : used memory is 827 MB, reserved memory is 1246 MB, peak memory is 968 MB
RUN-1003 : finish command "download -bit ES8388_Runs\phy_1\ES8388.bit -mode jtag -spd 7 -sec 64 -cable 0" in  6.568449s wall, 0.359375s user + 0.750000s system = 1.109375s CPU (16.9%)

RUN-1004 : used memory is 827 MB, reserved memory is 1246 MB, peak memory is 968 MB
GUI-1001 : Downloading succeeded!
RUN-1001 : Print Global Property
RUN-1001 : ---------------------------------------------------------------
RUN-1001 :        Parameters        |  Settings  |  Default Values  |  Note  
RUN-1001 : ---------------------------------------------------------------
RUN-1001 :          message         |  standard  |     standard     |        
RUN-1001 :   mixed_pack_place_flow  |     on     |        on        |        
RUN-1001 :        qor_monitor       |    off     |       off        |        
RUN-1001 :        syn_ip_flow       |    off     |       off        |        
RUN-1001 :          thread          |    auto    |       auto       |        
RUN-1001 : ---------------------------------------------------------------
RUN-1001 : Print Design Property
RUN-1001 : --------------------------------------------------------------
RUN-1001 :        Parameters       |  Settings  |  Default Values  |  Note  
RUN-1001 : --------------------------------------------------------------
RUN-1001 :   default_reg_initial   |    auto    |       auto       |        
RUN-1001 :        infer_add        |     on     |        on        |        
RUN-1001 :        infer_fsm        |    off     |       off        |        
RUN-1001 :        infer_mult       |     on     |        on        |        
RUN-1001 :        infer_ram        |     on     |        on        |        
RUN-1001 :        infer_reg        |     on     |        on        |        
RUN-1001 :   infer_reg_init_value  |     on     |        on        |        
RUN-1001 :        infer_rom        |     on     |        on        |        
RUN-1001 :      infer_shifter      |     on     |        on        |        
RUN-1001 : --------------------------------------------------------------
RUN-1001 : Print Rtl Property
RUN-1001 : --------------------------------------------------------------
RUN-1001 :        Parameters       |  Settings  |  Default Values  |  Note  
RUN-1001 : --------------------------------------------------------------
RUN-1001 :       compress_add      |   ripple   |      ripple      |        
RUN-1001 :        elf_sload        |    off     |       off        |        
RUN-1001 :       fix_undriven      |     0      |        0         |        
RUN-1001 :         flatten         |    off     |       off        |        
RUN-1001 :       gate_sharing      |     on     |        on        |        
RUN-1001 :    hdl_warning_level    |   normal   |      normal      |        
RUN-1001 :   impl_internal_tribuf  |     on     |        on        |        
RUN-1001 :      impl_set_reset     |     on     |        on        |        
RUN-1001 :        infer_gsr        |    off     |       off        |        
RUN-1001 :      keep_hierarchy     |    auto    |       auto       |        
RUN-1001 :        max_fanout       |    9999    |       9999       |        
RUN-1001 :      max_oh2bin_len     |     10     |        10        |        
RUN-1001 :       merge_equal       |     on     |        on        |        
RUN-1001 :       merge_equiv       |     on     |        on        |        
RUN-1001 :        merge_mux        |    off     |       off        |        
RUN-1001 :     min_control_set     |     8      |        8         |        
RUN-1001 :      min_ripple_len     |    auto    |       auto       |        
RUN-1001 :       oh2bin_ratio      |    0.08    |       0.08       |        
RUN-1001 :     opt_adder_fanout    |     on     |        on        |        
RUN-1001 :        opt_arith        |     on     |        on        |        
RUN-1001 :       opt_big_gate      |    off     |       off        |        
RUN-1001 :        opt_const        |     on     |        on        |        
RUN-1001 :      opt_const_mult     |     on     |        on        |        
RUN-1001 :       opt_lessthan      |     on     |        on        |        
RUN-1001 :         opt_mux         |    off     |       off        |        
RUN-1001 :         opt_ram         |    high    |       high       |        
RUN-1001 :      rtl_sim_model      |    off     |       off        |        
RUN-1001 :         seq_syn         |     on     |        on        |        
RUN-1001 : --------------------------------------------------------------
HDL-1007 : analyze verilog file al_ip/cross_correlate.v
HDL-1007 : analyze verilog file al_ip/cross_correlate.v
HDL-8007 ERROR: syntax error near 'i' in al_ip/cross_correlate.v(22)
HDL-5007 WARNING: 'i' is not declared in al_ip/cross_correlate.v(23)
HDL-5007 WARNING: 'i' is not declared in al_ip/cross_correlate.v(23)
HDL-5007 WARNING: 'i' is not declared in al_ip/cross_correlate.v(23)
HDL-5007 WARNING: 'i' is not declared in al_ip/cross_correlate.v(23)
HDL-5007 WARNING: 'i' is not declared in al_ip/cross_correlate.v(24)
HDL-8007 ERROR: ignore module module due to previous errors in al_ip/cross_correlate.v(1)
HDL-1007 : Verilog file 'al_ip/cross_correlate.v' ignored due to errors
RUN-1001 : Print Global Property
RUN-1001 : ---------------------------------------------------------------
RUN-1001 :        Parameters        |  Settings  |  Default Values  |  Note  
RUN-1001 : ---------------------------------------------------------------
RUN-1001 :          message         |  standard  |     standard     |        
RUN-1001 :   mixed_pack_place_flow  |     on     |        on        |        
RUN-1001 :        qor_monitor       |    off     |       off        |        
RUN-1001 :        syn_ip_flow       |    off     |       off        |        
RUN-1001 :          thread          |    auto    |       auto       |        
RUN-1001 : ---------------------------------------------------------------
RUN-1001 : Print Design Property
RUN-1001 : --------------------------------------------------------------
RUN-1001 :        Parameters       |  Settings  |  Default Values  |  Note  
RUN-1001 : --------------------------------------------------------------
RUN-1001 :   default_reg_initial   |    auto    |       auto       |        
RUN-1001 :        infer_add        |     on     |        on        |        
RUN-1001 :        infer_fsm        |    off     |       off        |        
RUN-1001 :        infer_mult       |     on     |        on        |        
RUN-1001 :        infer_ram        |     on     |        on        |        
RUN-1001 :        infer_reg        |     on     |        on        |        
RUN-1001 :   infer_reg_init_value  |     on     |        on        |        
RUN-1001 :        infer_rom        |     on     |        on        |        
RUN-1001 :      infer_shifter      |     on     |        on        |        
RUN-1001 : --------------------------------------------------------------
RUN-1001 : Print Rtl Property
RUN-1001 : --------------------------------------------------------------
RUN-1001 :        Parameters       |  Settings  |  Default Values  |  Note  
RUN-1001 : --------------------------------------------------------------
RUN-1001 :       compress_add      |   ripple   |      ripple      |        
RUN-1001 :        elf_sload        |    off     |       off        |        
RUN-1001 :       fix_undriven      |     0      |        0         |        
RUN-1001 :         flatten         |    off     |       off        |        
RUN-1001 :       gate_sharing      |     on     |        on        |        
RUN-1001 :    hdl_warning_level    |   normal   |      normal      |        
RUN-1001 :   impl_internal_tribuf  |     on     |        on        |        
RUN-1001 :      impl_set_reset     |     on     |        on        |        
RUN-1001 :        infer_gsr        |    off     |       off        |        
RUN-1001 :      keep_hierarchy     |    auto    |       auto       |        
RUN-1001 :        max_fanout       |    9999    |       9999       |        
RUN-1001 :      max_oh2bin_len     |     10     |        10        |        
RUN-1001 :       merge_equal       |     on     |        on        |        
RUN-1001 :       merge_equiv       |     on     |        on        |        
RUN-1001 :        merge_mux        |    off     |       off        |        
RUN-1001 :     min_control_set     |     8      |        8         |        
RUN-1001 :      min_ripple_len     |    auto    |       auto       |        
RUN-1001 :       oh2bin_ratio      |    0.08    |       0.08       |        
RUN-1001 :     opt_adder_fanout    |     on     |        on        |        
RUN-1001 :        opt_arith        |     on     |        on        |        
RUN-1001 :       opt_big_gate      |    off     |       off        |        
RUN-1001 :        opt_const        |     on     |        on        |        
RUN-1001 :      opt_const_mult     |     on     |        on        |        
RUN-1001 :       opt_lessthan      |     on     |        on        |        
RUN-1001 :         opt_mux         |    off     |       off        |        
RUN-1001 :         opt_ram         |    high    |       high       |        
RUN-1001 :      rtl_sim_model      |    off     |       off        |        
RUN-1001 :         seq_syn         |     on     |        on        |        
RUN-1001 : --------------------------------------------------------------
HDL-1007 : analyze verilog file al_ip/tdoa_location.v
HDL-1007 : analyze verilog file al_ip/tdoa_location.v
HDL-8007 ERROR: syntax error near 'non-printable character with the hex value '0xe5'' in al_ip/tdoa_location.v(6)
HDL-1007 : Verilog file 'al_ip/tdoa_location.v' ignored due to errors
HDL-1007 : analyze verilog file al_ip/tdoa_location.v
HDL-1007 : analyze verilog file al_ip/cross_correlate.v
HDL-8007 ERROR: syntax error near 'i' in al_ip/cross_correlate.v(22)
HDL-5007 WARNING: 'i' is not declared in al_ip/cross_correlate.v(23)
HDL-5007 WARNING: 'i' is not declared in al_ip/cross_correlate.v(23)
HDL-5007 WARNING: 'i' is not declared in al_ip/cross_correlate.v(23)
HDL-5007 WARNING: 'i' is not declared in al_ip/cross_correlate.v(23)
HDL-5007 WARNING: 'i' is not declared in al_ip/cross_correlate.v(24)
HDL-8007 ERROR: ignore module module due to previous errors in al_ip/cross_correlate.v(1)
HDL-1007 : Verilog file 'al_ip/cross_correlate.v' ignored due to errors
HDL-1007 : analyze verilog file al_ip/cross_correlate.v
HDL-8007 ERROR: syntax error near 'i' in al_ip/cross_correlate.v(22)
HDL-5007 WARNING: 'i' is not declared in al_ip/cross_correlate.v(23)
HDL-5007 WARNING: 'i' is not declared in al_ip/cross_correlate.v(23)
HDL-5007 WARNING: 'i' is not declared in al_ip/cross_correlate.v(23)
HDL-5007 WARNING: 'i' is not declared in al_ip/cross_correlate.v(23)
HDL-5007 WARNING: 'i' is not declared in al_ip/cross_correlate.v(24)
HDL-8007 ERROR: ignore module module due to previous errors in al_ip/cross_correlate.v(1)
HDL-1007 : Verilog file 'al_ip/cross_correlate.v' ignored due to errors
HDL-1007 : analyze verilog file al_ip/cross_correlate.v
HDL-1007 : analyze verilog file ../RTL/audio_speak.v
HDL-1007 : undeclared symbol 'clk', assumed default net type 'wire' in ../RTL/audio_speak.v(236)
HDL-1007 : undeclared symbol 'rst_n', assumed default net type 'wire' in ../RTL/audio_speak.v(237)
HDL-1007 : undeclared symbol 'mic1_data', assumed default net type 'wire' in ../RTL/audio_speak.v(238)
HDL-1007 : undeclared symbol 'mic2_data', assumed default net type 'wire' in ../RTL/audio_speak.v(239)
HDL-1007 : undeclared symbol 'data_valid', assumed default net type 'wire' in ../RTL/audio_speak.v(240)
HDL-1007 : undeclared symbol 'max_corr', assumed default net type 'wire' in ../RTL/audio_speak.v(241)
HDL-1007 : undeclared symbol 'tdoa_cnt', assumed default net type 'wire' in ../RTL/audio_speak.v(242)
HDL-1007 : undeclared symbol 'source_dist', assumed default net type 'wire' in ../RTL/audio_speak.v(250)
HDL-1007 : analyze verilog file al_ip/tdoa_location.v
HDL-1007 : analyze verilog file ../RTL/audio_speak.v
HDL-8007 ERROR: syntax error near ')' in ../RTL/audio_speak.v(48)
HDL-1007 : Verilog file '../RTL/audio_speak.v' ignored due to errors
HDL-1007 : analyze verilog file ../RTL/audio_speak.v
HDL-8007 ERROR: syntax error near ')' in ../RTL/audio_speak.v(48)
HDL-1007 : Verilog file '../RTL/audio_speak.v' ignored due to errors
HDL-1007 : analyze verilog file ../RTL/audio_speak.v
HDL-8007 ERROR: syntax error near ')' in ../RTL/audio_speak.v(48)
HDL-1007 : Verilog file '../RTL/audio_speak.v' ignored due to errors
HDL-1007 : analyze verilog file ../RTL/audio_speak.v
HDL-8007 ERROR: syntax error near 'output' in ../RTL/audio_speak.v(47)
HDL-8007 ERROR: Verilog 2000 keyword 'output' used in incorrect context in ../RTL/audio_speak.v(47)
HDL-1007 : Verilog file '../RTL/audio_speak.v' ignored due to errors
HDL-1007 : analyze verilog file ../RTL/audio_speak.v
HDL-1007 : undeclared symbol 'clk', assumed default net type 'wire' in ../RTL/audio_speak.v(236)
HDL-1007 : undeclared symbol 'mic1_data', assumed default net type 'wire' in ../RTL/audio_speak.v(238)
HDL-1007 : undeclared symbol 'mic2_data', assumed default net type 'wire' in ../RTL/audio_speak.v(239)
HDL-1007 : undeclared symbol 'data_valid', assumed default net type 'wire' in ../RTL/audio_speak.v(240)
HDL-1007 : undeclared symbol 'max_corr', assumed default net type 'wire' in ../RTL/audio_speak.v(241)
HDL-1007 : undeclared symbol 'tdoa_cnt', assumed default net type 'wire' in ../RTL/audio_speak.v(242)
HDL-1007 : undeclared symbol 'source_dist', assumed default net type 'wire' in ../RTL/audio_speak.v(250)
HDL-1007 : analyze verilog file ../RTL/audio_speak.v
HDL-1007 : undeclared symbol 'clk', assumed default net type 'wire' in ../RTL/audio_speak.v(236)
HDL-1007 : undeclared symbol 'mic1_data', assumed default net type 'wire' in ../RTL/audio_speak.v(238)
HDL-1007 : undeclared symbol 'mic2_data', assumed default net type 'wire' in ../RTL/audio_speak.v(239)
HDL-1007 : undeclared symbol 'data_valid', assumed default net type 'wire' in ../RTL/audio_speak.v(240)
HDL-1007 : undeclared symbol 'max_corr', assumed default net type 'wire' in ../RTL/audio_speak.v(241)
HDL-1007 : undeclared symbol 'tdoa_cnt', assumed default net type 'wire' in ../RTL/audio_speak.v(242)
HDL-1007 : analyze verilog file ../RTL/audio_speak.v
HDL-1007 : undeclared symbol 'clk', assumed default net type 'wire' in ../RTL/audio_speak.v(236)
HDL-1007 : undeclared symbol 'data_valid', assumed default net type 'wire' in ../RTL/audio_speak.v(240)
HDL-1007 : undeclared symbol 'max_corr', assumed default net type 'wire' in ../RTL/audio_speak.v(241)
HDL-1007 : undeclared symbol 'tdoa_cnt', assumed default net type 'wire' in ../RTL/audio_speak.v(242)
HDL-1007 : analyze verilog file ../RTL/audio_speak.v
HDL-1007 : undeclared symbol 'clk', assumed default net type 'wire' in ../RTL/audio_speak.v(236)
HDL-1007 : undeclared symbol 'max_corr', assumed default net type 'wire' in ../RTL/audio_speak.v(241)
HDL-1007 : undeclared symbol 'tdoa_cnt', assumed default net type 'wire' in ../RTL/audio_speak.v(242)
RUN-1001 : reset_run syn_1 phy_1.
GUI-6001 WARNING: File C:/Users/lyw15/Desktop/4S20/es8388/TD/ES8388_Runs/phy_1/ES8388.bit does not exist!
RUN-1001 : launch_runs syn_1 phy_1  -jobs 6.
RUN-1001 : syn_1: run complete.
RUN-1001 : phy_1: run complete.
RUN-1001 : open_run phy_1.
RUN-1002 : start command "import_db C:/Users/lyw15/Desktop/4S20/es8388/TD/ES8388_Runs/phy_1/ES8388_pr.db"
RUN-1001 : Importing database generated by Tang Dynasty, V5.6.71036.
RUN-1001 : Database version number 46146.
RUN-1001 : Import flow parameters
PHY-1001 : Generate detailed routing grids ...
PHY-1001 : Processed IO instance aud_dacdat_syn_4 with INV attribute.
PHY-1001 : Processed IO instance aud_dacdat_1_syn_4 with INV attribute.
PHY-1001 : Processed IO instance aud_dacdat_2_syn_4 with INV attribute.
PHY-1001 : Generate nets ...
PHY-1001 : clock net aud_bclk_syn_4 will be merged with clock aud_bclk_dup_1
PHY-1001 : clock net aud_bclk_1_syn_4 will be merged with clock aud_bclk_1_dup_1
PHY-1001 : net aud_bclk_2_dup_1 will be routed on clock mesh
PHY-1001 : net aud_mclk_dup_1 will be routed on clock mesh
PHY-1001 : net aud_mclk_1_dup_1 will be routed on clock mesh
PHY-1001 : net aud_mclk_2_dup_1 will be routed on clock mesh
PHY-1001 : clock net ilaclk_dup_1 will be merged with clock u_pll_clk/clk0_buf
PHY-1001 : clock net ilaclk_1_dup_1 will be merged with clock u1_pll_clk/clk0_buf
PHY-1001 : clock net ilaclk_2_dup_1 will be merged with clock u2_pll_clk/clk0_buf
PHY-1001 : net sys_clk_dup_1 will be routed on clock mesh
PHY-1001 : clock net u1_es8388_ctrl/u_es8388_config/u_i2c_dri/dri_clk_syn_4 will be merged with clock u1_es8388_ctrl/u_es8388_config/u_i2c_dri/dri_clk
PHY-1001 : clock net u_es8388_ctrl/u_es8388_config/u_i2c_dri/dri_clk_syn_4 will be merged with clock u_es8388_ctrl/u_es8388_config/u_i2c_dri/dri_clk
PHY-1001 : clock net u2_es8388_ctrl/u_es8388_config/u_i2c_dri/dri_clk_syn_4 will be merged with clock u2_es8388_ctrl/u_es8388_config/u_i2c_dri/dri_clk
PHY-1001 : eco open net = 0
PHY-1001 : 16 feed throughs used by 15 nets
RUN-1001 : Import IO constraints
RUN-1001 : Import Inst constraints
RUN-1001 : Import design success TD_VERSION=5.6.71036 , DB_VERSION=46146
RUN-1003 : finish command "import_db C:/Users/lyw15/Desktop/4S20/es8388/TD/ES8388_Runs/phy_1/ES8388_pr.db" in  1.013510s wall, 0.687500s user + 0.312500s system = 1.000000s CPU (98.7%)

RUN-1004 : used memory is 732 MB, reserved memory is 1289 MB, peak memory is 968 MB
RUN-1002 : start command "download -bit ES8388_Runs\phy_1\ES8388.bit -mode jtag -spd 7 -sec 64 -cable 0"
PRG-2014 : Chip validation success: EAGLE_S20_BG256
RUN-1002 : start command "bit_to_vec -chip EAGLE_S20_BG256 -m jtag_burst -freq 4 -bit ES8388_Runs/phy_1/ES8388.bit"
RUN-1002 : start command "program -cable 0 -mode svf -spd 7 -p"
RUN-1003 : finish command "program -cable 0 -mode svf -spd 7 -p" in  6.387527s wall, 0.125000s user + 0.859375s system = 0.984375s CPU (15.4%)

RUN-1004 : used memory is 744 MB, reserved memory is 1289 MB, peak memory is 968 MB
RUN-1003 : finish command "download -bit ES8388_Runs\phy_1\ES8388.bit -mode jtag -spd 7 -sec 64 -cable 0" in  6.594626s wall, 0.203125s user + 0.890625s system = 1.093750s CPU (16.6%)

RUN-1004 : used memory is 744 MB, reserved memory is 1289 MB, peak memory is 968 MB
GUI-1001 : Downloading succeeded!
HDL-1007 : analyze verilog file ../RTL/audio_speak.v
HDL-1007 : undeclared symbol 'clk', assumed default net type 'wire' in ../RTL/audio_speak.v(239)
RUN-1001 : reset_run syn_1 phy_1.
GUI-6001 WARNING: File C:/Users/lyw15/Desktop/4S20/es8388/TD/ES8388_Runs/phy_1/ES8388.bit does not exist!
RUN-1001 : launch_runs syn_1 phy_1  -jobs 6.
RUN-1001 : syn_1: run complete.
RUN-1001 : phy_1: run complete.
RUN-1001 : open_run phy_1.
RUN-1002 : start command "import_db C:/Users/lyw15/Desktop/4S20/es8388/TD/ES8388_Runs/phy_1/ES8388_pr.db"
RUN-1001 : Importing database generated by Tang Dynasty, V5.6.71036.
RUN-1001 : Database version number 46146.
RUN-1001 : Import flow parameters
PHY-1001 : Generate detailed routing grids ...
PHY-1001 : Processed IO instance aud_dacdat_syn_4 with INV attribute.
PHY-1001 : Processed IO instance aud_dacdat_1_syn_4 with INV attribute.
PHY-1001 : Processed IO instance aud_dacdat_2_syn_4 with INV attribute.
PHY-1001 : Generate nets ...
PHY-1001 : clock net aud_bclk_syn_4 will be merged with clock aud_bclk_dup_1
PHY-1001 : clock net aud_bclk_1_syn_4 will be merged with clock aud_bclk_1_dup_1
PHY-1001 : net aud_bclk_2_dup_1 will be routed on clock mesh
PHY-1001 : net aud_mclk_dup_1 will be routed on clock mesh
PHY-1001 : net aud_mclk_1_dup_1 will be routed on clock mesh
PHY-1001 : net aud_mclk_2_dup_1 will be routed on clock mesh
PHY-1001 : clock net ilaclk_dup_1 will be merged with clock u_pll_clk/clk0_buf
PHY-1001 : clock net ilaclk_1_dup_1 will be merged with clock u1_pll_clk/clk0_buf
PHY-1001 : clock net ilaclk_2_dup_1 will be merged with clock u2_pll_clk/clk0_buf
PHY-1001 : net sys_clk_dup_1 will be routed on clock mesh
PHY-1001 : clock net u1_es8388_ctrl/u_es8388_config/u_i2c_dri/dri_clk_syn_4 will be merged with clock u1_es8388_ctrl/u_es8388_config/u_i2c_dri/dri_clk
PHY-1001 : clock net u_es8388_ctrl/u_es8388_config/u_i2c_dri/dri_clk_syn_4 will be merged with clock u_es8388_ctrl/u_es8388_config/u_i2c_dri/dri_clk
PHY-1001 : clock net u2_es8388_ctrl/u_es8388_config/u_i2c_dri/dri_clk_syn_4 will be merged with clock u2_es8388_ctrl/u_es8388_config/u_i2c_dri/dri_clk
PHY-1001 : eco open net = 0
PHY-1001 : 16 feed throughs used by 15 nets
RUN-1001 : Import IO constraints
RUN-1001 : Import Inst constraints
RUN-1001 : Import design success TD_VERSION=5.6.71036 , DB_VERSION=46146
RUN-1002 : start command "download -bit ES8388_Runs\phy_1\ES8388.bit -mode jtag -spd 7 -sec 64 -cable 0"
PRG-2014 : Chip validation success: EAGLE_S20_BG256
RUN-1002 : start command "bit_to_vec -chip EAGLE_S20_BG256 -m jtag_burst -freq 4 -bit ES8388_Runs/phy_1/ES8388.bit"
RUN-1002 : start command "program -cable 0 -mode svf -spd 7 -p"
RUN-1003 : finish command "program -cable 0 -mode svf -spd 7 -p" in  6.313867s wall, 0.187500s user + 0.906250s system = 1.093750s CPU (17.3%)

RUN-1004 : used memory is 766 MB, reserved memory is 1297 MB, peak memory is 968 MB
RUN-1003 : finish command "download -bit ES8388_Runs\phy_1\ES8388.bit -mode jtag -spd 7 -sec 64 -cable 0" in  6.513994s wall, 0.250000s user + 0.937500s system = 1.187500s CPU (18.2%)

RUN-1004 : used memory is 766 MB, reserved memory is 1297 MB, peak memory is 968 MB
GUI-1001 : Downloading succeeded!
HDL-1007 : analyze verilog file ../RTL/audio_speak.v
HDL-1007 : undeclared symbol 'clk', assumed default net type 'wire' in ../RTL/audio_speak.v(239)
RUN-1002 : start command "download -bit ES8388_Runs\phy_1\ES8388.bit -mode jtag -spd 7 -sec 64 -cable 0"
PRG-2014 : Chip validation success: EAGLE_S20_BG256
RUN-1002 : start command "bit_to_vec -chip EAGLE_S20_BG256 -m jtag_burst -freq 4 -bit ES8388_Runs/phy_1/ES8388.bit"
RUN-1002 : start command "program -cable 0 -mode svf -spd 7 -p"
RUN-1003 : finish command "program -cable 0 -mode svf -spd 7 -p" in  6.392954s wall, 0.140625s user + 0.984375s system = 1.125000s CPU (17.6%)

RUN-1004 : used memory is 755 MB, reserved memory is 1297 MB, peak memory is 968 MB
RUN-1003 : finish command "download -bit ES8388_Runs\phy_1\ES8388.bit -mode jtag -spd 7 -sec 64 -cable 0" in  6.603836s wall, 0.203125s user + 1.078125s system = 1.281250s CPU (19.4%)

RUN-1004 : used memory is 755 MB, reserved memory is 1297 MB, peak memory is 968 MB
GUI-1001 : Downloading succeeded!
HDL-1007 : analyze verilog file ../RTL/audio_speak.v
HDL-1007 : undeclared symbol 'clk', assumed default net type 'wire' in ../RTL/audio_speak.v(239)
HDL-1007 : analyze verilog file al_ip/tdoa_location.v
RUN-1001 : reset_run syn_1 phy_1.
GUI-6001 WARNING: File C:/Users/lyw15/Desktop/4S20/es8388/TD/ES8388_Runs/phy_1/ES8388.bit does not exist!
RUN-1001 : launch_runs syn_1 phy_1  -jobs 6.
RUN-1001 : syn_1: run complete.
RUN-1001 : phy_1: run complete.
RUN-1001 : open_run phy_1.
RUN-1002 : start command "import_db C:/Users/lyw15/Desktop/4S20/es8388/TD/ES8388_Runs/phy_1/ES8388_pr.db"
RUN-1001 : Importing database generated by Tang Dynasty, V5.6.71036.
RUN-1001 : Database version number 46146.
RUN-1001 : Import flow parameters
PHY-1001 : Generate detailed routing grids ...
PHY-1001 : Processed IO instance aud_dacdat_syn_4 with INV attribute.
PHY-1001 : Processed IO instance aud_dacdat_1_syn_4 with INV attribute.
PHY-1001 : Processed IO instance aud_dacdat_2_syn_4 with INV attribute.
PHY-1001 : Generate nets ...
PHY-1001 : clock net aud_bclk_syn_4 will be merged with clock aud_bclk_dup_1
PHY-1001 : clock net aud_bclk_1_syn_4 will be merged with clock aud_bclk_1_dup_1
PHY-1001 : net aud_bclk_2_dup_1 will be routed on clock mesh
PHY-1001 : net aud_mclk_dup_1 will be routed on clock mesh
PHY-1001 : net aud_mclk_1_dup_1 will be routed on clock mesh
PHY-1001 : net aud_mclk_2_dup_1 will be routed on clock mesh
PHY-1001 : clock net ilaclk_dup_1 will be merged with clock u_pll_clk/clk0_buf
PHY-1001 : clock net ilaclk_1_dup_1 will be merged with clock u1_pll_clk/clk0_buf
PHY-1001 : clock net ilaclk_2_dup_1 will be merged with clock u2_pll_clk/clk0_buf
PHY-1001 : net sys_clk_dup_1 will be routed on clock mesh
PHY-1001 : clock net u1_es8388_ctrl/u_es8388_config/u_i2c_dri/dri_clk_syn_4 will be merged with clock u1_es8388_ctrl/u_es8388_config/u_i2c_dri/dri_clk
PHY-1001 : clock net u_es8388_ctrl/u_es8388_config/u_i2c_dri/dri_clk_syn_4 will be merged with clock u_es8388_ctrl/u_es8388_config/u_i2c_dri/dri_clk
PHY-1001 : clock net u2_es8388_ctrl/u_es8388_config/u_i2c_dri/dri_clk_syn_4 will be merged with clock u2_es8388_ctrl/u_es8388_config/u_i2c_dri/dri_clk
PHY-1001 : eco open net = 0
PHY-1001 : 16 feed throughs used by 15 nets
RUN-1001 : Import IO constraints
RUN-1001 : Import Inst constraints
RUN-1001 : Import design success TD_VERSION=5.6.71036 , DB_VERSION=46146
RUN-1002 : start command "download -bit ES8388_Runs\phy_1\ES8388.bit -mode jtag -spd 7 -sec 64 -cable 0"
PRG-2014 : Chip validation success: EAGLE_S20_BG256
RUN-1002 : start command "bit_to_vec -chip EAGLE_S20_BG256 -m jtag_burst -freq 4 -bit ES8388_Runs/phy_1/ES8388.bit"
RUN-1002 : start command "program -cable 0 -mode svf -spd 7 -p"
RUN-1003 : finish command "program -cable 0 -mode svf -spd 7 -p" in  6.459400s wall, 0.156250s user + 1.015625s system = 1.171875s CPU (18.1%)

RUN-1004 : used memory is 758 MB, reserved memory is 1244 MB, peak memory is 968 MB
RUN-1003 : finish command "download -bit ES8388_Runs\phy_1\ES8388.bit -mode jtag -spd 7 -sec 64 -cable 0" in  6.666716s wall, 0.218750s user + 1.062500s system = 1.281250s CPU (19.2%)

RUN-1004 : used memory is 758 MB, reserved memory is 1244 MB, peak memory is 968 MB
GUI-1001 : Downloading succeeded!
HDL-1007 : analyze verilog file al_ip/cross_correlate.v
RUN-1001 : reset_run syn_1 phy_1.
GUI-6001 WARNING: File C:/Users/lyw15/Desktop/4S20/es8388/TD/ES8388_Runs/phy_1/ES8388.bit does not exist!
RUN-1001 : launch_runs syn_1 phy_1  -jobs 6.
RUN-1001 : syn_1: run complete.
RUN-1001 : phy_1: run complete.
RUN-1001 : open_run phy_1.
RUN-1002 : start command "import_db C:/Users/lyw15/Desktop/4S20/es8388/TD/ES8388_Runs/phy_1/ES8388_pr.db"
RUN-1001 : Importing database generated by Tang Dynasty, V5.6.71036.
RUN-1001 : Database version number 46146.
RUN-1001 : Import flow parameters
PHY-1001 : Generate detailed routing grids ...
PHY-1001 : Processed IO instance aud_dacdat_syn_4 with INV attribute.
PHY-1001 : Processed IO instance aud_dacdat_1_syn_4 with INV attribute.
PHY-1001 : Processed IO instance aud_dacdat_2_syn_4 with INV attribute.
PHY-1001 : Generate nets ...
PHY-1001 : clock net aud_bclk_syn_4 will be merged with clock aud_bclk_dup_1
PHY-1001 : clock net aud_bclk_1_syn_4 will be merged with clock aud_bclk_1_dup_1
PHY-1001 : net aud_bclk_2_dup_1 will be routed on clock mesh
PHY-1001 : net aud_mclk_dup_1 will be routed on clock mesh
PHY-1001 : net aud_mclk_1_dup_1 will be routed on clock mesh
PHY-1001 : net aud_mclk_2_dup_1 will be routed on clock mesh
PHY-1001 : clock net ilaclk_dup_1 will be merged with clock u_pll_clk/clk0_buf
PHY-1001 : clock net ilaclk_1_dup_1 will be merged with clock u1_pll_clk/clk0_buf
PHY-1001 : clock net ilaclk_2_dup_1 will be merged with clock u2_pll_clk/clk0_buf
PHY-1001 : net sys_clk_dup_1 will be routed on clock mesh
PHY-1001 : clock net u1_es8388_ctrl/u_es8388_config/u_i2c_dri/dri_clk_syn_4 will be merged with clock u1_es8388_ctrl/u_es8388_config/u_i2c_dri/dri_clk
PHY-1001 : clock net u_es8388_ctrl/u_es8388_config/u_i2c_dri/dri_clk_syn_4 will be merged with clock u_es8388_ctrl/u_es8388_config/u_i2c_dri/dri_clk
PHY-1001 : clock net u2_es8388_ctrl/u_es8388_config/u_i2c_dri/dri_clk_syn_4 will be merged with clock u2_es8388_ctrl/u_es8388_config/u_i2c_dri/dri_clk
PHY-1001 : eco open net = 0
PHY-1001 : 16 feed throughs used by 15 nets
RUN-1001 : Import IO constraints
RUN-1001 : Import Inst constraints
RUN-1001 : Import design success TD_VERSION=5.6.71036 , DB_VERSION=46146
RUN-1002 : start command "download -bit ES8388_Runs\phy_1\ES8388.bit -mode jtag -spd 7 -sec 64 -cable 0"
PRG-2014 : Chip validation success: EAGLE_S20_BG256
RUN-1002 : start command "bit_to_vec -chip EAGLE_S20_BG256 -m jtag_burst -freq 4 -bit ES8388_Runs/phy_1/ES8388.bit"
RUN-1002 : start command "program -cable 0 -mode svf -spd 7 -p"
RUN-1003 : finish command "program -cable 0 -mode svf -spd 7 -p" in  6.326163s wall, 0.125000s user + 0.359375s system = 0.484375s CPU (7.7%)

RUN-1004 : used memory is 778 MB, reserved memory is 1255 MB, peak memory is 968 MB
RUN-1003 : finish command "download -bit ES8388_Runs\phy_1\ES8388.bit -mode jtag -spd 7 -sec 64 -cable 0" in  6.534503s wall, 0.203125s user + 0.375000s system = 0.578125s CPU (8.8%)

RUN-1004 : used memory is 778 MB, reserved memory is 1255 MB, peak memory is 968 MB
GUI-1001 : Downloading succeeded!
HDL-1007 : analyze verilog file al_ip/cross_correlate.v
RUN-1001 : reset_run syn_1 phy_1.
GUI-6001 WARNING: File C:/Users/lyw15/Desktop/4S20/es8388/TD/ES8388_Runs/phy_1/ES8388.bit does not exist!
RUN-1001 : launch_runs syn_1 phy_1  -jobs 6.
RUN-1001 : syn_1: run complete.
RUN-1001 : phy_1: run complete.
RUN-1001 : open_run phy_1.
RUN-1002 : start command "import_db C:/Users/lyw15/Desktop/4S20/es8388/TD/ES8388_Runs/phy_1/ES8388_pr.db"
RUN-1001 : Importing database generated by Tang Dynasty, V5.6.71036.
RUN-1001 : Database version number 46146.
RUN-1001 : Import flow parameters
PHY-1001 : Generate detailed routing grids ...
PHY-1001 : Processed IO instance aud_dacdat_syn_4 with INV attribute.
PHY-1001 : Processed IO instance aud_dacdat_1_syn_4 with INV attribute.
PHY-1001 : Processed IO instance aud_dacdat_2_syn_4 with INV attribute.
PHY-1001 : Generate nets ...
PHY-1001 : clock net aud_bclk_syn_4 will be merged with clock aud_bclk_dup_1
PHY-1001 : clock net aud_bclk_1_syn_4 will be merged with clock aud_bclk_1_dup_1
PHY-1001 : net aud_bclk_2_dup_1 will be routed on clock mesh
PHY-1001 : net aud_mclk_dup_1 will be routed on clock mesh
PHY-1001 : net aud_mclk_1_dup_1 will be routed on clock mesh
PHY-1001 : net aud_mclk_2_dup_1 will be routed on clock mesh
PHY-1001 : clock net ilaclk_dup_1 will be merged with clock u_pll_clk/clk0_buf
PHY-1001 : clock net ilaclk_1_dup_1 will be merged with clock u1_pll_clk/clk0_buf
PHY-1001 : clock net ilaclk_2_dup_1 will be merged with clock u2_pll_clk/clk0_buf
PHY-1001 : net sys_clk_dup_1 will be routed on clock mesh
PHY-1001 : clock net u1_es8388_ctrl/u_es8388_config/u_i2c_dri/dri_clk_syn_4 will be merged with clock u1_es8388_ctrl/u_es8388_config/u_i2c_dri/dri_clk
PHY-1001 : clock net u_es8388_ctrl/u_es8388_config/u_i2c_dri/dri_clk_syn_4 will be merged with clock u_es8388_ctrl/u_es8388_config/u_i2c_dri/dri_clk
PHY-1001 : clock net u2_es8388_ctrl/u_es8388_config/u_i2c_dri/dri_clk_syn_4 will be merged with clock u2_es8388_ctrl/u_es8388_config/u_i2c_dri/dri_clk
PHY-1001 : eco open net = 0
PHY-1001 : 16 feed throughs used by 15 nets
RUN-1001 : Import IO constraints
RUN-1001 : Import Inst constraints
RUN-1001 : Import design success TD_VERSION=5.6.71036 , DB_VERSION=46146
RUN-1003 : finish command "import_db C:/Users/lyw15/Desktop/4S20/es8388/TD/ES8388_Runs/phy_1/ES8388_pr.db" in  1.388804s wall, 1.296875s user + 0.265625s system = 1.562500s CPU (112.5%)

RUN-1004 : used memory is 860 MB, reserved memory is 1325 MB, peak memory is 968 MB
RUN-1002 : start command "download -bit ES8388_Runs\phy_1\ES8388.bit -mode jtag -spd 7 -sec 64 -cable 0"
PRG-2014 : Chip validation success: EAGLE_S20_BG256
RUN-1002 : start command "bit_to_vec -chip EAGLE_S20_BG256 -m jtag_burst -freq 4 -bit ES8388_Runs/phy_1/ES8388.bit"
RUN-1002 : start command "program -cable 0 -mode svf -spd 7 -p"
RUN-1003 : finish command "program -cable 0 -mode svf -spd 7 -p" in  6.397415s wall, 0.203125s user + 0.843750s system = 1.046875s CPU (16.4%)

RUN-1004 : used memory is 862 MB, reserved memory is 1325 MB, peak memory is 968 MB
RUN-1003 : finish command "download -bit ES8388_Runs\phy_1\ES8388.bit -mode jtag -spd 7 -sec 64 -cable 0" in  6.596727s wall, 0.281250s user + 0.875000s system = 1.156250s CPU (17.5%)

RUN-1004 : used memory is 862 MB, reserved memory is 1325 MB, peak memory is 968 MB
GUI-1001 : Downloading succeeded!
HDL-1007 : analyze verilog file al_ip/tdoa_location.v
HDL-1007 : analyze verilog file al_ip/tdoa_location.v
HDL-1007 : analyze verilog file ../RTL/audio_speak.v
RUN-1001 : Print Global Property
RUN-1001 : ---------------------------------------------------------------
RUN-1001 :        Parameters        |  Settings  |  Default Values  |  Note  
RUN-1001 : ---------------------------------------------------------------
RUN-1001 :          message         |  standard  |     standard     |        
RUN-1001 :   mixed_pack_place_flow  |     on     |        on        |        
RUN-1001 :        qor_monitor       |    off     |       off        |        
RUN-1001 :        syn_ip_flow       |    off     |       off        |        
RUN-1001 :          thread          |    auto    |       auto       |        
RUN-1001 : ---------------------------------------------------------------
RUN-1001 : Print Design Property
RUN-1001 : --------------------------------------------------------------
RUN-1001 :        Parameters       |  Settings  |  Default Values  |  Note  
RUN-1001 : --------------------------------------------------------------
RUN-1001 :   default_reg_initial   |    auto    |       auto       |        
RUN-1001 :        infer_add        |     on     |        on        |        
RUN-1001 :        infer_fsm        |    off     |       off        |        
RUN-1001 :        infer_mult       |     on     |        on        |        
RUN-1001 :        infer_ram        |     on     |        on        |        
RUN-1001 :        infer_reg        |     on     |        on        |        
RUN-1001 :   infer_reg_init_value  |     on     |        on        |        
RUN-1001 :        infer_rom        |     on     |        on        |        
RUN-1001 :      infer_shifter      |     on     |        on        |        
RUN-1001 : --------------------------------------------------------------
RUN-1001 : Print Rtl Property
RUN-1001 : --------------------------------------------------------------
RUN-1001 :        Parameters       |  Settings  |  Default Values  |  Note  
RUN-1001 : --------------------------------------------------------------
RUN-1001 :       compress_add      |   ripple   |      ripple      |        
RUN-1001 :        elf_sload        |    off     |       off        |        
RUN-1001 :       fix_undriven      |     0      |        0         |        
RUN-1001 :         flatten         |    off     |       off        |        
RUN-1001 :       gate_sharing      |     on     |        on        |        
RUN-1001 :    hdl_warning_level    |   normal   |      normal      |        
RUN-1001 :   impl_internal_tribuf  |     on     |        on        |        
RUN-1001 :      impl_set_reset     |     on     |        on        |        
RUN-1001 :        infer_gsr        |    off     |       off        |        
RUN-1001 :      keep_hierarchy     |    auto    |       auto       |        
RUN-1001 :        max_fanout       |    9999    |       9999       |        
RUN-1001 :      max_oh2bin_len     |     10     |        10        |        
RUN-1001 :       merge_equal       |     on     |        on        |        
RUN-1001 :       merge_equiv       |     on     |        on        |        
RUN-1001 :        merge_mux        |    off     |       off        |        
RUN-1001 :     min_control_set     |     8      |        8         |        
RUN-1001 :      min_ripple_len     |    auto    |       auto       |        
RUN-1001 :       oh2bin_ratio      |    0.08    |       0.08       |        
RUN-1001 :     opt_adder_fanout    |     on     |        on        |        
RUN-1001 :        opt_arith        |     on     |        on        |        
RUN-1001 :       opt_big_gate      |    off     |       off        |        
RUN-1001 :        opt_const        |     on     |        on        |        
RUN-1001 :      opt_const_mult     |     on     |        on        |        
RUN-1001 :       opt_lessthan      |     on     |        on        |        
RUN-1001 :         opt_mux         |    off     |       off        |        
RUN-1001 :         opt_ram         |    high    |       high       |        
RUN-1001 :      rtl_sim_model      |    off     |       off        |        
RUN-1001 :         seq_syn         |     on     |        on        |        
RUN-1001 : --------------------------------------------------------------
HDL-1007 : analyze verilog file al_ip/sound_localization .v
HDL-1007 : analyze verilog file al_ip/sound_localization .v
HDL-1007 : analyze verilog file ../RTL/audio_speak.v
HDL-1007 : undeclared symbol 'clk', assumed default net type 'wire' in ../RTL/audio_speak.v(258)
RUN-1001 : reset_run syn_1 phy_1.
GUI-6001 WARNING: File C:/Users/lyw15/Desktop/4S20/es8388/TD/ES8388_Runs/phy_1/ES8388.bit does not exist!
RUN-1001 : launch_runs syn_1 phy_1  -jobs 6.
RUN-1001 : syn_1: run complete.
RUN-1001 : phy_1: run complete.
RUN-1001 : open_run phy_1.
RUN-1002 : start command "import_db C:/Users/lyw15/Desktop/4S20/es8388/TD/ES8388_Runs/phy_1/ES8388_pr.db"
RUN-1001 : Importing database generated by Tang Dynasty, V5.6.71036.
RUN-1001 : Database version number 46146.
RUN-1001 : Import flow parameters
PHY-1001 : Generate detailed routing grids ...
PHY-1001 : Processed IO instance aud_dacdat_syn_4 with INV attribute.
PHY-1001 : Processed IO instance aud_dacdat_1_syn_4 with INV attribute.
PHY-1001 : Processed IO instance aud_dacdat_2_syn_4 with INV attribute.
PHY-1001 : Generate nets ...
PHY-1001 : clock net aud_bclk_syn_4 will be merged with clock aud_bclk_dup_1
PHY-1001 : clock net aud_bclk_1_syn_4 will be merged with clock aud_bclk_1_dup_1
PHY-1001 : net aud_bclk_2_dup_1 will be routed on clock mesh
PHY-1001 : net aud_mclk_dup_1 will be routed on clock mesh
PHY-1001 : net aud_mclk_1_dup_1 will be routed on clock mesh
PHY-1001 : net aud_mclk_2_dup_1 will be routed on clock mesh
PHY-1001 : clock net ilaclk_dup_1 will be merged with clock u_pll_clk/clk0_buf
PHY-1001 : clock net ilaclk_1_dup_1 will be merged with clock u1_pll_clk/clk0_buf
PHY-1001 : clock net ilaclk_2_dup_1 will be merged with clock u2_pll_clk/clk0_buf
PHY-1001 : net sys_clk_dup_1 will be routed on clock mesh
PHY-1001 : clock net u1_es8388_ctrl/u_es8388_config/u_i2c_dri/dri_clk_syn_4 will be merged with clock u1_es8388_ctrl/u_es8388_config/u_i2c_dri/dri_clk
PHY-1001 : clock net u_es8388_ctrl/u_es8388_config/u_i2c_dri/dri_clk_syn_4 will be merged with clock u_es8388_ctrl/u_es8388_config/u_i2c_dri/dri_clk
PHY-1001 : clock net u2_es8388_ctrl/u_es8388_config/u_i2c_dri/dri_clk_syn_4 will be merged with clock u2_es8388_ctrl/u_es8388_config/u_i2c_dri/dri_clk
PHY-1001 : eco open net = 0
PHY-1001 : 12 feed throughs used by 11 nets
RUN-1001 : Import IO constraints
RUN-1001 : Import Inst constraints
RUN-1001 : Import design success TD_VERSION=5.6.71036 , DB_VERSION=46146
RUN-1002 : start command "download -bit ES8388_Runs\phy_1\ES8388.bit -mode jtag -spd 7 -sec 64 -cable 0"
PRG-2014 : Chip validation success: EAGLE_S20_BG256
RUN-1002 : start command "bit_to_vec -chip EAGLE_S20_BG256 -m jtag_burst -freq 4 -bit ES8388_Runs/phy_1/ES8388.bit"
RUN-1002 : start command "program -cable 0 -mode svf -spd 7 -p"
RUN-1003 : finish command "program -cable 0 -mode svf -spd 7 -p" in  6.345067s wall, 0.171875s user + 0.953125s system = 1.125000s CPU (17.7%)

RUN-1004 : used memory is 768 MB, reserved memory is 1244 MB, peak memory is 968 MB
RUN-1003 : finish command "download -bit ES8388_Runs\phy_1\ES8388.bit -mode jtag -spd 7 -sec 64 -cable 0" in  6.548399s wall, 0.250000s user + 1.015625s system = 1.265625s CPU (19.3%)

RUN-1004 : used memory is 768 MB, reserved memory is 1244 MB, peak memory is 968 MB
GUI-1001 : Downloading succeeded!
HDL-1007 : analyze verilog file al_ip/sound_localization .v
RUN-1001 : reset_run syn_1 phy_1.
GUI-6001 WARNING: File C:/Users/lyw15/Desktop/4S20/es8388/TD/ES8388_Runs/phy_1/ES8388.bit does not exist!
RUN-1001 : launch_runs syn_1 phy_1  -jobs 6.
RUN-1001 : syn_1: run complete.
RUN-1001 : phy_1: run complete.
RUN-1001 : open_run phy_1.
RUN-1002 : start command "import_db C:/Users/lyw15/Desktop/4S20/es8388/TD/ES8388_Runs/phy_1/ES8388_pr.db"
RUN-1001 : Importing database generated by Tang Dynasty, V5.6.71036.
RUN-1001 : Database version number 46146.
RUN-1001 : Import flow parameters
PHY-1001 : Generate detailed routing grids ...
PHY-1001 : Processed IO instance aud_dacdat_syn_4 with INV attribute.
PHY-1001 : Processed IO instance aud_dacdat_1_syn_4 with INV attribute.
PHY-1001 : Processed IO instance aud_dacdat_2_syn_4 with INV attribute.
PHY-1001 : Generate nets ...
PHY-1001 : clock net aud_bclk_syn_4 will be merged with clock aud_bclk_dup_1
PHY-1001 : clock net aud_bclk_1_syn_4 will be merged with clock aud_bclk_1_dup_1
PHY-1001 : net aud_bclk_2_dup_1 will be routed on clock mesh
PHY-1001 : net aud_mclk_dup_1 will be routed on clock mesh
PHY-1001 : net aud_mclk_1_dup_1 will be routed on clock mesh
PHY-1001 : net aud_mclk_2_dup_1 will be routed on clock mesh
PHY-1001 : clock net ilaclk_dup_1 will be merged with clock u_pll_clk/clk0_buf
PHY-1001 : clock net ilaclk_1_dup_1 will be merged with clock u1_pll_clk/clk0_buf
PHY-1001 : clock net ilaclk_2_dup_1 will be merged with clock u2_pll_clk/clk0_buf
PHY-1001 : net sys_clk_dup_1 will be routed on clock mesh
PHY-1001 : clock net u1_es8388_ctrl/u_es8388_config/u_i2c_dri/dri_clk_syn_4 will be merged with clock u1_es8388_ctrl/u_es8388_config/u_i2c_dri/dri_clk
PHY-1001 : clock net u_es8388_ctrl/u_es8388_config/u_i2c_dri/dri_clk_syn_4 will be merged with clock u_es8388_ctrl/u_es8388_config/u_i2c_dri/dri_clk
PHY-1001 : clock net u2_es8388_ctrl/u_es8388_config/u_i2c_dri/dri_clk_syn_4 will be merged with clock u2_es8388_ctrl/u_es8388_config/u_i2c_dri/dri_clk
PHY-1001 : eco open net = 0
PHY-1001 : 12 feed throughs used by 11 nets
RUN-1001 : Import IO constraints
RUN-1001 : Import Inst constraints
RUN-1001 : Import design success TD_VERSION=5.6.71036 , DB_VERSION=46146
RUN-1002 : start command "download -bit ES8388_Runs\phy_1\ES8388.bit -mode jtag -spd 7 -sec 64 -cable 0"
PRG-2014 : Chip validation success: EAGLE_S20_BG256
RUN-1002 : start command "bit_to_vec -chip EAGLE_S20_BG256 -m jtag_burst -freq 4 -bit ES8388_Runs/phy_1/ES8388.bit"
RUN-1002 : start command "program -cable 0 -mode svf -spd 7 -p"
RUN-1003 : finish command "program -cable 0 -mode svf -spd 7 -p" in  6.388768s wall, 0.187500s user + 0.875000s system = 1.062500s CPU (16.6%)

RUN-1004 : used memory is 772 MB, reserved memory is 1250 MB, peak memory is 968 MB
RUN-1003 : finish command "download -bit ES8388_Runs\phy_1\ES8388.bit -mode jtag -spd 7 -sec 64 -cable 0" in  6.590657s wall, 0.265625s user + 0.921875s system = 1.187500s CPU (18.0%)

RUN-1004 : used memory is 772 MB, reserved memory is 1250 MB, peak memory is 968 MB
GUI-1001 : Downloading succeeded!
HDL-1007 : analyze verilog file al_ip/sound_localization .v
HDL-1007 : analyze verilog file ../RTL/audio_speak.v
HDL-1007 : undeclared symbol 'clk', assumed default net type 'wire' in ../RTL/audio_speak.v(258)
HDL-1007 : analyze verilog file ../RTL/audio_speak.v
HDL-1007 : undeclared symbol 'clk', assumed default net type 'wire' in ../RTL/audio_speak.v(258)
RUN-1001 : reset_run syn_1 phy_1.
GUI-6001 WARNING: File C:/Users/lyw15/Desktop/4S20/es8388/TD/ES8388_Runs/phy_1/ES8388.bit does not exist!
RUN-1001 : launch_runs syn_1 phy_1  -jobs 6.
RUN-1001 : syn_1: run complete.
RUN-1001 : phy_1: run complete.
RUN-1001 : open_run phy_1.
RUN-1002 : start command "import_db C:/Users/lyw15/Desktop/4S20/es8388/TD/ES8388_Runs/phy_1/ES8388_pr.db"
RUN-1001 : Importing database generated by Tang Dynasty, V5.6.71036.
RUN-1001 : Database version number 46146.
RUN-1001 : Import flow parameters
PHY-1001 : Generate detailed routing grids ...
PHY-1001 : Processed IO instance aud_dacdat_syn_4 with INV attribute.
PHY-1001 : Processed IO instance aud_dacdat_1_syn_4 with INV attribute.
PHY-1001 : Processed IO instance aud_dacdat_2_syn_4 with INV attribute.
PHY-1001 : Generate nets ...
PHY-1001 : clock net aud_bclk_syn_4 will be merged with clock aud_bclk_dup_1
PHY-1001 : clock net aud_bclk_1_syn_4 will be merged with clock aud_bclk_1_dup_1
PHY-1001 : net aud_bclk_2_dup_1 will be routed on clock mesh
PHY-1001 : net aud_mclk_dup_1 will be routed on clock mesh
PHY-1001 : net aud_mclk_1_dup_1 will be routed on clock mesh
PHY-1001 : net aud_mclk_2_dup_1 will be routed on clock mesh
PHY-1001 : clock net ilaclk_dup_1 will be merged with clock u_pll_clk/clk0_buf
PHY-1001 : clock net ilaclk_1_dup_1 will be merged with clock u1_pll_clk/clk0_buf
PHY-1001 : clock net ilaclk_2_dup_1 will be merged with clock u2_pll_clk/clk0_buf
PHY-1001 : net sys_clk_dup_1 will be routed on clock mesh
PHY-1001 : clock net u1_es8388_ctrl/u_es8388_config/u_i2c_dri/dri_clk_syn_4 will be merged with clock u1_es8388_ctrl/u_es8388_config/u_i2c_dri/dri_clk
PHY-1001 : clock net u_es8388_ctrl/u_es8388_config/u_i2c_dri/dri_clk_syn_4 will be merged with clock u_es8388_ctrl/u_es8388_config/u_i2c_dri/dri_clk
PHY-1001 : clock net u2_es8388_ctrl/u_es8388_config/u_i2c_dri/dri_clk_syn_4 will be merged with clock u2_es8388_ctrl/u_es8388_config/u_i2c_dri/dri_clk
PHY-1001 : eco open net = 0
PHY-1001 : 12 feed throughs used by 11 nets
RUN-1001 : Import IO constraints
RUN-1001 : Import Inst constraints
RUN-1001 : Import design success TD_VERSION=5.6.71036 , DB_VERSION=46146
RUN-1002 : start command "download -bit ES8388_Runs\phy_1\ES8388.bit -mode jtag -spd 7 -sec 64 -cable 0"
PRG-2014 : Chip validation success: EAGLE_S20_BG256
RUN-1002 : start command "bit_to_vec -chip EAGLE_S20_BG256 -m jtag_burst -freq 4 -bit ES8388_Runs/phy_1/ES8388.bit"
RUN-1002 : start command "program -cable 0 -mode svf -spd 7 -p"
RUN-1003 : finish command "program -cable 0 -mode svf -spd 7 -p" in  6.387510s wall, 0.062500s user + 0.812500s system = 0.875000s CPU (13.7%)

RUN-1004 : used memory is 720 MB, reserved memory is 1256 MB, peak memory is 968 MB
RUN-1003 : finish command "download -bit ES8388_Runs\phy_1\ES8388.bit -mode jtag -spd 7 -sec 64 -cable 0" in  6.590922s wall, 0.156250s user + 0.859375s system = 1.015625s CPU (15.4%)

RUN-1004 : used memory is 720 MB, reserved memory is 1256 MB, peak memory is 968 MB
GUI-1001 : Downloading succeeded!
RUN-1002 : start command "download -bit ES8388_Runs\phy_1\ES8388.bit -mode jtag -spd 7 -sec 64 -cable 0"
PRG-2014 : Chip validation success: EAGLE_S20_BG256
RUN-1002 : start command "bit_to_vec -chip EAGLE_S20_BG256 -m jtag_burst -freq 4 -bit ES8388_Runs/phy_1/ES8388.bit"
RUN-1002 : start command "program -cable 0 -mode svf -spd 7 -p"
RUN-1003 : finish command "program -cable 0 -mode svf -spd 7 -p" in  6.443282s wall, 0.187500s user + 0.937500s system = 1.125000s CPU (17.5%)

RUN-1004 : used memory is 720 MB, reserved memory is 1256 MB, peak memory is 968 MB
RUN-1003 : finish command "download -bit ES8388_Runs\phy_1\ES8388.bit -mode jtag -spd 7 -sec 64 -cable 0" in  6.659245s wall, 0.250000s user + 1.000000s system = 1.250000s CPU (18.8%)

RUN-1004 : used memory is 720 MB, reserved memory is 1256 MB, peak memory is 968 MB
GUI-1001 : Downloading succeeded!
HDL-1007 : analyze verilog file al_ip/sound_localization .v
RUN-1001 : reset_run syn_1 phy_1.
GUI-6001 WARNING: File C:/Users/lyw15/Desktop/4S20/es8388/TD/ES8388_Runs/phy_1/ES8388.bit does not exist!
RUN-1001 : launch_runs syn_1 phy_1  -jobs 6.
RUN-1001 : syn_1: run complete.
RUN-1001 : phy_1: run complete.
RUN-1001 : open_run phy_1.
RUN-1002 : start command "import_db C:/Users/lyw15/Desktop/4S20/es8388/TD/ES8388_Runs/phy_1/ES8388_pr.db"
RUN-1001 : Importing database generated by Tang Dynasty, V5.6.71036.
RUN-1001 : Database version number 46146.
RUN-1001 : Import flow parameters
PHY-1001 : Generate detailed routing grids ...
PHY-1001 : Processed IO instance aud_dacdat_syn_4 with INV attribute.
PHY-1001 : Processed IO instance aud_dacdat_1_syn_4 with INV attribute.
PHY-1001 : Processed IO instance aud_dacdat_2_syn_4 with INV attribute.
PHY-1001 : Generate nets ...
PHY-1001 : clock net aud_bclk_syn_4 will be merged with clock aud_bclk_dup_1
PHY-1001 : clock net aud_bclk_1_syn_4 will be merged with clock aud_bclk_1_dup_1
PHY-1001 : net aud_bclk_2_dup_1 will be routed on clock mesh
PHY-1001 : net aud_mclk_dup_1 will be routed on clock mesh
PHY-1001 : net aud_mclk_1_dup_1 will be routed on clock mesh
PHY-1001 : net aud_mclk_2_dup_1 will be routed on clock mesh
PHY-1001 : clock net ilaclk_dup_1 will be merged with clock u_pll_clk/clk0_buf
PHY-1001 : clock net ilaclk_1_dup_1 will be merged with clock u1_pll_clk/clk0_buf
PHY-1001 : clock net ilaclk_2_dup_1 will be merged with clock u2_pll_clk/clk0_buf
PHY-1001 : net sys_clk_dup_1 will be routed on clock mesh
PHY-1001 : clock net u1_es8388_ctrl/u_es8388_config/u_i2c_dri/dri_clk_syn_4 will be merged with clock u1_es8388_ctrl/u_es8388_config/u_i2c_dri/dri_clk
PHY-1001 : clock net u_es8388_ctrl/u_es8388_config/u_i2c_dri/dri_clk_syn_4 will be merged with clock u_es8388_ctrl/u_es8388_config/u_i2c_dri/dri_clk
PHY-1001 : clock net u2_es8388_ctrl/u_es8388_config/u_i2c_dri/dri_clk_syn_4 will be merged with clock u2_es8388_ctrl/u_es8388_config/u_i2c_dri/dri_clk
PHY-1001 : eco open net = 0
PHY-1001 : 12 feed throughs used by 11 nets
RUN-1001 : Import IO constraints
RUN-1001 : Import Inst constraints
RUN-1001 : Import design success TD_VERSION=5.6.71036 , DB_VERSION=46146
RUN-1002 : start command "download -bit ES8388_Runs\phy_1\ES8388.bit -mode jtag -spd 7 -sec 64 -cable 0"
PRG-2014 : Chip validation success: EAGLE_S20_BG256
RUN-1002 : start command "bit_to_vec -chip EAGLE_S20_BG256 -m jtag_burst -freq 4 -bit ES8388_Runs/phy_1/ES8388.bit"
RUN-1002 : start command "program -cable 0 -mode svf -spd 7 -p"
RUN-1003 : finish command "program -cable 0 -mode svf -spd 7 -p" in  6.377592s wall, 0.171875s user + 0.828125s system = 1.000000s CPU (15.7%)

RUN-1004 : used memory is 731 MB, reserved memory is 1258 MB, peak memory is 968 MB
RUN-1003 : finish command "download -bit ES8388_Runs\phy_1\ES8388.bit -mode jtag -spd 7 -sec 64 -cable 0" in  6.581279s wall, 0.250000s user + 0.906250s system = 1.156250s CPU (17.6%)

RUN-1004 : used memory is 731 MB, reserved memory is 1258 MB, peak memory is 968 MB
GUI-1001 : Downloading succeeded!
RUN-1002 : start command "download -bit ES8388_Runs\phy_1\ES8388.bit -mode jtag -spd 7 -sec 64 -cable 0"
PRG-2014 : Chip validation success: EAGLE_S20_BG256
RUN-1002 : start command "bit_to_vec -chip EAGLE_S20_BG256 -m jtag_burst -freq 4 -bit ES8388_Runs/phy_1/ES8388.bit"
RUN-1002 : start command "program -cable 0 -mode svf -spd 7 -p"
RUN-1003 : finish command "program -cable 0 -mode svf -spd 7 -p" in  6.399713s wall, 0.125000s user + 0.843750s system = 0.968750s CPU (15.1%)

RUN-1004 : used memory is 732 MB, reserved memory is 1258 MB, peak memory is 968 MB
RUN-1003 : finish command "download -bit ES8388_Runs\phy_1\ES8388.bit -mode jtag -spd 7 -sec 64 -cable 0" in  6.604420s wall, 0.187500s user + 0.890625s system = 1.078125s CPU (16.3%)

RUN-1004 : used memory is 732 MB, reserved memory is 1258 MB, peak memory is 968 MB
GUI-1001 : Downloading succeeded!
HDL-1007 : analyze verilog file al_ip/sound_localization .v
