============================================================
   Tang Dynasty, V5.6.71036
      Copyright (c) 2012-2023 Anlogic Inc.
   Executable = E:/Software/Anlogic/TD5.6.2/bin/td.exe
   Built at =   20:34:38 Mar 21 2023
   Run by =     Lviva
   Run Date =   Sun Oct 26 09:20:16 2025

   Run on =     VIVACIOUS
============================================================
RUN-1001 : open_run phy_1.
RUN-1002 : start command "import_db C:/Users/Lviva/Desktop/4MIC - SPAR _1_5/TD/ES8388_Runs/phy_1/ES8388_pr.db"
RUN-1001 : Importing database generated by Tang Dynasty, V5.6.71036.
RUN-1001 : Database version number 46146.
RUN-1001 : Import flow parameters
PHY-1001 : Generate detailed routing grids ...
PHY-1001 : Processed IO instance aud_dacdat_syn_4 with INV attribute.
PHY-1001 : Processed IO instance aud_dacdat_1_syn_4 with INV attribute.
PHY-1001 : Processed IO instance aud_dacdat_2_syn_4 with INV attribute.
PHY-1001 : Processed IO instance aud_dacdat_3_syn_4 with INV attribute.
PHY-1001 : Generate nets ...
PHY-1001 : clock net aud_bclk_syn_4 will be merged with clock aud_bclk_dup_1
PHY-1001 : clock net aud_bclk_1_syn_4 will be merged with clock aud_bclk_1_dup_1
PHY-1001 : clock net aud_bclk_2_syn_4 will be merged with clock aud_bclk_2_dup_1
PHY-1001 : clock net aud_bclk_3_syn_4 will be merged with clock aud_bclk_3_dup_1
PHY-1001 : net aud_mclk_dup_1 will be routed on clock mesh
PHY-1001 : net aud_mclk_1_dup_1 will be routed on clock mesh
PHY-1001 : net aud_mclk_2_dup_1 will be routed on clock mesh
PHY-1001 : net aud_mclk_3_dup_1 will be routed on clock mesh
PHY-1001 : clock net ilaclk_dup_1 will be merged with clock u_pll_clk/clk0_buf
PHY-1001 : clock net ilaclk_1_dup_1 will be merged with clock u1_pll_clk/clk0_buf
PHY-1001 : clock net ilaclk_2_dup_1 will be merged with clock u2_pll_clk/clk0_buf
PHY-1001 : clock net ilaclk_3_dup_1 will be merged with clock u3_pll_clk/clk0_buf
PHY-1001 : net sys_clk_dup_1 will be routed on clock mesh
PHY-1001 : clock net u1_es8388_ctrl/u_es8388_config/u_i2c_dri/dri_clk_syn_4 will be merged with clock u1_es8388_ctrl/u_es8388_config/u_i2c_dri/dri_clk
PHY-1001 : clock net u2_es8388_ctrl/u_es8388_config/u_i2c_dri/dri_clk_syn_4 will be merged with clock u2_es8388_ctrl/u_es8388_config/u_i2c_dri/dri_clk
PHY-1001 : clock net u3_es8388_ctrl/u_es8388_config/u_i2c_dri/dri_clk_syn_4 will be merged with clock u3_es8388_ctrl/u_es8388_config/u_i2c_dri/dri_clk
PHY-1001 : eco open net = 0
PHY-1001 : 33 feed throughs used by 26 nets
RUN-1001 : Import IO constraints
RUN-1001 : Import Inst constraints
RUN-1001 : Import design success TD_VERSION=5.6.71036 , DB_VERSION=46146
RUN-1003 : finish command "import_db C:/Users/Lviva/Desktop/4MIC - SPAR _1_5/TD/ES8388_Runs/phy_1/ES8388_pr.db" in  3.171776s wall, 3.078125s user + 0.218750s system = 3.296875s CPU (103.9%)

RUN-1004 : used memory is 522 MB, reserved memory is 479 MB, peak memory is 558 MB
HDL-1007 : analyze verilog file ../RTL/spar_4mic_localization.v
HDL-5007 WARNING: 'min_HOLD_CNT' is not declared in ../RTL/spar_4mic_localization.v(118)
HDL-5007 WARNING: 'min_HOLD_CNT' is not declared in ../RTL/spar_4mic_localization.v(118)
HDL-5007 WARNING: 'min_HOLD_CNT' is not declared in ../RTL/spar_4mic_localization.v(121)
HDL-5007 WARNING: 'min_HOLD_CNT' is not declared in ../RTL/spar_4mic_localization.v(118)
HDL-5007 WARNING: 'min_HOLD_CNT' is not declared in ../RTL/spar_4mic_localization.v(118)
HDL-5007 WARNING: 'min_HOLD_CNT' is not declared in ../RTL/spar_4mic_localization.v(121)
HDL-1007 : analyze verilog file ../RTL/audio_speak.v
HDL-5007 WARNING: 'min_HOLD_CNT' is not declared in ../RTL/spar_4mic_localization.v(118)
HDL-5007 WARNING: 'min_HOLD_CNT' is not declared in ../RTL/spar_4mic_localization.v(118)
HDL-5007 WARNING: 'min_HOLD_CNT' is not declared in ../RTL/spar_4mic_localization.v(121)
RUN-1001 : reset_run syn_1 phy_1.
RUN-1001 : launch_runs syn_1 phy_1  -jobs 6.
RUN-6001 WARNING: syn_1: run failed.
HDL-1007 : analyze verilog file ../RTL/spar_4mic_localization.v
RUN-1001 : reset_run syn_1 phy_1.
RUN-1001 : launch_runs syn_1 phy_1  -jobs 6.
RUN-6001 WARNING: syn_1: run failed.
HDL-1007 : analyze verilog file ../RTL/audio_speak.v
RUN-1001 : reset_run syn_1 phy_1.
RUN-1001 : launch_runs syn_1 phy_1  -jobs 6.
RUN-1001 : syn_1: run complete.
RUN-1001 : phy_1: run complete.
RUN-1001 : open_run phy_1.
RUN-1002 : start command "import_db C:/Users/Lviva/Desktop/4MIC - SPAR _1_5/TD/ES8388_Runs/phy_1/ES8388_pr.db"
RUN-1001 : Importing database generated by Tang Dynasty, V5.6.71036.
RUN-1001 : Database version number 46146.
RUN-1001 : Import flow parameters
PHY-1001 : Generate detailed routing grids ...
PHY-1001 : Processed IO instance aud_dacdat_syn_4 with INV attribute.
PHY-1001 : Processed IO instance aud_dacdat_1_syn_4 with INV attribute.
PHY-1001 : Processed IO instance aud_dacdat_2_syn_4 with INV attribute.
PHY-1001 : Processed IO instance aud_dacdat_3_syn_4 with INV attribute.
PHY-1001 : Generate nets ...
PHY-1001 : clock net aud_bclk_syn_4 will be merged with clock aud_bclk_dup_1
PHY-1001 : clock net aud_bclk_1_syn_4 will be merged with clock aud_bclk_1_dup_1
PHY-1001 : clock net aud_bclk_2_syn_4 will be merged with clock aud_bclk_2_dup_1
PHY-1001 : clock net aud_bclk_3_syn_4 will be merged with clock aud_bclk_3_dup_1
PHY-1001 : net aud_mclk_dup_1 will be routed on clock mesh
PHY-1001 : net aud_mclk_1_dup_1 will be routed on clock mesh
PHY-1001 : net aud_mclk_2_dup_1 will be routed on clock mesh
PHY-1001 : net aud_mclk_3_dup_1 will be routed on clock mesh
PHY-1001 : clock net ilaclk_dup_1 will be merged with clock u_pll_clk/clk0_buf
PHY-1001 : clock net ilaclk_1_dup_1 will be merged with clock u1_pll_clk/clk0_buf
PHY-1001 : clock net ilaclk_2_dup_1 will be merged with clock u2_pll_clk/clk0_buf
PHY-1001 : clock net ilaclk_3_dup_1 will be merged with clock u3_pll_clk/clk0_buf
PHY-1001 : net sys_clk_dup_1 will be routed on clock mesh
PHY-1001 : clock net u1_es8388_ctrl/u_es8388_config/u_i2c_dri/dri_clk_syn_4 will be merged with clock u1_es8388_ctrl/u_es8388_config/u_i2c_dri/dri_clk
PHY-1001 : clock net u2_es8388_ctrl/u_es8388_config/u_i2c_dri/dri_clk_syn_4 will be merged with clock u2_es8388_ctrl/u_es8388_config/u_i2c_dri/dri_clk
PHY-1001 : clock net u3_es8388_ctrl/u_es8388_config/u_i2c_dri/dri_clk_syn_4 will be merged with clock u3_es8388_ctrl/u_es8388_config/u_i2c_dri/dri_clk
PHY-1001 : eco open net = 0
PHY-1001 : 19 feed throughs used by 15 nets
RUN-1001 : Import IO constraints
RUN-1001 : Import Inst constraints
RUN-1001 : Import design success TD_VERSION=5.6.71036 , DB_VERSION=46146
RUN-1003 : finish command "import_db C:/Users/Lviva/Desktop/4MIC - SPAR _1_5/TD/ES8388_Runs/phy_1/ES8388_pr.db" in  1.509232s wall, 1.468750s user + 0.171875s system = 1.640625s CPU (108.7%)

RUN-1004 : used memory is 598 MB, reserved memory is 555 MB, peak memory is 629 MB
RUN-1001 : reset_run syn_1 phy_1.
RUN-1001 : launch_runs syn_1 phy_1  -jobs 6.
RUN-1001 : syn_1: run complete.
RUN-1001 : phy_1: run complete.
RUN-1001 : open_run phy_1.
RUN-1002 : start command "import_db C:/Users/Lviva/Desktop/4MIC - SPAR _1_5/TD/ES8388_Runs/phy_1/ES8388_pr.db"
RUN-1001 : Importing database generated by Tang Dynasty, V5.6.71036.
RUN-1001 : Database version number 46146.
RUN-1001 : Import flow parameters
PHY-1001 : Generate detailed routing grids ...
PHY-1001 : Processed IO instance aud_dacdat_syn_4 with INV attribute.
PHY-1001 : Processed IO instance aud_dacdat_1_syn_4 with INV attribute.
PHY-1001 : Processed IO instance aud_dacdat_2_syn_4 with INV attribute.
PHY-1001 : Processed IO instance aud_dacdat_3_syn_4 with INV attribute.
PHY-1001 : Generate nets ...
PHY-1001 : clock net aud_bclk_syn_4 will be merged with clock aud_bclk_dup_1
PHY-1001 : clock net aud_bclk_1_syn_4 will be merged with clock aud_bclk_1_dup_1
PHY-1001 : clock net aud_bclk_2_syn_4 will be merged with clock aud_bclk_2_dup_1
PHY-1001 : clock net aud_bclk_3_syn_4 will be merged with clock aud_bclk_3_dup_1
PHY-1001 : net aud_mclk_dup_1 will be routed on clock mesh
PHY-1001 : net aud_mclk_1_dup_1 will be routed on clock mesh
PHY-1001 : net aud_mclk_2_dup_1 will be routed on clock mesh
PHY-1001 : net aud_mclk_3_dup_1 will be routed on clock mesh
PHY-1001 : clock net ilaclk_dup_1 will be merged with clock u_pll_clk/clk0_buf
PHY-1001 : clock net ilaclk_1_dup_1 will be merged with clock u1_pll_clk/clk0_buf
PHY-1001 : clock net ilaclk_2_dup_1 will be merged with clock u2_pll_clk/clk0_buf
PHY-1001 : clock net ilaclk_3_dup_1 will be merged with clock u3_pll_clk/clk0_buf
PHY-1001 : net sys_clk_dup_1 will be routed on clock mesh
PHY-1001 : clock net u1_es8388_ctrl/u_es8388_config/u_i2c_dri/dri_clk_syn_4 will be merged with clock u1_es8388_ctrl/u_es8388_config/u_i2c_dri/dri_clk
PHY-1001 : clock net u2_es8388_ctrl/u_es8388_config/u_i2c_dri/dri_clk_syn_4 will be merged with clock u2_es8388_ctrl/u_es8388_config/u_i2c_dri/dri_clk
PHY-1001 : clock net u3_es8388_ctrl/u_es8388_config/u_i2c_dri/dri_clk_syn_4 will be merged with clock u3_es8388_ctrl/u_es8388_config/u_i2c_dri/dri_clk
PHY-1001 : eco open net = 0
PHY-1001 : 19 feed throughs used by 15 nets
RUN-1001 : Import IO constraints
RUN-1001 : Import Inst constraints
RUN-1001 : Import design success TD_VERSION=5.6.71036 , DB_VERSION=46146
RUN-1003 : finish command "import_db C:/Users/Lviva/Desktop/4MIC - SPAR _1_5/TD/ES8388_Runs/phy_1/ES8388_pr.db" in  1.394331s wall, 1.421875s user + 0.140625s system = 1.562500s CPU (112.1%)

RUN-1004 : used memory is 611 MB, reserved memory is 569 MB, peak memory is 637 MB
RUN-1001 : reset_run syn_1 phy_1.
RUN-1001 : launch_runs syn_1 phy_1  -jobs 6.
RUN-1001 : syn_1: run complete.
RUN-1001 : phy_1: run complete.
RUN-1001 : open_run phy_1.
RUN-1002 : start command "import_db C:/Users/Lviva/Desktop/4MIC - SPAR _1_5/TD/ES8388_Runs/phy_1/ES8388_pr.db"
RUN-1001 : Importing database generated by Tang Dynasty, V5.6.71036.
RUN-1001 : Database version number 46146.
RUN-1001 : Import flow parameters
PHY-1001 : Generate detailed routing grids ...
PHY-1001 : Processed IO instance aud_dacdat_syn_4 with INV attribute.
PHY-1001 : Processed IO instance aud_dacdat_1_syn_4 with INV attribute.
PHY-1001 : Processed IO instance aud_dacdat_2_syn_4 with INV attribute.
PHY-1001 : Processed IO instance aud_dacdat_3_syn_4 with INV attribute.
PHY-1001 : Generate nets ...
PHY-1001 : clock net aud_bclk_syn_4 will be merged with clock aud_bclk_dup_1
PHY-1001 : clock net aud_bclk_1_syn_4 will be merged with clock aud_bclk_1_dup_1
PHY-1001 : clock net aud_bclk_2_syn_4 will be merged with clock aud_bclk_2_dup_1
PHY-1001 : clock net aud_bclk_3_syn_4 will be merged with clock aud_bclk_3_dup_1
PHY-1001 : net aud_mclk_dup_1 will be routed on clock mesh
PHY-1001 : net aud_mclk_1_dup_1 will be routed on clock mesh
PHY-1001 : net aud_mclk_2_dup_1 will be routed on clock mesh
PHY-1001 : net aud_mclk_3_dup_1 will be routed on clock mesh
PHY-1001 : clock net ilaclk_dup_1 will be merged with clock u_pll_clk/clk0_buf
PHY-1001 : clock net ilaclk_1_dup_1 will be merged with clock u1_pll_clk/clk0_buf
PHY-1001 : clock net ilaclk_2_dup_1 will be merged with clock u2_pll_clk/clk0_buf
PHY-1001 : clock net ilaclk_3_dup_1 will be merged with clock u3_pll_clk/clk0_buf
PHY-1001 : net sys_clk_dup_1 will be routed on clock mesh
PHY-1001 : clock net u1_es8388_ctrl/u_es8388_config/u_i2c_dri/dri_clk_syn_4 will be merged with clock u1_es8388_ctrl/u_es8388_config/u_i2c_dri/dri_clk
PHY-1001 : clock net u2_es8388_ctrl/u_es8388_config/u_i2c_dri/dri_clk_syn_4 will be merged with clock u2_es8388_ctrl/u_es8388_config/u_i2c_dri/dri_clk
PHY-1001 : clock net u3_es8388_ctrl/u_es8388_config/u_i2c_dri/dri_clk_syn_4 will be merged with clock u3_es8388_ctrl/u_es8388_config/u_i2c_dri/dri_clk
PHY-1001 : eco open net = 0
PHY-1001 : 21 feed throughs used by 14 nets
RUN-1001 : Import IO constraints
RUN-1001 : Import Inst constraints
RUN-1001 : Import design success TD_VERSION=5.6.71036 , DB_VERSION=46146
RUN-1003 : finish command "import_db C:/Users/Lviva/Desktop/4MIC - SPAR _1_5/TD/ES8388_Runs/phy_1/ES8388_pr.db" in  1.378186s wall, 1.281250s user + 0.171875s system = 1.453125s CPU (105.4%)

RUN-1004 : used memory is 614 MB, reserved memory is 568 MB, peak memory is 639 MB
RUN-1001 : reset_run syn_1 phy_1.
RUN-1001 : launch_runs syn_1 phy_1  -jobs 6.
RUN-1001 : syn_1: run complete.
RUN-1001 : phy_1: run complete.
RUN-1001 : open_run phy_1.
RUN-1002 : start command "import_db C:/Users/Lviva/Desktop/4MIC - SPAR _1_5/TD/ES8388_Runs/phy_1/ES8388_pr.db"
RUN-1001 : Importing database generated by Tang Dynasty, V5.6.71036.
RUN-1001 : Database version number 46146.
RUN-1001 : Import flow parameters
PHY-1001 : Generate detailed routing grids ...
PHY-1001 : Processed IO instance aud_dacdat_syn_4 with INV attribute.
PHY-1001 : Processed IO instance aud_dacdat_1_syn_4 with INV attribute.
PHY-1001 : Processed IO instance aud_dacdat_2_syn_4 with INV attribute.
PHY-1001 : Processed IO instance aud_dacdat_3_syn_4 with INV attribute.
PHY-1001 : Generate nets ...
PHY-1001 : clock net aud_bclk_syn_4 will be merged with clock aud_bclk_dup_1
PHY-1001 : clock net aud_bclk_1_syn_4 will be merged with clock aud_bclk_1_dup_1
PHY-1001 : clock net aud_bclk_2_syn_4 will be merged with clock aud_bclk_2_dup_1
PHY-1001 : clock net aud_bclk_3_syn_4 will be merged with clock aud_bclk_3_dup_1
PHY-1001 : net aud_mclk_dup_1 will be routed on clock mesh
PHY-1001 : net aud_mclk_1_dup_1 will be routed on clock mesh
PHY-1001 : net aud_mclk_2_dup_1 will be routed on clock mesh
PHY-1001 : net aud_mclk_3_dup_1 will be routed on clock mesh
PHY-1001 : clock net ilaclk_dup_1 will be merged with clock u_pll_clk/clk0_buf
PHY-1001 : clock net ilaclk_1_dup_1 will be merged with clock u1_pll_clk/clk0_buf
PHY-1001 : clock net ilaclk_2_dup_1 will be merged with clock u2_pll_clk/clk0_buf
PHY-1001 : clock net ilaclk_3_dup_1 will be merged with clock u3_pll_clk/clk0_buf
PHY-1001 : net sys_clk_dup_1 will be routed on clock mesh
PHY-1001 : clock net u1_es8388_ctrl/u_es8388_config/u_i2c_dri/dri_clk_syn_4 will be merged with clock u1_es8388_ctrl/u_es8388_config/u_i2c_dri/dri_clk
PHY-1001 : clock net u2_es8388_ctrl/u_es8388_config/u_i2c_dri/dri_clk_syn_4 will be merged with clock u2_es8388_ctrl/u_es8388_config/u_i2c_dri/dri_clk
PHY-1001 : clock net u3_es8388_ctrl/u_es8388_config/u_i2c_dri/dri_clk_syn_4 will be merged with clock u3_es8388_ctrl/u_es8388_config/u_i2c_dri/dri_clk
PHY-1001 : eco open net = 0
PHY-1001 : 21 feed throughs used by 14 nets
RUN-1001 : Import IO constraints
RUN-1001 : Import Inst constraints
RUN-1001 : Import design success TD_VERSION=5.6.71036 , DB_VERSION=46146
RUN-1003 : finish command "import_db C:/Users/Lviva/Desktop/4MIC - SPAR _1_5/TD/ES8388_Runs/phy_1/ES8388_pr.db" in  1.377128s wall, 1.281250s user + 0.203125s system = 1.484375s CPU (107.8%)

RUN-1004 : used memory is 619 MB, reserved memory is 572 MB, peak memory is 645 MB
RUN-1002 : start command "download -bit ES8388_Runs\phy_1\ES8388.bit -mode jtag -spd 7 -sec 64 -cable 0"
PRG-2014 : Chip validation success: EAGLE_S20_BG256
RUN-1002 : start command "bit_to_vec -chip EAGLE_S20_BG256 -m jtag_burst -freq 4 -bit ES8388_Runs/phy_1/ES8388.bit"
RUN-1002 : start command "program -cable 0 -mode svf -spd 7 -p"
RUN-1003 : finish command "program -cable 0 -mode svf -spd 7 -p" in  6.245430s wall, 0.078125s user + 0.375000s system = 0.453125s CPU (7.3%)

RUN-1004 : used memory is 691 MB, reserved memory is 612 MB, peak memory is 708 MB
RUN-1003 : finish command "download -bit ES8388_Runs\phy_1\ES8388.bit -mode jtag -spd 7 -sec 64 -cable 0" in  6.650127s wall, 0.171875s user + 0.437500s system = 0.609375s CPU (9.2%)

RUN-1004 : used memory is 691 MB, reserved memory is 612 MB, peak memory is 708 MB
GUI-1001 : Downloading succeeded!
HDL-1007 : analyze verilog file ../RTL/spar_4mic_localization.v
RUN-1001 : reset_run syn_1 phy_1.
GUI-6001 WARNING: File C:/Users/Lviva/Desktop/4MIC - SPAR _1_5/TD/ES8388_Runs/phy_1/ES8388.bit does not exist!
RUN-1001 : launch_runs syn_1 phy_1  -jobs 6.
RUN-1001 : syn_1: run complete.
RUN-1001 : phy_1: run complete.
RUN-1001 : open_run phy_1.
RUN-1002 : start command "import_db C:/Users/Lviva/Desktop/4MIC - SPAR _1_5/TD/ES8388_Runs/phy_1/ES8388_pr.db"
RUN-1001 : Importing database generated by Tang Dynasty, V5.6.71036.
RUN-1001 : Database version number 46146.
RUN-1001 : Import flow parameters
PHY-1001 : Generate detailed routing grids ...
PHY-1001 : Processed IO instance aud_dacdat_syn_4 with INV attribute.
PHY-1001 : Processed IO instance aud_dacdat_1_syn_4 with INV attribute.
PHY-1001 : Processed IO instance aud_dacdat_2_syn_4 with INV attribute.
PHY-1001 : Processed IO instance aud_dacdat_3_syn_4 with INV attribute.
PHY-1001 : Generate nets ...
PHY-1001 : clock net aud_bclk_syn_4 will be merged with clock aud_bclk_dup_1
PHY-1001 : clock net aud_bclk_1_syn_4 will be merged with clock aud_bclk_1_dup_1
PHY-1001 : clock net aud_bclk_2_syn_4 will be merged with clock aud_bclk_2_dup_1
PHY-1001 : clock net aud_bclk_3_syn_4 will be merged with clock aud_bclk_3_dup_1
PHY-1001 : net aud_mclk_dup_1 will be routed on clock mesh
PHY-1001 : net aud_mclk_1_dup_1 will be routed on clock mesh
PHY-1001 : net aud_mclk_2_dup_1 will be routed on clock mesh
PHY-1001 : net aud_mclk_3_dup_1 will be routed on clock mesh
PHY-1001 : clock net ilaclk_dup_1 will be merged with clock u_pll_clk/clk0_buf
PHY-1001 : clock net ilaclk_1_dup_1 will be merged with clock u1_pll_clk/clk0_buf
PHY-1001 : clock net ilaclk_2_dup_1 will be merged with clock u2_pll_clk/clk0_buf
PHY-1001 : clock net ilaclk_3_dup_1 will be merged with clock u3_pll_clk/clk0_buf
PHY-1001 : net sys_clk_dup_1 will be routed on clock mesh
PHY-1001 : clock net u1_es8388_ctrl/u_es8388_config/u_i2c_dri/dri_clk_syn_4 will be merged with clock u1_es8388_ctrl/u_es8388_config/u_i2c_dri/dri_clk
PHY-1001 : clock net u2_es8388_ctrl/u_es8388_config/u_i2c_dri/dri_clk_syn_4 will be merged with clock u2_es8388_ctrl/u_es8388_config/u_i2c_dri/dri_clk
PHY-1001 : clock net u3_es8388_ctrl/u_es8388_config/u_i2c_dri/dri_clk_syn_4 will be merged with clock u3_es8388_ctrl/u_es8388_config/u_i2c_dri/dri_clk
PHY-1001 : eco open net = 0
PHY-1001 : 24 feed throughs used by 22 nets
RUN-1001 : Import IO constraints
RUN-1001 : Import Inst constraints
RUN-1001 : Import design success TD_VERSION=5.6.71036 , DB_VERSION=46146
RUN-1003 : finish command "import_db C:/Users/Lviva/Desktop/4MIC - SPAR _1_5/TD/ES8388_Runs/phy_1/ES8388_pr.db" in  1.652499s wall, 1.578125s user + 0.265625s system = 1.843750s CPU (111.6%)

RUN-1004 : used memory is 763 MB, reserved memory is 686 MB, peak memory is 764 MB
RUN-1002 : start command "download -bit ES8388_Runs\phy_1\ES8388.bit -mode jtag -spd 7 -sec 64 -cable 0"
PRG-2014 : Chip validation success: EAGLE_S20_BG256
RUN-1002 : start command "bit_to_vec -chip EAGLE_S20_BG256 -m jtag_burst -freq 4 -bit ES8388_Runs/phy_1/ES8388.bit"
RUN-1002 : start command "program -cable 0 -mode svf -spd 7 -p"
RUN-1003 : finish command "program -cable 0 -mode svf -spd 7 -p" in  6.259652s wall, 0.125000s user + 0.468750s system = 0.593750s CPU (9.5%)

RUN-1004 : used memory is 761 MB, reserved memory is 684 MB, peak memory is 779 MB
RUN-1003 : finish command "download -bit ES8388_Runs\phy_1\ES8388.bit -mode jtag -spd 7 -sec 64 -cable 0" in  6.627164s wall, 0.125000s user + 0.546875s system = 0.671875s CPU (10.1%)

RUN-1004 : used memory is 761 MB, reserved memory is 684 MB, peak memory is 779 MB
GUI-1001 : Downloading succeeded!
HDL-1007 : analyze verilog file ../RTL/spar_4mic_localization.v
RUN-1001 : reset_run syn_1 phy_1.
GUI-6001 WARNING: File C:/Users/Lviva/Desktop/4MIC - SPAR _1_5/TD/ES8388_Runs/phy_1/ES8388.bit does not exist!
RUN-1001 : launch_runs syn_1 phy_1  -jobs 6.
RUN-1001 : syn_1: run complete.
RUN-1001 : phy_1: run complete.
RUN-1001 : open_run phy_1.
RUN-1002 : start command "import_db C:/Users/Lviva/Desktop/4MIC - SPAR _1_5/TD/ES8388_Runs/phy_1/ES8388_pr.db"
RUN-1001 : Importing database generated by Tang Dynasty, V5.6.71036.
RUN-1001 : Database version number 46146.
RUN-1001 : Import flow parameters
PHY-1001 : Generate detailed routing grids ...
PHY-1001 : Processed IO instance aud_dacdat_syn_4 with INV attribute.
PHY-1001 : Processed IO instance aud_dacdat_1_syn_4 with INV attribute.
PHY-1001 : Processed IO instance aud_dacdat_2_syn_4 with INV attribute.
PHY-1001 : Processed IO instance aud_dacdat_3_syn_4 with INV attribute.
PHY-1001 : Generate nets ...
PHY-1001 : clock net aud_bclk_syn_4 will be merged with clock aud_bclk_dup_1
PHY-1001 : clock net aud_bclk_1_syn_4 will be merged with clock aud_bclk_1_dup_1
PHY-1001 : clock net aud_bclk_2_syn_4 will be merged with clock aud_bclk_2_dup_1
PHY-1001 : clock net aud_bclk_3_syn_4 will be merged with clock aud_bclk_3_dup_1
PHY-1001 : net aud_mclk_dup_1 will be routed on clock mesh
PHY-1001 : net aud_mclk_1_dup_1 will be routed on clock mesh
PHY-1001 : net aud_mclk_2_dup_1 will be routed on clock mesh
PHY-1001 : net aud_mclk_3_dup_1 will be routed on clock mesh
PHY-1001 : clock net ilaclk_dup_1 will be merged with clock u_pll_clk/clk0_buf
PHY-1001 : clock net ilaclk_1_dup_1 will be merged with clock u1_pll_clk/clk0_buf
PHY-1001 : clock net ilaclk_2_dup_1 will be merged with clock u2_pll_clk/clk0_buf
PHY-1001 : clock net ilaclk_3_dup_1 will be merged with clock u3_pll_clk/clk0_buf
PHY-1001 : net sys_clk_dup_1 will be routed on clock mesh
PHY-1001 : clock net u1_es8388_ctrl/u_es8388_config/u_i2c_dri/dri_clk_syn_4 will be merged with clock u1_es8388_ctrl/u_es8388_config/u_i2c_dri/dri_clk
PHY-1001 : clock net u2_es8388_ctrl/u_es8388_config/u_i2c_dri/dri_clk_syn_4 will be merged with clock u2_es8388_ctrl/u_es8388_config/u_i2c_dri/dri_clk
PHY-1001 : clock net u3_es8388_ctrl/u_es8388_config/u_i2c_dri/dri_clk_syn_4 will be merged with clock u3_es8388_ctrl/u_es8388_config/u_i2c_dri/dri_clk
PHY-1001 : eco open net = 0
PHY-1001 : 15 feed throughs used by 15 nets
RUN-1001 : Import IO constraints
RUN-1001 : Import Inst constraints
RUN-1001 : Import design success TD_VERSION=5.6.71036 , DB_VERSION=46146
RUN-1003 : finish command "import_db C:/Users/Lviva/Desktop/4MIC - SPAR _1_5/TD/ES8388_Runs/phy_1/ES8388_pr.db" in  1.657492s wall, 1.609375s user + 0.156250s system = 1.765625s CPU (106.5%)

RUN-1004 : used memory is 771 MB, reserved memory is 695 MB, peak memory is 779 MB
RUN-1002 : start command "download -bit ES8388_Runs\phy_1\ES8388.bit -mode jtag -spd 7 -sec 64 -cable 0"
PRG-2014 : Chip validation success: EAGLE_S20_BG256
RUN-1002 : start command "bit_to_vec -chip EAGLE_S20_BG256 -m jtag_burst -freq 4 -bit ES8388_Runs/phy_1/ES8388.bit"
RUN-1002 : start command "program -cable 0 -mode svf -spd 7 -p"
RUN-1003 : finish command "program -cable 0 -mode svf -spd 7 -p" in  6.257217s wall, 0.093750s user + 0.218750s system = 0.312500s CPU (5.0%)

RUN-1004 : used memory is 769 MB, reserved memory is 694 MB, peak memory is 786 MB
RUN-1003 : finish command "download -bit ES8388_Runs\phy_1\ES8388.bit -mode jtag -spd 7 -sec 64 -cable 0" in  6.624569s wall, 0.156250s user + 0.234375s system = 0.390625s CPU (5.9%)

RUN-1004 : used memory is 769 MB, reserved memory is 694 MB, peak memory is 786 MB
GUI-1001 : Downloading succeeded!
HDL-1007 : analyze verilog file ../RTL/spar_4mic_localization.v
RUN-1001 : reset_run syn_1 phy_1.
GUI-6001 WARNING: File C:/Users/Lviva/Desktop/4MIC - SPAR _1_5/TD/ES8388_Runs/phy_1/ES8388.bit does not exist!
RUN-1001 : launch_runs syn_1 phy_1  -jobs 6.
RUN-1001 : syn_1: run complete.
RUN-1001 : phy_1: run complete.
RUN-1001 : open_run phy_1.
RUN-1002 : start command "import_db C:/Users/Lviva/Desktop/4MIC - SPAR _1_5/TD/ES8388_Runs/phy_1/ES8388_pr.db"
RUN-1001 : Importing database generated by Tang Dynasty, V5.6.71036.
RUN-1001 : Database version number 46146.
RUN-1001 : Import flow parameters
PHY-1001 : Generate detailed routing grids ...
PHY-1001 : Processed IO instance aud_dacdat_syn_4 with INV attribute.
PHY-1001 : Processed IO instance aud_dacdat_1_syn_4 with INV attribute.
PHY-1001 : Processed IO instance aud_dacdat_2_syn_4 with INV attribute.
PHY-1001 : Processed IO instance aud_dacdat_3_syn_4 with INV attribute.
PHY-1001 : Generate nets ...
PHY-1001 : clock net aud_bclk_syn_4 will be merged with clock aud_bclk_dup_1
PHY-1001 : clock net aud_bclk_1_syn_4 will be merged with clock aud_bclk_1_dup_1
PHY-1001 : clock net aud_bclk_2_syn_4 will be merged with clock aud_bclk_2_dup_1
PHY-1001 : clock net aud_bclk_3_syn_4 will be merged with clock aud_bclk_3_dup_1
PHY-1001 : net aud_mclk_dup_1 will be routed on clock mesh
PHY-1001 : net aud_mclk_1_dup_1 will be routed on clock mesh
PHY-1001 : net aud_mclk_2_dup_1 will be routed on clock mesh
PHY-1001 : net aud_mclk_3_dup_1 will be routed on clock mesh
PHY-1001 : clock net ilaclk_dup_1 will be merged with clock u_pll_clk/clk0_buf
PHY-1001 : clock net ilaclk_1_dup_1 will be merged with clock u1_pll_clk/clk0_buf
PHY-1001 : clock net ilaclk_2_dup_1 will be merged with clock u2_pll_clk/clk0_buf
PHY-1001 : clock net ilaclk_3_dup_1 will be merged with clock u3_pll_clk/clk0_buf
PHY-1001 : net sys_clk_dup_1 will be routed on clock mesh
PHY-1001 : clock net u1_es8388_ctrl/u_es8388_config/u_i2c_dri/dri_clk_syn_4 will be merged with clock u1_es8388_ctrl/u_es8388_config/u_i2c_dri/dri_clk
PHY-1001 : clock net u2_es8388_ctrl/u_es8388_config/u_i2c_dri/dri_clk_syn_4 will be merged with clock u2_es8388_ctrl/u_es8388_config/u_i2c_dri/dri_clk
PHY-1001 : clock net u3_es8388_ctrl/u_es8388_config/u_i2c_dri/dri_clk_syn_4 will be merged with clock u3_es8388_ctrl/u_es8388_config/u_i2c_dri/dri_clk
PHY-1001 : eco open net = 0
PHY-1001 : 27 feed throughs used by 26 nets
RUN-1001 : Import IO constraints
RUN-1001 : Import Inst constraints
RUN-1001 : Import design success TD_VERSION=5.6.71036 , DB_VERSION=46146
RUN-1003 : finish command "import_db C:/Users/Lviva/Desktop/4MIC - SPAR _1_5/TD/ES8388_Runs/phy_1/ES8388_pr.db" in  1.569398s wall, 1.468750s user + 0.250000s system = 1.718750s CPU (109.5%)

RUN-1004 : used memory is 760 MB, reserved memory is 687 MB, peak memory is 786 MB
RUN-1002 : start command "download -bit ES8388_Runs\phy_1\ES8388.bit -mode jtag -spd 7 -sec 64 -cable 0"
PRG-2014 : Chip validation success: EAGLE_S20_BG256
RUN-1002 : start command "bit_to_vec -chip EAGLE_S20_BG256 -m jtag_burst -freq 4 -bit ES8388_Runs/phy_1/ES8388.bit"
RUN-1002 : start command "program -cable 0 -mode svf -spd 7 -p"
RUN-1003 : finish command "program -cable 0 -mode svf -spd 7 -p" in  6.262417s wall, 0.109375s user + 0.328125s system = 0.437500s CPU (7.0%)

RUN-1004 : used memory is 761 MB, reserved memory is 687 MB, peak memory is 786 MB
RUN-1003 : finish command "download -bit ES8388_Runs\phy_1\ES8388.bit -mode jtag -spd 7 -sec 64 -cable 0" in  6.629240s wall, 0.187500s user + 0.375000s system = 0.562500s CPU (8.5%)

RUN-1004 : used memory is 761 MB, reserved memory is 687 MB, peak memory is 786 MB
GUI-1001 : Downloading succeeded!
HDL-1007 : analyze verilog file ../RTL/spar_4mic_localization.v
HDL-8007 ERROR: unexpected EOF in ../RTL/spar_4mic_localization.v(240)
HDL-1007 : Verilog file '../RTL/spar_4mic_localization.v' ignored due to errors
HDL-1007 : analyze verilog file ../RTL/spar_4mic_localization.v
RUN-1001 : reset_run syn_1 phy_1.
GUI-6001 WARNING: File C:/Users/Lviva/Desktop/4MIC - SPAR _1_5/TD/ES8388_Runs/phy_1/ES8388.bit does not exist!
RUN-1001 : launch_runs syn_1 phy_1  -jobs 6.
RUN-1001 : syn_1: run complete.
RUN-1001 : phy_1: run complete.
RUN-1001 : open_run phy_1.
RUN-1002 : start command "import_db C:/Users/Lviva/Desktop/4MIC - SPAR _1_5/TD/ES8388_Runs/phy_1/ES8388_pr.db"
RUN-1001 : Importing database generated by Tang Dynasty, V5.6.71036.
RUN-1001 : Database version number 46146.
RUN-1001 : Import flow parameters
PHY-1001 : Generate detailed routing grids ...
PHY-1001 : Processed IO instance aud_dacdat_syn_4 with INV attribute.
PHY-1001 : Processed IO instance aud_dacdat_1_syn_4 with INV attribute.
PHY-1001 : Processed IO instance aud_dacdat_2_syn_4 with INV attribute.
PHY-1001 : Processed IO instance aud_dacdat_3_syn_4 with INV attribute.
PHY-1001 : Generate nets ...
PHY-1001 : clock net aud_bclk_syn_4 will be merged with clock aud_bclk_dup_1
PHY-1001 : clock net aud_bclk_1_syn_4 will be merged with clock aud_bclk_1_dup_1
PHY-1001 : clock net aud_bclk_2_syn_4 will be merged with clock aud_bclk_2_dup_1
PHY-1001 : clock net aud_bclk_3_syn_4 will be merged with clock aud_bclk_3_dup_1
PHY-1001 : net aud_mclk_dup_1 will be routed on clock mesh
PHY-1001 : net aud_mclk_1_dup_1 will be routed on clock mesh
PHY-1001 : net aud_mclk_2_dup_1 will be routed on clock mesh
PHY-1001 : net aud_mclk_3_dup_1 will be routed on clock mesh
PHY-1001 : clock net ilaclk_dup_1 will be merged with clock u_pll_clk/clk0_buf
PHY-1001 : clock net ilaclk_1_dup_1 will be merged with clock u1_pll_clk/clk0_buf
PHY-1001 : clock net ilaclk_2_dup_1 will be merged with clock u2_pll_clk/clk0_buf
PHY-1001 : clock net ilaclk_3_dup_1 will be merged with clock u3_pll_clk/clk0_buf
PHY-1001 : net sys_clk_dup_1 will be routed on clock mesh
PHY-1001 : clock net u1_es8388_ctrl/u_es8388_config/u_i2c_dri/dri_clk_syn_4 will be merged with clock u1_es8388_ctrl/u_es8388_config/u_i2c_dri/dri_clk
PHY-1001 : clock net u2_es8388_ctrl/u_es8388_config/u_i2c_dri/dri_clk_syn_4 will be merged with clock u2_es8388_ctrl/u_es8388_config/u_i2c_dri/dri_clk
PHY-1001 : clock net u3_es8388_ctrl/u_es8388_config/u_i2c_dri/dri_clk_syn_4 will be merged with clock u3_es8388_ctrl/u_es8388_config/u_i2c_dri/dri_clk
PHY-1001 : eco open net = 0
PHY-1001 : 29 feed throughs used by 19 nets
RUN-1001 : Import IO constraints
RUN-1001 : Import Inst constraints
RUN-1001 : Import design success TD_VERSION=5.6.71036 , DB_VERSION=46146
RUN-1003 : finish command "import_db C:/Users/Lviva/Desktop/4MIC - SPAR _1_5/TD/ES8388_Runs/phy_1/ES8388_pr.db" in  1.652163s wall, 1.500000s user + 0.187500s system = 1.687500s CPU (102.1%)

RUN-1004 : used memory is 652 MB, reserved memory is 679 MB, peak memory is 786 MB
RUN-1002 : start command "download -bit ES8388_Runs\phy_1\ES8388.bit -mode jtag -spd 7 -sec 64 -cable 0"
PRG-2014 : Chip validation success: EAGLE_S20_BG256
RUN-1002 : start command "bit_to_vec -chip EAGLE_S20_BG256 -m jtag_burst -freq 4 -bit ES8388_Runs/phy_1/ES8388.bit"
RUN-1002 : start command "program -cable 0 -mode svf -spd 7 -p"
RUN-1003 : finish command "program -cable 0 -mode svf -spd 7 -p" in  6.247503s wall, 0.125000s user + 0.546875s system = 0.671875s CPU (10.8%)

RUN-1004 : used memory is 651 MB, reserved memory is 679 MB, peak memory is 786 MB
RUN-1003 : finish command "download -bit ES8388_Runs\phy_1\ES8388.bit -mode jtag -spd 7 -sec 64 -cable 0" in  6.616122s wall, 0.187500s user + 0.578125s system = 0.765625s CPU (11.6%)

RUN-1004 : used memory is 651 MB, reserved memory is 679 MB, peak memory is 786 MB
GUI-1001 : Downloading succeeded!
HDL-1007 : analyze verilog file ../RTL/spar_4mic_localization.v
RUN-1001 : reset_run syn_1 phy_1.
GUI-6001 WARNING: File C:/Users/Lviva/Desktop/4MIC - SPAR _1_5/TD/ES8388_Runs/phy_1/ES8388.bit does not exist!
RUN-1001 : launch_runs syn_1 phy_1  -jobs 6.
RUN-1001 : syn_1: run complete.
RUN-1001 : phy_1: run complete.
RUN-1001 : open_run phy_1.
RUN-1002 : start command "import_db C:/Users/Lviva/Desktop/4MIC - SPAR _1_5/TD/ES8388_Runs/phy_1/ES8388_pr.db"
RUN-1001 : Importing database generated by Tang Dynasty, V5.6.71036.
RUN-1001 : Database version number 46146.
RUN-1001 : Import flow parameters
PHY-1001 : Generate detailed routing grids ...
PHY-1001 : Processed IO instance aud_dacdat_syn_4 with INV attribute.
PHY-1001 : Processed IO instance aud_dacdat_1_syn_4 with INV attribute.
PHY-1001 : Processed IO instance aud_dacdat_2_syn_4 with INV attribute.
PHY-1001 : Processed IO instance aud_dacdat_3_syn_4 with INV attribute.
PHY-1001 : Generate nets ...
PHY-1001 : clock net aud_bclk_syn_4 will be merged with clock aud_bclk_dup_1
PHY-1001 : clock net aud_bclk_1_syn_4 will be merged with clock aud_bclk_1_dup_1
PHY-1001 : clock net aud_bclk_2_syn_4 will be merged with clock aud_bclk_2_dup_1
PHY-1001 : clock net aud_bclk_3_syn_4 will be merged with clock aud_bclk_3_dup_1
PHY-1001 : net aud_mclk_dup_1 will be routed on clock mesh
PHY-1001 : net aud_mclk_1_dup_1 will be routed on clock mesh
PHY-1001 : net aud_mclk_2_dup_1 will be routed on clock mesh
PHY-1001 : net aud_mclk_3_dup_1 will be routed on clock mesh
PHY-1001 : clock net ilaclk_dup_1 will be merged with clock u_pll_clk/clk0_buf
PHY-1001 : clock net ilaclk_1_dup_1 will be merged with clock u1_pll_clk/clk0_buf
PHY-1001 : clock net ilaclk_2_dup_1 will be merged with clock u2_pll_clk/clk0_buf
PHY-1001 : clock net ilaclk_3_dup_1 will be merged with clock u3_pll_clk/clk0_buf
PHY-1001 : net sys_clk_dup_1 will be routed on clock mesh
PHY-1001 : clock net u1_es8388_ctrl/u_es8388_config/u_i2c_dri/dri_clk_syn_4 will be merged with clock u1_es8388_ctrl/u_es8388_config/u_i2c_dri/dri_clk
PHY-1001 : clock net u2_es8388_ctrl/u_es8388_config/u_i2c_dri/dri_clk_syn_4 will be merged with clock u2_es8388_ctrl/u_es8388_config/u_i2c_dri/dri_clk
PHY-1001 : clock net u3_es8388_ctrl/u_es8388_config/u_i2c_dri/dri_clk_syn_4 will be merged with clock u3_es8388_ctrl/u_es8388_config/u_i2c_dri/dri_clk
PHY-1001 : eco open net = 0
PHY-1001 : 56 feed throughs used by 32 nets
RUN-1001 : Import IO constraints
RUN-1001 : Import Inst constraints
RUN-1001 : Import design success TD_VERSION=5.6.71036 , DB_VERSION=46146
RUN-1003 : finish command "import_db C:/Users/Lviva/Desktop/4MIC - SPAR _1_5/TD/ES8388_Runs/phy_1/ES8388_pr.db" in  1.644045s wall, 1.546875s user + 0.234375s system = 1.781250s CPU (108.3%)

RUN-1004 : used memory is 657 MB, reserved memory is 686 MB, peak memory is 786 MB
RUN-1002 : start command "download -bit ES8388_Runs\phy_1\ES8388.bit -mode jtag -spd 7 -sec 64 -cable 0"
PRG-2014 : Chip validation success: EAGLE_S20_BG256
RUN-1002 : start command "bit_to_vec -chip EAGLE_S20_BG256 -m jtag_burst -freq 4 -bit ES8388_Runs/phy_1/ES8388.bit"
RUN-1002 : start command "program -cable 0 -mode svf -spd 7 -p"
RUN-1003 : finish command "program -cable 0 -mode svf -spd 7 -p" in  6.244895s wall, 0.062500s user + 0.671875s system = 0.734375s CPU (11.8%)

RUN-1004 : used memory is 658 MB, reserved memory is 687 MB, peak memory is 786 MB
RUN-1003 : finish command "download -bit ES8388_Runs\phy_1\ES8388.bit -mode jtag -spd 7 -sec 64 -cable 0" in  6.615120s wall, 0.140625s user + 0.687500s system = 0.828125s CPU (12.5%)

RUN-1004 : used memory is 658 MB, reserved memory is 687 MB, peak memory is 786 MB
GUI-1001 : Downloading succeeded!
HDL-1007 : analyze verilog file ../RTL/spar_4mic_localization.v
RUN-1001 : reset_run syn_1 phy_1.
GUI-6001 WARNING: File C:/Users/Lviva/Desktop/4MIC - SPAR _1_5/TD/ES8388_Runs/phy_1/ES8388.bit does not exist!
RUN-1001 : launch_runs syn_1 phy_1  -jobs 6.
RUN-1001 : syn_1: run complete.
RUN-1001 : phy_1: run complete.
RUN-1001 : open_run phy_1.
RUN-1002 : start command "import_db C:/Users/Lviva/Desktop/4MIC - SPAR _1_5/TD/ES8388_Runs/phy_1/ES8388_pr.db"
RUN-1001 : Importing database generated by Tang Dynasty, V5.6.71036.
RUN-1001 : Database version number 46146.
RUN-1001 : Import flow parameters
PHY-1001 : Generate detailed routing grids ...
PHY-1001 : Processed IO instance aud_dacdat_syn_4 with INV attribute.
PHY-1001 : Processed IO instance aud_dacdat_1_syn_4 with INV attribute.
PHY-1001 : Processed IO instance aud_dacdat_2_syn_4 with INV attribute.
PHY-1001 : Processed IO instance aud_dacdat_3_syn_4 with INV attribute.
PHY-1001 : Generate nets ...
PHY-1001 : clock net aud_bclk_syn_4 will be merged with clock aud_bclk_dup_1
PHY-1001 : clock net aud_bclk_1_syn_4 will be merged with clock aud_bclk_1_dup_1
PHY-1001 : clock net aud_bclk_2_syn_4 will be merged with clock aud_bclk_2_dup_1
PHY-1001 : clock net aud_bclk_3_syn_4 will be merged with clock aud_bclk_3_dup_1
PHY-1001 : net aud_mclk_dup_1 will be routed on clock mesh
PHY-1001 : net aud_mclk_1_dup_1 will be routed on clock mesh
PHY-1001 : net aud_mclk_2_dup_1 will be routed on clock mesh
PHY-1001 : net aud_mclk_3_dup_1 will be routed on clock mesh
PHY-1001 : clock net ilaclk_dup_1 will be merged with clock u_pll_clk/clk0_buf
PHY-1001 : clock net ilaclk_1_dup_1 will be merged with clock u1_pll_clk/clk0_buf
PHY-1001 : clock net ilaclk_2_dup_1 will be merged with clock u2_pll_clk/clk0_buf
PHY-1001 : clock net ilaclk_3_dup_1 will be merged with clock u3_pll_clk/clk0_buf
PHY-1001 : net sys_clk_dup_1 will be routed on clock mesh
PHY-1001 : clock net u1_es8388_ctrl/u_es8388_config/u_i2c_dri/dri_clk_syn_4 will be merged with clock u1_es8388_ctrl/u_es8388_config/u_i2c_dri/dri_clk
PHY-1001 : clock net u2_es8388_ctrl/u_es8388_config/u_i2c_dri/dri_clk_syn_4 will be merged with clock u2_es8388_ctrl/u_es8388_config/u_i2c_dri/dri_clk
PHY-1001 : clock net u3_es8388_ctrl/u_es8388_config/u_i2c_dri/dri_clk_syn_4 will be merged with clock u3_es8388_ctrl/u_es8388_config/u_i2c_dri/dri_clk
PHY-1001 : eco open net = 0
PHY-1001 : 17 feed throughs used by 14 nets
RUN-1001 : Import IO constraints
RUN-1001 : Import Inst constraints
RUN-1001 : Import design success TD_VERSION=5.6.71036 , DB_VERSION=46146
RUN-1003 : finish command "import_db C:/Users/Lviva/Desktop/4MIC - SPAR _1_5/TD/ES8388_Runs/phy_1/ES8388_pr.db" in  1.291095s wall, 1.281250s user + 0.156250s system = 1.437500s CPU (111.3%)

RUN-1004 : used memory is 601 MB, reserved memory is 622 MB, peak memory is 786 MB
RUN-1002 : start command "download -bit ES8388_Runs\phy_1\ES8388.bit -mode jtag -spd 7 -sec 64 -cable 0"
PRG-2014 : Chip validation success: EAGLE_S20_BG256
RUN-1002 : start command "bit_to_vec -chip EAGLE_S20_BG256 -m jtag_burst -freq 4 -bit ES8388_Runs/phy_1/ES8388.bit"
RUN-1002 : start command "program -cable 0 -mode svf -spd 7 -p"
RUN-1003 : finish command "program -cable 0 -mode svf -spd 7 -p" in  6.255434s wall, 0.078125s user + 0.359375s system = 0.437500s CPU (7.0%)

RUN-1004 : used memory is 611 MB, reserved memory is 634 MB, peak memory is 786 MB
RUN-1003 : finish command "download -bit ES8388_Runs\phy_1\ES8388.bit -mode jtag -spd 7 -sec 64 -cable 0" in  6.624830s wall, 0.125000s user + 0.375000s system = 0.500000s CPU (7.5%)

RUN-1004 : used memory is 611 MB, reserved memory is 634 MB, peak memory is 786 MB
GUI-1001 : Downloading succeeded!
HDL-1007 : analyze verilog file ../RTL/spar_4mic_localization.v
RUN-1001 : reset_run syn_1 phy_1.
GUI-6001 WARNING: File C:/Users/Lviva/Desktop/4MIC - SPAR _1_5/TD/ES8388_Runs/phy_1/ES8388.bit does not exist!
RUN-1001 : launch_runs syn_1 phy_1  -jobs 6.
RUN-1001 : syn_1: run complete.
RUN-1001 : phy_1: run complete.
RUN-1001 : open_run phy_1.
RUN-1002 : start command "import_db C:/Users/Lviva/Desktop/4MIC - SPAR _1_5/TD/ES8388_Runs/phy_1/ES8388_pr.db"
RUN-1001 : Importing database generated by Tang Dynasty, V5.6.71036.
RUN-1001 : Database version number 46146.
RUN-1001 : Import flow parameters
PHY-1001 : Generate detailed routing grids ...
PHY-1001 : Processed IO instance aud_dacdat_syn_4 with INV attribute.
PHY-1001 : Processed IO instance aud_dacdat_1_syn_4 with INV attribute.
PHY-1001 : Processed IO instance aud_dacdat_2_syn_4 with INV attribute.
PHY-1001 : Processed IO instance aud_dacdat_3_syn_4 with INV attribute.
PHY-1001 : Generate nets ...
PHY-1001 : clock net aud_bclk_syn_4 will be merged with clock aud_bclk_dup_1
PHY-1001 : clock net aud_bclk_1_syn_4 will be merged with clock aud_bclk_1_dup_1
PHY-1001 : clock net aud_bclk_2_syn_4 will be merged with clock aud_bclk_2_dup_1
PHY-1001 : clock net aud_bclk_3_syn_4 will be merged with clock aud_bclk_3_dup_1
PHY-1001 : net aud_mclk_dup_1 will be routed on clock mesh
PHY-1001 : net aud_mclk_1_dup_1 will be routed on clock mesh
PHY-1001 : net aud_mclk_2_dup_1 will be routed on clock mesh
PHY-1001 : net aud_mclk_3_dup_1 will be routed on clock mesh
PHY-1001 : clock net ilaclk_dup_1 will be merged with clock u_pll_clk/clk0_buf
PHY-1001 : clock net ilaclk_1_dup_1 will be merged with clock u1_pll_clk/clk0_buf
PHY-1001 : clock net ilaclk_2_dup_1 will be merged with clock u2_pll_clk/clk0_buf
PHY-1001 : clock net ilaclk_3_dup_1 will be merged with clock u3_pll_clk/clk0_buf
PHY-1001 : net sys_clk_dup_1 will be routed on clock mesh
PHY-1001 : clock net u1_es8388_ctrl/u_es8388_config/u_i2c_dri/dri_clk_syn_4 will be merged with clock u1_es8388_ctrl/u_es8388_config/u_i2c_dri/dri_clk
PHY-1001 : clock net u2_es8388_ctrl/u_es8388_config/u_i2c_dri/dri_clk_syn_4 will be merged with clock u2_es8388_ctrl/u_es8388_config/u_i2c_dri/dri_clk
PHY-1001 : clock net u3_es8388_ctrl/u_es8388_config/u_i2c_dri/dri_clk_syn_4 will be merged with clock u3_es8388_ctrl/u_es8388_config/u_i2c_dri/dri_clk
PHY-1001 : eco open net = 0
PHY-1001 : 18 feed throughs used by 18 nets
RUN-1001 : Import IO constraints
RUN-1001 : Import Inst constraints
RUN-1001 : Import design success TD_VERSION=5.6.71036 , DB_VERSION=46146
RUN-1003 : finish command "import_db C:/Users/Lviva/Desktop/4MIC - SPAR _1_5/TD/ES8388_Runs/phy_1/ES8388_pr.db" in  1.227331s wall, 1.125000s user + 0.234375s system = 1.359375s CPU (110.8%)

RUN-1004 : used memory is 642 MB, reserved memory is 672 MB, peak memory is 786 MB
RUN-1002 : start command "download -bit ES8388_Runs\phy_1\ES8388.bit -mode jtag -spd 7 -sec 64 -cable 0"
PRG-2014 : Chip validation success: EAGLE_S20_BG256
RUN-1002 : start command "bit_to_vec -chip EAGLE_S20_BG256 -m jtag_burst -freq 4 -bit ES8388_Runs/phy_1/ES8388.bit"
RUN-1002 : start command "program -cable 0 -mode svf -spd 7 -p"
RUN-1003 : finish command "program -cable 0 -mode svf -spd 7 -p" in  6.256030s wall, 0.093750s user + 0.359375s system = 0.453125s CPU (7.2%)

RUN-1004 : used memory is 641 MB, reserved memory is 672 MB, peak memory is 786 MB
RUN-1003 : finish command "download -bit ES8388_Runs\phy_1\ES8388.bit -mode jtag -spd 7 -sec 64 -cable 0" in  6.625731s wall, 0.156250s user + 0.406250s system = 0.562500s CPU (8.5%)

RUN-1004 : used memory is 641 MB, reserved memory is 672 MB, peak memory is 786 MB
GUI-1001 : Downloading succeeded!
HDL-1007 : analyze verilog file ../RTL/spar_4mic_localization.v
RUN-1001 : reset_run syn_1 phy_1.
GUI-6001 WARNING: File C:/Users/Lviva/Desktop/4MIC - SPAR _1_5/TD/ES8388_Runs/phy_1/ES8388.bit does not exist!
RUN-1001 : launch_runs syn_1 phy_1  -jobs 6.
RUN-1001 : syn_1: run complete.
RUN-1001 : phy_1: run complete.
RUN-1001 : open_run phy_1.
RUN-1002 : start command "import_db C:/Users/Lviva/Desktop/4MIC - SPAR _1_5/TD/ES8388_Runs/phy_1/ES8388_pr.db"
RUN-1001 : Importing database generated by Tang Dynasty, V5.6.71036.
RUN-1001 : Database version number 46146.
RUN-1001 : Import flow parameters
PHY-1001 : Generate detailed routing grids ...
PHY-1001 : Processed IO instance aud_dacdat_syn_4 with INV attribute.
PHY-1001 : Processed IO instance aud_dacdat_1_syn_4 with INV attribute.
PHY-1001 : Processed IO instance aud_dacdat_2_syn_4 with INV attribute.
PHY-1001 : Processed IO instance aud_dacdat_3_syn_4 with INV attribute.
PHY-1001 : Generate nets ...
PHY-1001 : clock net aud_bclk_syn_4 will be merged with clock aud_bclk_dup_1
PHY-1001 : clock net aud_bclk_1_syn_4 will be merged with clock aud_bclk_1_dup_1
PHY-1001 : clock net aud_bclk_2_syn_4 will be merged with clock aud_bclk_2_dup_1
PHY-1001 : clock net aud_bclk_3_syn_4 will be merged with clock aud_bclk_3_dup_1
PHY-1001 : net aud_mclk_dup_1 will be routed on clock mesh
PHY-1001 : net aud_mclk_1_dup_1 will be routed on clock mesh
PHY-1001 : net aud_mclk_2_dup_1 will be routed on clock mesh
PHY-1001 : net aud_mclk_3_dup_1 will be routed on clock mesh
PHY-1001 : clock net ilaclk_dup_1 will be merged with clock u_pll_clk/clk0_buf
PHY-1001 : clock net ilaclk_1_dup_1 will be merged with clock u1_pll_clk/clk0_buf
PHY-1001 : clock net ilaclk_2_dup_1 will be merged with clock u2_pll_clk/clk0_buf
PHY-1001 : clock net ilaclk_3_dup_1 will be merged with clock u3_pll_clk/clk0_buf
PHY-1001 : net sys_clk_dup_1 will be routed on clock mesh
PHY-1001 : clock net u1_es8388_ctrl/u_es8388_config/u_i2c_dri/dri_clk_syn_4 will be merged with clock u1_es8388_ctrl/u_es8388_config/u_i2c_dri/dri_clk
PHY-1001 : clock net u2_es8388_ctrl/u_es8388_config/u_i2c_dri/dri_clk_syn_4 will be merged with clock u2_es8388_ctrl/u_es8388_config/u_i2c_dri/dri_clk
PHY-1001 : clock net u3_es8388_ctrl/u_es8388_config/u_i2c_dri/dri_clk_syn_4 will be merged with clock u3_es8388_ctrl/u_es8388_config/u_i2c_dri/dri_clk
PHY-1001 : eco open net = 0
PHY-1001 : 10 feed throughs used by 10 nets
RUN-1001 : Import IO constraints
RUN-1001 : Import Inst constraints
RUN-1001 : Import design success TD_VERSION=5.6.71036 , DB_VERSION=46146
RUN-1003 : finish command "import_db C:/Users/Lviva/Desktop/4MIC - SPAR _1_5/TD/ES8388_Runs/phy_1/ES8388_pr.db" in  1.259399s wall, 1.187500s user + 0.203125s system = 1.390625s CPU (110.4%)

RUN-1004 : used memory is 643 MB, reserved memory is 674 MB, peak memory is 786 MB
RUN-1002 : start command "download -bit ES8388_Runs\phy_1\ES8388.bit -mode jtag -spd 7 -sec 64 -cable 0"
PRG-2014 : Chip validation success: EAGLE_S20_BG256
RUN-1002 : start command "bit_to_vec -chip EAGLE_S20_BG256 -m jtag_burst -freq 4 -bit ES8388_Runs/phy_1/ES8388.bit"
RUN-1002 : start command "program -cable 0 -mode svf -spd 7 -p"
RUN-1003 : finish command "program -cable 0 -mode svf -spd 7 -p" in  6.256428s wall, 0.000000s user + 0.375000s system = 0.375000s CPU (6.0%)

RUN-1004 : used memory is 645 MB, reserved memory is 675 MB, peak memory is 786 MB
RUN-1003 : finish command "download -bit ES8388_Runs\phy_1\ES8388.bit -mode jtag -spd 7 -sec 64 -cable 0" in  6.624436s wall, 0.062500s user + 0.421875s system = 0.484375s CPU (7.3%)

RUN-1004 : used memory is 645 MB, reserved memory is 675 MB, peak memory is 786 MB
GUI-1001 : Downloading succeeded!
HDL-1007 : analyze verilog file ../RTL/spar_4mic_localization.v
HDL-5007 WARNING: literal value 'd1000000 truncated to fit in 8 bits in ../RTL/spar_4mic_localization.v(19)
HDL-5007 WARNING: literal value 'd3000000 truncated to fit in 8 bits in ../RTL/spar_4mic_localization.v(20)
HDL-1007 : analyze verilog file ../RTL/spar_4mic_localization.v
RUN-1001 : reset_run syn_1 phy_1.
GUI-6001 WARNING: File C:/Users/Lviva/Desktop/4MIC - SPAR _1_5/TD/ES8388_Runs/phy_1/ES8388.bit does not exist!
RUN-1001 : launch_runs syn_1 phy_1  -jobs 6.
RUN-1001 : syn_1: run complete.
RUN-1001 : phy_1: run complete.
RUN-1001 : open_run phy_1.
RUN-1002 : start command "import_db C:/Users/Lviva/Desktop/4MIC - SPAR _1_5/TD/ES8388_Runs/phy_1/ES8388_pr.db"
RUN-1001 : Importing database generated by Tang Dynasty, V5.6.71036.
RUN-1001 : Database version number 46146.
RUN-1001 : Import flow parameters
PHY-1001 : Generate detailed routing grids ...
PHY-1001 : Processed IO instance aud_dacdat_syn_4 with INV attribute.
PHY-1001 : Processed IO instance aud_dacdat_1_syn_4 with INV attribute.
PHY-1001 : Processed IO instance aud_dacdat_2_syn_4 with INV attribute.
PHY-1001 : Processed IO instance aud_dacdat_3_syn_4 with INV attribute.
PHY-1001 : Generate nets ...
PHY-1001 : clock net aud_bclk_syn_4 will be merged with clock aud_bclk_dup_1
PHY-1001 : clock net aud_bclk_1_syn_4 will be merged with clock aud_bclk_1_dup_1
PHY-1001 : clock net aud_bclk_2_syn_4 will be merged with clock aud_bclk_2_dup_1
PHY-1001 : clock net aud_bclk_3_syn_4 will be merged with clock aud_bclk_3_dup_1
PHY-1001 : net aud_mclk_dup_1 will be routed on clock mesh
PHY-1001 : net aud_mclk_1_dup_1 will be routed on clock mesh
PHY-1001 : net aud_mclk_2_dup_1 will be routed on clock mesh
PHY-1001 : net aud_mclk_3_dup_1 will be routed on clock mesh
PHY-1001 : clock net ilaclk_dup_1 will be merged with clock u_pll_clk/clk0_buf
PHY-1001 : clock net ilaclk_1_dup_1 will be merged with clock u1_pll_clk/clk0_buf
PHY-1001 : clock net ilaclk_2_dup_1 will be merged with clock u2_pll_clk/clk0_buf
PHY-1001 : clock net ilaclk_3_dup_1 will be merged with clock u3_pll_clk/clk0_buf
PHY-1001 : net sys_clk_dup_1 will be routed on clock mesh
PHY-1001 : clock net u1_es8388_ctrl/u_es8388_config/u_i2c_dri/dri_clk_syn_4 will be merged with clock u1_es8388_ctrl/u_es8388_config/u_i2c_dri/dri_clk
PHY-1001 : clock net u2_es8388_ctrl/u_es8388_config/u_i2c_dri/dri_clk_syn_4 will be merged with clock u2_es8388_ctrl/u_es8388_config/u_i2c_dri/dri_clk
PHY-1001 : clock net u3_es8388_ctrl/u_es8388_config/u_i2c_dri/dri_clk_syn_4 will be merged with clock u3_es8388_ctrl/u_es8388_config/u_i2c_dri/dri_clk
PHY-1001 : eco open net = 0
PHY-1001 : 19 feed throughs used by 17 nets
RUN-1001 : Import IO constraints
RUN-1001 : Import Inst constraints
RUN-1001 : Import design success TD_VERSION=5.6.71036 , DB_VERSION=46146
RUN-1003 : finish command "import_db C:/Users/Lviva/Desktop/4MIC - SPAR _1_5/TD/ES8388_Runs/phy_1/ES8388_pr.db" in  1.435090s wall, 1.296875s user + 0.218750s system = 1.515625s CPU (105.6%)

RUN-1004 : used memory is 671 MB, reserved memory is 702 MB, peak memory is 786 MB
RUN-1002 : start command "download -bit ES8388_Runs\phy_1\ES8388.bit -mode jtag -spd 7 -sec 64 -cable 0"
PRG-2014 : Chip validation success: EAGLE_S20_BG256
RUN-1002 : start command "bit_to_vec -chip EAGLE_S20_BG256 -m jtag_burst -freq 4 -bit ES8388_Runs/phy_1/ES8388.bit"
RUN-1002 : start command "program -cable 0 -mode svf -spd 7 -p"
RUN-1003 : finish command "program -cable 0 -mode svf -spd 7 -p" in  6.253853s wall, 0.046875s user + 0.265625s system = 0.312500s CPU (5.0%)

RUN-1004 : used memory is 674 MB, reserved memory is 703 MB, peak memory is 786 MB
RUN-1003 : finish command "download -bit ES8388_Runs\phy_1\ES8388.bit -mode jtag -spd 7 -sec 64 -cable 0" in  6.622966s wall, 0.109375s user + 0.296875s system = 0.406250s CPU (6.1%)

RUN-1004 : used memory is 674 MB, reserved memory is 703 MB, peak memory is 786 MB
GUI-1001 : Downloading succeeded!
HDL-1007 : analyze verilog file ../RTL/spar_4mic_localization.v
RUN-1001 : reset_run syn_1 phy_1.
GUI-6001 WARNING: File C:/Users/Lviva/Desktop/4MIC - SPAR _1_5/TD/ES8388_Runs/phy_1/ES8388.bit does not exist!
RUN-1001 : launch_runs syn_1 phy_1  -jobs 6.
RUN-1001 : syn_1: run complete.
RUN-1001 : phy_1: run complete.
RUN-1001 : open_run phy_1.
RUN-1002 : start command "import_db C:/Users/Lviva/Desktop/4MIC - SPAR _1_5/TD/ES8388_Runs/phy_1/ES8388_pr.db"
RUN-1001 : Importing database generated by Tang Dynasty, V5.6.71036.
RUN-1001 : Database version number 46146.
RUN-1001 : Import flow parameters
PHY-1001 : Generate detailed routing grids ...
PHY-1001 : Processed IO instance aud_dacdat_syn_4 with INV attribute.
PHY-1001 : Processed IO instance aud_dacdat_1_syn_4 with INV attribute.
PHY-1001 : Processed IO instance aud_dacdat_2_syn_4 with INV attribute.
PHY-1001 : Processed IO instance aud_dacdat_3_syn_4 with INV attribute.
PHY-1001 : Generate nets ...
PHY-1001 : clock net aud_bclk_syn_4 will be merged with clock aud_bclk_dup_1
PHY-1001 : clock net aud_bclk_1_syn_4 will be merged with clock aud_bclk_1_dup_1
PHY-1001 : clock net aud_bclk_2_syn_4 will be merged with clock aud_bclk_2_dup_1
PHY-1001 : clock net aud_bclk_3_syn_4 will be merged with clock aud_bclk_3_dup_1
PHY-1001 : net aud_mclk_dup_1 will be routed on clock mesh
PHY-1001 : net aud_mclk_1_dup_1 will be routed on clock mesh
PHY-1001 : net aud_mclk_2_dup_1 will be routed on clock mesh
PHY-1001 : net aud_mclk_3_dup_1 will be routed on clock mesh
PHY-1001 : clock net ilaclk_dup_1 will be merged with clock u_pll_clk/clk0_buf
PHY-1001 : clock net ilaclk_1_dup_1 will be merged with clock u1_pll_clk/clk0_buf
PHY-1001 : clock net ilaclk_2_dup_1 will be merged with clock u2_pll_clk/clk0_buf
PHY-1001 : clock net ilaclk_3_dup_1 will be merged with clock u3_pll_clk/clk0_buf
PHY-1001 : net sys_clk_dup_1 will be routed on clock mesh
PHY-1001 : clock net u1_es8388_ctrl/u_es8388_config/u_i2c_dri/dri_clk_syn_4 will be merged with clock u1_es8388_ctrl/u_es8388_config/u_i2c_dri/dri_clk
PHY-1001 : clock net u2_es8388_ctrl/u_es8388_config/u_i2c_dri/dri_clk_syn_4 will be merged with clock u2_es8388_ctrl/u_es8388_config/u_i2c_dri/dri_clk
PHY-1001 : clock net u3_es8388_ctrl/u_es8388_config/u_i2c_dri/dri_clk_syn_4 will be merged with clock u3_es8388_ctrl/u_es8388_config/u_i2c_dri/dri_clk
PHY-1001 : eco open net = 0
PHY-1001 : 25 feed throughs used by 25 nets
RUN-1001 : Import IO constraints
RUN-1001 : Import Inst constraints
RUN-1001 : Import design success TD_VERSION=5.6.71036 , DB_VERSION=46146
RUN-1003 : finish command "import_db C:/Users/Lviva/Desktop/4MIC - SPAR _1_5/TD/ES8388_Runs/phy_1/ES8388_pr.db" in  1.555551s wall, 1.515625s user + 0.218750s system = 1.734375s CPU (111.5%)

RUN-1004 : used memory is 691 MB, reserved memory is 721 MB, peak memory is 786 MB
RUN-1002 : start command "download -bit ES8388_Runs\phy_1\ES8388.bit -mode jtag -spd 7 -sec 64 -cable 0"
PRG-2014 : Chip validation success: EAGLE_S20_BG256
RUN-1002 : start command "bit_to_vec -chip EAGLE_S20_BG256 -m jtag_burst -freq 4 -bit ES8388_Runs/phy_1/ES8388.bit"
RUN-1002 : start command "program -cable 0 -mode svf -spd 7 -p"
RUN-1003 : finish command "program -cable 0 -mode svf -spd 7 -p" in  6.246413s wall, 0.109375s user + 0.328125s system = 0.437500s CPU (7.0%)

RUN-1004 : used memory is 693 MB, reserved memory is 722 MB, peak memory is 786 MB
RUN-1003 : finish command "download -bit ES8388_Runs\phy_1\ES8388.bit -mode jtag -spd 7 -sec 64 -cable 0" in  6.648510s wall, 0.187500s user + 0.359375s system = 0.546875s CPU (8.2%)

RUN-1004 : used memory is 693 MB, reserved memory is 722 MB, peak memory is 786 MB
GUI-1001 : Downloading succeeded!
HDL-1007 : analyze verilog file ../RTL/spar_4mic_localization.v
RUN-1001 : reset_run syn_1 phy_1.
GUI-6001 WARNING: File C:/Users/Lviva/Desktop/4MIC - SPAR _1_5/TD/ES8388_Runs/phy_1/ES8388.bit does not exist!
RUN-1001 : launch_runs syn_1 phy_1  -jobs 6.
RUN-1001 : syn_1: run complete.
RUN-1001 : phy_1: run complete.
RUN-1001 : open_run phy_1.
RUN-1002 : start command "import_db C:/Users/Lviva/Desktop/4MIC - SPAR _1_5/TD/ES8388_Runs/phy_1/ES8388_pr.db"
RUN-1001 : Importing database generated by Tang Dynasty, V5.6.71036.
RUN-1001 : Database version number 46146.
RUN-1001 : Import flow parameters
PHY-1001 : Generate detailed routing grids ...
PHY-1001 : Processed IO instance aud_dacdat_syn_4 with INV attribute.
PHY-1001 : Processed IO instance aud_dacdat_1_syn_4 with INV attribute.
PHY-1001 : Processed IO instance aud_dacdat_2_syn_4 with INV attribute.
PHY-1001 : Processed IO instance aud_dacdat_3_syn_4 with INV attribute.
PHY-1001 : Generate nets ...
PHY-1001 : clock net aud_bclk_syn_4 will be merged with clock aud_bclk_dup_1
PHY-1001 : clock net aud_bclk_1_syn_4 will be merged with clock aud_bclk_1_dup_1
PHY-1001 : clock net aud_bclk_2_syn_4 will be merged with clock aud_bclk_2_dup_1
PHY-1001 : clock net aud_bclk_3_syn_4 will be merged with clock aud_bclk_3_dup_1
PHY-1001 : net aud_mclk_dup_1 will be routed on clock mesh
PHY-1001 : net aud_mclk_1_dup_1 will be routed on clock mesh
PHY-1001 : net aud_mclk_2_dup_1 will be routed on clock mesh
PHY-1001 : net aud_mclk_3_dup_1 will be routed on clock mesh
PHY-1001 : clock net ilaclk_dup_1 will be merged with clock u_pll_clk/clk0_buf
PHY-1001 : clock net ilaclk_1_dup_1 will be merged with clock u1_pll_clk/clk0_buf
PHY-1001 : clock net ilaclk_2_dup_1 will be merged with clock u2_pll_clk/clk0_buf
PHY-1001 : clock net ilaclk_3_dup_1 will be merged with clock u3_pll_clk/clk0_buf
PHY-1001 : net sys_clk_dup_1 will be routed on clock mesh
PHY-1001 : clock net u1_es8388_ctrl/u_es8388_config/u_i2c_dri/dri_clk_syn_4 will be merged with clock u1_es8388_ctrl/u_es8388_config/u_i2c_dri/dri_clk
PHY-1001 : clock net u2_es8388_ctrl/u_es8388_config/u_i2c_dri/dri_clk_syn_4 will be merged with clock u2_es8388_ctrl/u_es8388_config/u_i2c_dri/dri_clk
PHY-1001 : clock net u3_es8388_ctrl/u_es8388_config/u_i2c_dri/dri_clk_syn_4 will be merged with clock u3_es8388_ctrl/u_es8388_config/u_i2c_dri/dri_clk
PHY-1001 : eco open net = 0
PHY-1001 : 13 feed throughs used by 13 nets
RUN-1001 : Import IO constraints
RUN-1001 : Import Inst constraints
RUN-1001 : Import design success TD_VERSION=5.6.71036 , DB_VERSION=46146
RUN-1003 : finish command "import_db C:/Users/Lviva/Desktop/4MIC - SPAR _1_5/TD/ES8388_Runs/phy_1/ES8388_pr.db" in  1.533174s wall, 1.484375s user + 0.453125s system = 1.937500s CPU (126.4%)

RUN-1004 : used memory is 679 MB, reserved memory is 714 MB, peak memory is 786 MB
RUN-1002 : start command "download -bit ES8388_Runs\phy_1\ES8388.bit -mode jtag -spd 7 -sec 64 -cable 0"
PRG-2014 : Chip validation success: EAGLE_S20_BG256
RUN-1002 : start command "bit_to_vec -chip EAGLE_S20_BG256 -m jtag_burst -freq 4 -bit ES8388_Runs/phy_1/ES8388.bit"
RUN-1002 : start command "program -cable 0 -mode svf -spd 7 -p"
RUN-1003 : finish command "program -cable 0 -mode svf -spd 7 -p" in  6.250127s wall, 0.031250s user + 0.234375s system = 0.265625s CPU (4.2%)

RUN-1004 : used memory is 680 MB, reserved memory is 715 MB, peak memory is 786 MB
RUN-1003 : finish command "download -bit ES8388_Runs\phy_1\ES8388.bit -mode jtag -spd 7 -sec 64 -cable 0" in  6.618540s wall, 0.062500s user + 0.296875s system = 0.359375s CPU (5.4%)

RUN-1004 : used memory is 680 MB, reserved memory is 715 MB, peak memory is 786 MB
GUI-1001 : Downloading succeeded!
HDL-1007 : analyze verilog file ../RTL/spar_4mic_localization.v
RUN-1001 : reset_run syn_1 phy_1.
GUI-6001 WARNING: File C:/Users/Lviva/Desktop/4MIC - SPAR _1_5/TD/ES8388_Runs/phy_1/ES8388.bit does not exist!
RUN-1001 : launch_runs syn_1 phy_1  -jobs 6.
RUN-1001 : syn_1: run complete.
RUN-1001 : phy_1: run complete.
RUN-1001 : open_run phy_1.
RUN-1002 : start command "import_db C:/Users/Lviva/Desktop/4MIC - SPAR _1_5/TD/ES8388_Runs/phy_1/ES8388_pr.db"
RUN-1001 : Importing database generated by Tang Dynasty, V5.6.71036.
RUN-1001 : Database version number 46146.
RUN-1001 : Import flow parameters
PHY-1001 : Generate detailed routing grids ...
PHY-1001 : Processed IO instance aud_dacdat_syn_4 with INV attribute.
PHY-1001 : Processed IO instance aud_dacdat_1_syn_4 with INV attribute.
PHY-1001 : Processed IO instance aud_dacdat_2_syn_4 with INV attribute.
PHY-1001 : Processed IO instance aud_dacdat_3_syn_4 with INV attribute.
PHY-1001 : Generate nets ...
PHY-1001 : clock net aud_bclk_syn_4 will be merged with clock aud_bclk_dup_1
PHY-1001 : clock net aud_bclk_1_syn_4 will be merged with clock aud_bclk_1_dup_1
PHY-1001 : clock net aud_bclk_2_syn_4 will be merged with clock aud_bclk_2_dup_1
PHY-1001 : clock net aud_bclk_3_syn_4 will be merged with clock aud_bclk_3_dup_1
PHY-1001 : net aud_mclk_dup_1 will be routed on clock mesh
PHY-1001 : net aud_mclk_1_dup_1 will be routed on clock mesh
PHY-1001 : net aud_mclk_2_dup_1 will be routed on clock mesh
PHY-1001 : net aud_mclk_3_dup_1 will be routed on clock mesh
PHY-1001 : clock net ilaclk_dup_1 will be merged with clock u_pll_clk/clk0_buf
PHY-1001 : clock net ilaclk_1_dup_1 will be merged with clock u1_pll_clk/clk0_buf
PHY-1001 : clock net ilaclk_2_dup_1 will be merged with clock u2_pll_clk/clk0_buf
PHY-1001 : clock net ilaclk_3_dup_1 will be merged with clock u3_pll_clk/clk0_buf
PHY-1001 : net sys_clk_dup_1 will be routed on clock mesh
PHY-1001 : clock net u1_es8388_ctrl/u_es8388_config/u_i2c_dri/dri_clk_syn_4 will be merged with clock u1_es8388_ctrl/u_es8388_config/u_i2c_dri/dri_clk
PHY-1001 : clock net u2_es8388_ctrl/u_es8388_config/u_i2c_dri/dri_clk_syn_4 will be merged with clock u2_es8388_ctrl/u_es8388_config/u_i2c_dri/dri_clk
PHY-1001 : clock net u3_es8388_ctrl/u_es8388_config/u_i2c_dri/dri_clk_syn_4 will be merged with clock u3_es8388_ctrl/u_es8388_config/u_i2c_dri/dri_clk
PHY-1001 : eco open net = 0
PHY-1001 : 19 feed throughs used by 17 nets
RUN-1001 : Import IO constraints
RUN-1001 : Import Inst constraints
RUN-1001 : Import design success TD_VERSION=5.6.71036 , DB_VERSION=46146
RUN-1003 : finish command "import_db C:/Users/Lviva/Desktop/4MIC - SPAR _1_5/TD/ES8388_Runs/phy_1/ES8388_pr.db" in  1.496505s wall, 1.500000s user + 0.109375s system = 1.609375s CPU (107.5%)

RUN-1004 : used memory is 710 MB, reserved memory is 740 MB, peak memory is 786 MB
RUN-1002 : start command "download -bit ES8388_Runs\phy_1\ES8388.bit -mode jtag -spd 7 -sec 64 -cable 0"
PRG-2014 : Chip validation success: EAGLE_S20_BG256
RUN-1002 : start command "bit_to_vec -chip EAGLE_S20_BG256 -m jtag_burst -freq 4 -bit ES8388_Runs/phy_1/ES8388.bit"
RUN-1002 : start command "program -cable 0 -mode svf -spd 7 -p"
RUN-1003 : finish command "program -cable 0 -mode svf -spd 7 -p" in  6.250242s wall, 0.125000s user + 0.281250s system = 0.406250s CPU (6.5%)

RUN-1004 : used memory is 711 MB, reserved memory is 741 MB, peak memory is 786 MB
RUN-1003 : finish command "download -bit ES8388_Runs\phy_1\ES8388.bit -mode jtag -spd 7 -sec 64 -cable 0" in  6.618375s wall, 0.171875s user + 0.359375s system = 0.531250s CPU (8.0%)

RUN-1004 : used memory is 711 MB, reserved memory is 741 MB, peak memory is 786 MB
GUI-1001 : Downloading succeeded!
HDL-1007 : analyze verilog file ../RTL/spar_4mic_localization.v
RUN-1001 : reset_run syn_1 phy_1.
GUI-6001 WARNING: File C:/Users/Lviva/Desktop/4MIC - SPAR _1_5/TD/ES8388_Runs/phy_1/ES8388.bit does not exist!
RUN-1001 : launch_runs syn_1 phy_1  -jobs 6.
RUN-1001 : syn_1: run complete.
RUN-1001 : phy_1: run complete.
RUN-1001 : open_run phy_1.
RUN-1002 : start command "import_db C:/Users/Lviva/Desktop/4MIC - SPAR _1_5/TD/ES8388_Runs/phy_1/ES8388_pr.db"
RUN-1001 : Importing database generated by Tang Dynasty, V5.6.71036.
RUN-1001 : Database version number 46146.
RUN-1001 : Import flow parameters
PHY-1001 : Generate detailed routing grids ...
PHY-1001 : Processed IO instance aud_dacdat_syn_4 with INV attribute.
PHY-1001 : Processed IO instance aud_dacdat_1_syn_4 with INV attribute.
PHY-1001 : Processed IO instance aud_dacdat_2_syn_4 with INV attribute.
PHY-1001 : Processed IO instance aud_dacdat_3_syn_4 with INV attribute.
PHY-1001 : Generate nets ...
PHY-1001 : clock net aud_bclk_syn_4 will be merged with clock aud_bclk_dup_1
PHY-1001 : clock net aud_bclk_1_syn_4 will be merged with clock aud_bclk_1_dup_1
PHY-1001 : clock net aud_bclk_2_syn_4 will be merged with clock aud_bclk_2_dup_1
PHY-1001 : clock net aud_bclk_3_syn_4 will be merged with clock aud_bclk_3_dup_1
PHY-1001 : net aud_mclk_dup_1 will be routed on clock mesh
PHY-1001 : net aud_mclk_1_dup_1 will be routed on clock mesh
PHY-1001 : net aud_mclk_2_dup_1 will be routed on clock mesh
PHY-1001 : net aud_mclk_3_dup_1 will be routed on clock mesh
PHY-1001 : clock net ilaclk_dup_1 will be merged with clock u_pll_clk/clk0_buf
PHY-1001 : clock net ilaclk_1_dup_1 will be merged with clock u1_pll_clk/clk0_buf
PHY-1001 : clock net ilaclk_2_dup_1 will be merged with clock u2_pll_clk/clk0_buf
PHY-1001 : clock net ilaclk_3_dup_1 will be merged with clock u3_pll_clk/clk0_buf
PHY-1001 : net sys_clk_dup_1 will be routed on clock mesh
PHY-1001 : clock net u1_es8388_ctrl/u_es8388_config/u_i2c_dri/dri_clk_syn_4 will be merged with clock u1_es8388_ctrl/u_es8388_config/u_i2c_dri/dri_clk
PHY-1001 : clock net u2_es8388_ctrl/u_es8388_config/u_i2c_dri/dri_clk_syn_4 will be merged with clock u2_es8388_ctrl/u_es8388_config/u_i2c_dri/dri_clk
PHY-1001 : clock net u3_es8388_ctrl/u_es8388_config/u_i2c_dri/dri_clk_syn_4 will be merged with clock u3_es8388_ctrl/u_es8388_config/u_i2c_dri/dri_clk
PHY-1001 : eco open net = 0
PHY-1001 : 20 feed throughs used by 20 nets
RUN-1001 : Import IO constraints
RUN-1001 : Import Inst constraints
RUN-1001 : Import design success TD_VERSION=5.6.71036 , DB_VERSION=46146
RUN-1003 : finish command "import_db C:/Users/Lviva/Desktop/4MIC - SPAR _1_5/TD/ES8388_Runs/phy_1/ES8388_pr.db" in  1.492586s wall, 1.343750s user + 0.250000s system = 1.593750s CPU (106.8%)

RUN-1004 : used memory is 716 MB, reserved memory is 744 MB, peak memory is 786 MB
RUN-1002 : start command "download -bit ES8388_Runs\phy_1\ES8388.bit -mode jtag -spd 7 -sec 64 -cable 0"
PRG-2014 : Chip validation success: EAGLE_S20_BG256
RUN-1002 : start command "bit_to_vec -chip EAGLE_S20_BG256 -m jtag_burst -freq 4 -bit ES8388_Runs/phy_1/ES8388.bit"
RUN-1002 : start command "program -cable 0 -mode svf -spd 7 -p"
RUN-1003 : finish command "program -cable 0 -mode svf -spd 7 -p" in  6.256810s wall, 0.125000s user + 0.390625s system = 0.515625s CPU (8.2%)

RUN-1004 : used memory is 714 MB, reserved memory is 742 MB, peak memory is 786 MB
RUN-1003 : finish command "download -bit ES8388_Runs\phy_1\ES8388.bit -mode jtag -spd 7 -sec 64 -cable 0" in  6.625856s wall, 0.187500s user + 0.406250s system = 0.593750s CPU (9.0%)

RUN-1004 : used memory is 714 MB, reserved memory is 742 MB, peak memory is 786 MB
GUI-1001 : Downloading succeeded!
HDL-1007 : analyze verilog file ../RTL/spar_4mic_localization.v
HDL-5007 WARNING: 'min_HOLD_CNT' is not declared in ../RTL/spar_4mic_localization.v(114)
HDL-5007 WARNING: 'min_HOLD_CNT' is not declared in ../RTL/spar_4mic_localization.v(114)
HDL-5007 WARNING: 'min_HOLD_CNT' is not declared in ../RTL/spar_4mic_localization.v(117)
HDL-5007 WARNING: 'min_HOLD_CNT' is not declared in ../RTL/spar_4mic_localization.v(114)
HDL-5007 WARNING: 'min_HOLD_CNT' is not declared in ../RTL/spar_4mic_localization.v(114)
HDL-5007 WARNING: 'min_HOLD_CNT' is not declared in ../RTL/spar_4mic_localization.v(117)
RUN-1001 : reset_run syn_1 phy_1.
GUI-6001 WARNING: File C:/Users/Lviva/Desktop/4MIC - SPAR _1_5/TD/ES8388_Runs/phy_1/ES8388.bit does not exist!
RUN-1001 : launch_runs syn_1 phy_1  -jobs 6.
RUN-6001 WARNING: syn_1: run failed.
HDL-1007 : analyze verilog file ../RTL/spar_4mic_localization.v
HDL-5007 WARNING: 'min_HOLD_CNT' is not declared in ../RTL/spar_4mic_localization.v(114)
HDL-5007 WARNING: 'min_HOLD_CNT' is not declared in ../RTL/spar_4mic_localization.v(117)
HDL-5007 WARNING: 'min_HOLD_CNT' is not declared in ../RTL/spar_4mic_localization.v(114)
HDL-5007 WARNING: 'min_HOLD_CNT' is not declared in ../RTL/spar_4mic_localization.v(117)
HDL-1007 : analyze verilog file ../RTL/spar_4mic_localization.v
HDL-5007 WARNING: 'min_HOLD_CNT' is not declared in ../RTL/spar_4mic_localization.v(117)
HDL-5007 WARNING: 'min_HOLD_CNT' is not declared in ../RTL/spar_4mic_localization.v(117)
HDL-1007 : analyze verilog file ../RTL/spar_4mic_localization.v
RUN-1001 : reset_run syn_1 phy_1.
RUN-1001 : launch_runs syn_1 phy_1  -jobs 6.
RUN-1001 : syn_1: run complete.
RUN-1001 : phy_1: run complete.
RUN-1001 : open_run phy_1.
RUN-1002 : start command "import_db C:/Users/Lviva/Desktop/4MIC - SPAR _1_5/TD/ES8388_Runs/phy_1/ES8388_pr.db"
RUN-1001 : Importing database generated by Tang Dynasty, V5.6.71036.
RUN-1001 : Database version number 46146.
RUN-1001 : Import flow parameters
PHY-1001 : Generate detailed routing grids ...
PHY-1001 : Processed IO instance aud_dacdat_syn_4 with INV attribute.
PHY-1001 : Processed IO instance aud_dacdat_1_syn_4 with INV attribute.
PHY-1001 : Processed IO instance aud_dacdat_2_syn_4 with INV attribute.
PHY-1001 : Processed IO instance aud_dacdat_3_syn_4 with INV attribute.
PHY-1001 : Generate nets ...
PHY-1001 : clock net aud_bclk_syn_4 will be merged with clock aud_bclk_dup_1
PHY-1001 : clock net aud_bclk_1_syn_4 will be merged with clock aud_bclk_1_dup_1
PHY-1001 : clock net aud_bclk_2_syn_4 will be merged with clock aud_bclk_2_dup_1
PHY-1001 : clock net aud_bclk_3_syn_4 will be merged with clock aud_bclk_3_dup_1
PHY-1001 : net aud_mclk_dup_1 will be routed on clock mesh
PHY-1001 : net aud_mclk_1_dup_1 will be routed on clock mesh
PHY-1001 : net aud_mclk_2_dup_1 will be routed on clock mesh
PHY-1001 : net aud_mclk_3_dup_1 will be routed on clock mesh
PHY-1001 : clock net ilaclk_dup_1 will be merged with clock u_pll_clk/clk0_buf
PHY-1001 : clock net ilaclk_1_dup_1 will be merged with clock u1_pll_clk/clk0_buf
PHY-1001 : clock net ilaclk_2_dup_1 will be merged with clock u2_pll_clk/clk0_buf
PHY-1001 : clock net ilaclk_3_dup_1 will be merged with clock u3_pll_clk/clk0_buf
PHY-1001 : net sys_clk_dup_1 will be routed on clock mesh
PHY-1001 : clock net u1_es8388_ctrl/u_es8388_config/u_i2c_dri/dri_clk_syn_4 will be merged with clock u1_es8388_ctrl/u_es8388_config/u_i2c_dri/dri_clk
PHY-1001 : clock net u2_es8388_ctrl/u_es8388_config/u_i2c_dri/dri_clk_syn_4 will be merged with clock u2_es8388_ctrl/u_es8388_config/u_i2c_dri/dri_clk
PHY-1001 : clock net u3_es8388_ctrl/u_es8388_config/u_i2c_dri/dri_clk_syn_4 will be merged with clock u3_es8388_ctrl/u_es8388_config/u_i2c_dri/dri_clk
PHY-1001 : eco open net = 0
PHY-1001 : 21 feed throughs used by 14 nets
RUN-1001 : Import IO constraints
RUN-1001 : Import Inst constraints
RUN-1001 : Import design success TD_VERSION=5.6.71036 , DB_VERSION=46146
RUN-1003 : finish command "import_db C:/Users/Lviva/Desktop/4MIC - SPAR _1_5/TD/ES8388_Runs/phy_1/ES8388_pr.db" in  1.403390s wall, 1.328125s user + 0.125000s system = 1.453125s CPU (103.5%)

RUN-1004 : used memory is 647 MB, reserved memory is 717 MB, peak memory is 786 MB
RUN-1002 : start command "download -bit ES8388_Runs\phy_1\ES8388.bit -mode jtag -spd 7 -sec 64 -cable 0"
PRG-2014 : Chip validation success: EAGLE_S20_BG256
RUN-1002 : start command "bit_to_vec -chip EAGLE_S20_BG256 -m jtag_burst -freq 4 -bit ES8388_Runs/phy_1/ES8388.bit"
RUN-1002 : start command "program -cable 0 -mode svf -spd 7 -p"
RUN-1003 : finish command "program -cable 0 -mode svf -spd 7 -p" in  6.261702s wall, 0.062500s user + 0.359375s system = 0.421875s CPU (6.7%)

RUN-1004 : used memory is 649 MB, reserved memory is 719 MB, peak memory is 786 MB
RUN-1003 : finish command "download -bit ES8388_Runs\phy_1\ES8388.bit -mode jtag -spd 7 -sec 64 -cable 0" in  6.630549s wall, 0.109375s user + 0.375000s system = 0.484375s CPU (7.3%)

RUN-1004 : used memory is 649 MB, reserved memory is 719 MB, peak memory is 786 MB
GUI-1001 : Downloading succeeded!
HDL-1007 : analyze verilog file ../RTL/spar_4mic_localization.v
RUN-1001 : reset_run syn_1 phy_1.
GUI-6001 WARNING: File C:/Users/Lviva/Desktop/4MIC - SPAR _1_5/TD/ES8388_Runs/phy_1/ES8388.bit does not exist!
RUN-1001 : launch_runs syn_1 phy_1  -jobs 6.
RUN-1001 : syn_1: run complete.
RUN-1001 : phy_1: run complete.
RUN-1001 : open_run phy_1.
RUN-1002 : start command "import_db C:/Users/Lviva/Desktop/4MIC - SPAR _1_5/TD/ES8388_Runs/phy_1/ES8388_pr.db"
RUN-1001 : Importing database generated by Tang Dynasty, V5.6.71036.
RUN-1001 : Database version number 46146.
RUN-1001 : Import flow parameters
PHY-1001 : Generate detailed routing grids ...
PHY-1001 : Processed IO instance aud_dacdat_syn_4 with INV attribute.
PHY-1001 : Processed IO instance aud_dacdat_1_syn_4 with INV attribute.
PHY-1001 : Processed IO instance aud_dacdat_2_syn_4 with INV attribute.
PHY-1001 : Processed IO instance aud_dacdat_3_syn_4 with INV attribute.
PHY-1001 : Generate nets ...
PHY-1001 : clock net aud_bclk_syn_4 will be merged with clock aud_bclk_dup_1
PHY-1001 : clock net aud_bclk_1_syn_4 will be merged with clock aud_bclk_1_dup_1
PHY-1001 : clock net aud_bclk_2_syn_4 will be merged with clock aud_bclk_2_dup_1
PHY-1001 : clock net aud_bclk_3_syn_4 will be merged with clock aud_bclk_3_dup_1
PHY-1001 : net aud_mclk_dup_1 will be routed on clock mesh
PHY-1001 : net aud_mclk_1_dup_1 will be routed on clock mesh
PHY-1001 : net aud_mclk_2_dup_1 will be routed on clock mesh
PHY-1001 : net aud_mclk_3_dup_1 will be routed on clock mesh
PHY-1001 : clock net ilaclk_dup_1 will be merged with clock u_pll_clk/clk0_buf
PHY-1001 : clock net ilaclk_1_dup_1 will be merged with clock u1_pll_clk/clk0_buf
PHY-1001 : clock net ilaclk_2_dup_1 will be merged with clock u2_pll_clk/clk0_buf
PHY-1001 : clock net ilaclk_3_dup_1 will be merged with clock u3_pll_clk/clk0_buf
PHY-1001 : net sys_clk_dup_1 will be routed on clock mesh
PHY-1001 : clock net u1_es8388_ctrl/u_es8388_config/u_i2c_dri/dri_clk_syn_4 will be merged with clock u1_es8388_ctrl/u_es8388_config/u_i2c_dri/dri_clk
PHY-1001 : clock net u2_es8388_ctrl/u_es8388_config/u_i2c_dri/dri_clk_syn_4 will be merged with clock u2_es8388_ctrl/u_es8388_config/u_i2c_dri/dri_clk
PHY-1001 : clock net u3_es8388_ctrl/u_es8388_config/u_i2c_dri/dri_clk_syn_4 will be merged with clock u3_es8388_ctrl/u_es8388_config/u_i2c_dri/dri_clk
PHY-1001 : eco open net = 0
PHY-1001 : 28 feed throughs used by 23 nets
RUN-1001 : Import IO constraints
RUN-1001 : Import Inst constraints
RUN-1001 : Import design success TD_VERSION=5.6.71036 , DB_VERSION=46146
RUN-1003 : finish command "import_db C:/Users/Lviva/Desktop/4MIC - SPAR _1_5/TD/ES8388_Runs/phy_1/ES8388_pr.db" in  1.328400s wall, 1.375000s user + 0.328125s system = 1.703125s CPU (128.2%)

RUN-1004 : used memory is 657 MB, reserved memory is 725 MB, peak memory is 786 MB
RUN-1002 : start command "download -bit ES8388_Runs\phy_1\ES8388.bit -mode jtag -spd 7 -sec 64 -cable 0"
PRG-2014 : Chip validation success: EAGLE_S20_BG256
RUN-1002 : start command "bit_to_vec -chip EAGLE_S20_BG256 -m jtag_burst -freq 4 -bit ES8388_Runs/phy_1/ES8388.bit"
RUN-1002 : start command "program -cable 0 -mode svf -spd 7 -p"
RUN-1003 : finish command "program -cable 0 -mode svf -spd 7 -p" in  6.256835s wall, 0.187500s user + 0.312500s system = 0.500000s CPU (8.0%)

RUN-1004 : used memory is 657 MB, reserved memory is 725 MB, peak memory is 786 MB
RUN-1003 : finish command "download -bit ES8388_Runs\phy_1\ES8388.bit -mode jtag -spd 7 -sec 64 -cable 0" in  6.624810s wall, 0.234375s user + 0.359375s system = 0.593750s CPU (9.0%)

RUN-1004 : used memory is 657 MB, reserved memory is 725 MB, peak memory is 786 MB
GUI-1001 : Downloading succeeded!
HDL-1007 : analyze verilog file ../RTL/spar_4mic_localization.v
HDL-5007 WARNING: literal value 'd300000 truncated to fit in 8 bits in ../RTL/spar_4mic_localization.v(21)
HDL-5007 WARNING: literal value 'd100000 truncated to fit in 8 bits in ../RTL/spar_4mic_localization.v(22)
HDL-1007 : analyze verilog file ../RTL/spar_4mic_localization.v
RUN-1001 : reset_run syn_1 phy_1.
GUI-6001 WARNING: File C:/Users/Lviva/Desktop/4MIC - SPAR _1_5/TD/ES8388_Runs/phy_1/ES8388.bit does not exist!
RUN-1001 : launch_runs syn_1 phy_1  -jobs 6.
RUN-1001 : syn_1: run complete.
RUN-1001 : phy_1: run complete.
RUN-1001 : open_run phy_1.
RUN-1002 : start command "import_db C:/Users/Lviva/Desktop/4MIC - SPAR _1_5/TD/ES8388_Runs/phy_1/ES8388_pr.db"
RUN-1001 : Importing database generated by Tang Dynasty, V5.6.71036.
RUN-1001 : Database version number 46146.
RUN-1001 : Import flow parameters
PHY-1001 : Generate detailed routing grids ...
PHY-1001 : Processed IO instance aud_dacdat_syn_4 with INV attribute.
PHY-1001 : Processed IO instance aud_dacdat_1_syn_4 with INV attribute.
PHY-1001 : Processed IO instance aud_dacdat_2_syn_4 with INV attribute.
PHY-1001 : Processed IO instance aud_dacdat_3_syn_4 with INV attribute.
PHY-1001 : Generate nets ...
PHY-1001 : clock net aud_bclk_syn_4 will be merged with clock aud_bclk_dup_1
PHY-1001 : clock net aud_bclk_1_syn_4 will be merged with clock aud_bclk_1_dup_1
PHY-1001 : clock net aud_bclk_2_syn_4 will be merged with clock aud_bclk_2_dup_1
PHY-1001 : clock net aud_bclk_3_syn_4 will be merged with clock aud_bclk_3_dup_1
PHY-1001 : net aud_mclk_dup_1 will be routed on clock mesh
PHY-1001 : net aud_mclk_1_dup_1 will be routed on clock mesh
PHY-1001 : net aud_mclk_2_dup_1 will be routed on clock mesh
PHY-1001 : net aud_mclk_3_dup_1 will be routed on clock mesh
PHY-1001 : clock net ilaclk_dup_1 will be merged with clock u_pll_clk/clk0_buf
PHY-1001 : clock net ilaclk_1_dup_1 will be merged with clock u1_pll_clk/clk0_buf
PHY-1001 : clock net ilaclk_2_dup_1 will be merged with clock u2_pll_clk/clk0_buf
PHY-1001 : clock net ilaclk_3_dup_1 will be merged with clock u3_pll_clk/clk0_buf
PHY-1001 : net sys_clk_dup_1 will be routed on clock mesh
PHY-1001 : clock net u1_es8388_ctrl/u_es8388_config/u_i2c_dri/dri_clk_syn_4 will be merged with clock u1_es8388_ctrl/u_es8388_config/u_i2c_dri/dri_clk
PHY-1001 : clock net u2_es8388_ctrl/u_es8388_config/u_i2c_dri/dri_clk_syn_4 will be merged with clock u2_es8388_ctrl/u_es8388_config/u_i2c_dri/dri_clk
PHY-1001 : clock net u3_es8388_ctrl/u_es8388_config/u_i2c_dri/dri_clk_syn_4 will be merged with clock u3_es8388_ctrl/u_es8388_config/u_i2c_dri/dri_clk
PHY-1001 : eco open net = 0
PHY-1001 : 17 feed throughs used by 16 nets
RUN-1001 : Import IO constraints
RUN-1001 : Import Inst constraints
RUN-1001 : Import design success TD_VERSION=5.6.71036 , DB_VERSION=46146
RUN-1003 : finish command "import_db C:/Users/Lviva/Desktop/4MIC - SPAR _1_5/TD/ES8388_Runs/phy_1/ES8388_pr.db" in  1.541857s wall, 1.515625s user + 0.125000s system = 1.640625s CPU (106.4%)

RUN-1004 : used memory is 685 MB, reserved memory is 751 MB, peak memory is 786 MB
RUN-1002 : start command "download -bit ES8388_Runs\phy_1\ES8388.bit -mode jtag -spd 7 -sec 64 -cable 0"
PRG-2014 : Chip validation success: EAGLE_S20_BG256
RUN-1002 : start command "bit_to_vec -chip EAGLE_S20_BG256 -m jtag_burst -freq 4 -bit ES8388_Runs/phy_1/ES8388.bit"
RUN-1002 : start command "program -cable 0 -mode svf -spd 7 -p"
RUN-1003 : finish command "program -cable 0 -mode svf -spd 7 -p" in  6.247615s wall, 0.109375s user + 0.546875s system = 0.656250s CPU (10.5%)

RUN-1004 : used memory is 683 MB, reserved memory is 750 MB, peak memory is 786 MB
RUN-1003 : finish command "download -bit ES8388_Runs\phy_1\ES8388.bit -mode jtag -spd 7 -sec 64 -cable 0" in  6.615931s wall, 0.140625s user + 0.578125s system = 0.718750s CPU (10.9%)

RUN-1004 : used memory is 683 MB, reserved memory is 750 MB, peak memory is 786 MB
GUI-1001 : Downloading succeeded!
HDL-1007 : analyze verilog file ../RTL/spar_4mic_localization.v
RUN-1001 : reset_run syn_1 phy_1.
GUI-6001 WARNING: File C:/Users/Lviva/Desktop/4MIC - SPAR _1_5/TD/ES8388_Runs/phy_1/ES8388.bit does not exist!
RUN-1001 : launch_runs syn_1 phy_1  -jobs 6.
RUN-1001 : syn_1: run complete.
RUN-1001 : phy_1: run complete.
RUN-1001 : open_run phy_1.
RUN-1002 : start command "import_db C:/Users/Lviva/Desktop/4MIC - SPAR _1_5/TD/ES8388_Runs/phy_1/ES8388_pr.db"
RUN-1001 : Importing database generated by Tang Dynasty, V5.6.71036.
RUN-1001 : Database version number 46146.
RUN-1001 : Import flow parameters
PHY-1001 : Generate detailed routing grids ...
PHY-1001 : Processed IO instance aud_dacdat_syn_4 with INV attribute.
PHY-1001 : Processed IO instance aud_dacdat_1_syn_4 with INV attribute.
PHY-1001 : Processed IO instance aud_dacdat_2_syn_4 with INV attribute.
PHY-1001 : Processed IO instance aud_dacdat_3_syn_4 with INV attribute.
PHY-1001 : Generate nets ...
PHY-1001 : clock net aud_bclk_syn_4 will be merged with clock aud_bclk_dup_1
PHY-1001 : clock net aud_bclk_1_syn_4 will be merged with clock aud_bclk_1_dup_1
PHY-1001 : clock net aud_bclk_2_syn_4 will be merged with clock aud_bclk_2_dup_1
PHY-1001 : clock net aud_bclk_3_syn_4 will be merged with clock aud_bclk_3_dup_1
PHY-1001 : net aud_mclk_dup_1 will be routed on clock mesh
PHY-1001 : net aud_mclk_1_dup_1 will be routed on clock mesh
PHY-1001 : net aud_mclk_2_dup_1 will be routed on clock mesh
PHY-1001 : net aud_mclk_3_dup_1 will be routed on clock mesh
PHY-1001 : clock net ilaclk_dup_1 will be merged with clock u_pll_clk/clk0_buf
PHY-1001 : clock net ilaclk_1_dup_1 will be merged with clock u1_pll_clk/clk0_buf
PHY-1001 : clock net ilaclk_2_dup_1 will be merged with clock u2_pll_clk/clk0_buf
PHY-1001 : clock net ilaclk_3_dup_1 will be merged with clock u3_pll_clk/clk0_buf
PHY-1001 : net sys_clk_dup_1 will be routed on clock mesh
PHY-1001 : clock net u1_es8388_ctrl/u_es8388_config/u_i2c_dri/dri_clk_syn_4 will be merged with clock u1_es8388_ctrl/u_es8388_config/u_i2c_dri/dri_clk
PHY-1001 : clock net u2_es8388_ctrl/u_es8388_config/u_i2c_dri/dri_clk_syn_4 will be merged with clock u2_es8388_ctrl/u_es8388_config/u_i2c_dri/dri_clk
PHY-1001 : clock net u3_es8388_ctrl/u_es8388_config/u_i2c_dri/dri_clk_syn_4 will be merged with clock u3_es8388_ctrl/u_es8388_config/u_i2c_dri/dri_clk
PHY-1001 : eco open net = 0
PHY-1001 : 15 feed throughs used by 15 nets
RUN-1001 : Import IO constraints
RUN-1001 : Import Inst constraints
RUN-1001 : Import design success TD_VERSION=5.6.71036 , DB_VERSION=46146
RUN-1003 : finish command "import_db C:/Users/Lviva/Desktop/4MIC - SPAR _1_5/TD/ES8388_Runs/phy_1/ES8388_pr.db" in  1.618606s wall, 1.515625s user + 0.187500s system = 1.703125s CPU (105.2%)

RUN-1004 : used memory is 699 MB, reserved memory is 766 MB, peak memory is 786 MB
RUN-1002 : start command "download -bit ES8388_Runs\phy_1\ES8388.bit -mode jtag -spd 7 -sec 64 -cable 0"
PRG-2014 : Chip validation success: EAGLE_S20_BG256
RUN-1002 : start command "bit_to_vec -chip EAGLE_S20_BG256 -m jtag_burst -freq 4 -bit ES8388_Runs/phy_1/ES8388.bit"
RUN-1002 : start command "program -cable 0 -mode svf -spd 7 -p"
RUN-1003 : finish command "program -cable 0 -mode svf -spd 7 -p" in  6.251234s wall, 0.031250s user + 0.203125s system = 0.234375s CPU (3.7%)

RUN-1004 : used memory is 699 MB, reserved memory is 766 MB, peak memory is 786 MB
RUN-1003 : finish command "download -bit ES8388_Runs\phy_1\ES8388.bit -mode jtag -spd 7 -sec 64 -cable 0" in  6.618703s wall, 0.046875s user + 0.265625s system = 0.312500s CPU (4.7%)

RUN-1004 : used memory is 699 MB, reserved memory is 766 MB, peak memory is 786 MB
GUI-1001 : Downloading succeeded!
HDL-1007 : analyze verilog file ../RTL/spar_4mic_localization.v
HDL-1007 : analyze verilog file ../RTL/spar_4mic_localization.v
RUN-1001 : reset_run syn_1 phy_1.
GUI-6001 WARNING: File C:/Users/Lviva/Desktop/4MIC - SPAR _1_5/TD/ES8388_Runs/phy_1/ES8388.bit does not exist!
RUN-1001 : launch_runs syn_1 phy_1  -jobs 6.
RUN-1001 : syn_1: run complete.
RUN-1001 : phy_1: run complete.
RUN-1001 : open_run phy_1.
RUN-1002 : start command "import_db C:/Users/Lviva/Desktop/4MIC - SPAR _1_5/TD/ES8388_Runs/phy_1/ES8388_pr.db"
RUN-1001 : Importing database generated by Tang Dynasty, V5.6.71036.
RUN-1001 : Database version number 46146.
RUN-1001 : Import flow parameters
PHY-1001 : Generate detailed routing grids ...
PHY-1001 : Processed IO instance aud_dacdat_syn_4 with INV attribute.
PHY-1001 : Processed IO instance aud_dacdat_1_syn_4 with INV attribute.
PHY-1001 : Processed IO instance aud_dacdat_2_syn_4 with INV attribute.
PHY-1001 : Processed IO instance aud_dacdat_3_syn_4 with INV attribute.
PHY-1001 : Generate nets ...
PHY-1001 : clock net aud_bclk_syn_4 will be merged with clock aud_bclk_dup_1
PHY-1001 : clock net aud_bclk_1_syn_4 will be merged with clock aud_bclk_1_dup_1
PHY-1001 : clock net aud_bclk_2_syn_4 will be merged with clock aud_bclk_2_dup_1
PHY-1001 : clock net aud_bclk_3_syn_4 will be merged with clock aud_bclk_3_dup_1
PHY-1001 : net aud_mclk_dup_1 will be routed on clock mesh
PHY-1001 : net aud_mclk_1_dup_1 will be routed on clock mesh
PHY-1001 : net aud_mclk_2_dup_1 will be routed on clock mesh
PHY-1001 : net aud_mclk_3_dup_1 will be routed on clock mesh
PHY-1001 : clock net ilaclk_dup_1 will be merged with clock u_pll_clk/clk0_buf
PHY-1001 : clock net ilaclk_1_dup_1 will be merged with clock u1_pll_clk/clk0_buf
PHY-1001 : clock net ilaclk_2_dup_1 will be merged with clock u2_pll_clk/clk0_buf
PHY-1001 : clock net ilaclk_3_dup_1 will be merged with clock u3_pll_clk/clk0_buf
PHY-1001 : net sys_clk_dup_1 will be routed on clock mesh
PHY-1001 : clock net u1_es8388_ctrl/u_es8388_config/u_i2c_dri/dri_clk_syn_4 will be merged with clock u1_es8388_ctrl/u_es8388_config/u_i2c_dri/dri_clk
PHY-1001 : clock net u2_es8388_ctrl/u_es8388_config/u_i2c_dri/dri_clk_syn_4 will be merged with clock u2_es8388_ctrl/u_es8388_config/u_i2c_dri/dri_clk
PHY-1001 : clock net u3_es8388_ctrl/u_es8388_config/u_i2c_dri/dri_clk_syn_4 will be merged with clock u3_es8388_ctrl/u_es8388_config/u_i2c_dri/dri_clk
PHY-1001 : eco open net = 0
PHY-1001 : 21 feed throughs used by 21 nets
RUN-1001 : Import IO constraints
RUN-1001 : Import Inst constraints
RUN-1001 : Import design success TD_VERSION=5.6.71036 , DB_VERSION=46146
RUN-1002 : start command "download -bit ES8388_Runs\phy_1\ES8388.bit -mode jtag -spd 7 -sec 64 -cable 0"
PRG-2014 : Chip validation success: EAGLE_S20_BG256
RUN-1002 : start command "bit_to_vec -chip EAGLE_S20_BG256 -m jtag_burst -freq 4 -bit ES8388_Runs/phy_1/ES8388.bit"
RUN-1002 : start command "program -cable 0 -mode svf -spd 7 -p"
RUN-1003 : finish command "program -cable 0 -mode svf -spd 7 -p" in  6.244257s wall, 0.125000s user + 0.390625s system = 0.515625s CPU (8.3%)

RUN-1004 : used memory is 688 MB, reserved memory is 751 MB, peak memory is 786 MB
RUN-1003 : finish command "download -bit ES8388_Runs\phy_1\ES8388.bit -mode jtag -spd 7 -sec 64 -cable 0" in  6.613797s wall, 0.203125s user + 0.453125s system = 0.656250s CPU (9.9%)

RUN-1004 : used memory is 688 MB, reserved memory is 751 MB, peak memory is 786 MB
GUI-1001 : Downloading succeeded!
HDL-1007 : analyze verilog file ../RTL/spar_4mic_localization.v
RUN-1001 : reset_run syn_1 phy_1.
GUI-6001 WARNING: File C:/Users/Lviva/Desktop/4MIC - SPAR _1_5/TD/ES8388_Runs/phy_1/ES8388.bit does not exist!
RUN-1001 : launch_runs syn_1 phy_1  -jobs 6.
RUN-1001 : syn_1: run complete.
RUN-1001 : phy_1: run complete.
RUN-1001 : open_run phy_1.
RUN-1002 : start command "import_db C:/Users/Lviva/Desktop/4MIC - SPAR _1_5/TD/ES8388_Runs/phy_1/ES8388_pr.db"
RUN-1001 : Importing database generated by Tang Dynasty, V5.6.71036.
RUN-1001 : Database version number 46146.
RUN-1001 : Import flow parameters
PHY-1001 : Generate detailed routing grids ...
PHY-1001 : Processed IO instance aud_dacdat_syn_4 with INV attribute.
PHY-1001 : Processed IO instance aud_dacdat_1_syn_4 with INV attribute.
PHY-1001 : Processed IO instance aud_dacdat_2_syn_4 with INV attribute.
PHY-1001 : Processed IO instance aud_dacdat_3_syn_4 with INV attribute.
PHY-1001 : Generate nets ...
PHY-1001 : clock net aud_bclk_syn_4 will be merged with clock aud_bclk_dup_1
PHY-1001 : clock net aud_bclk_1_syn_4 will be merged with clock aud_bclk_1_dup_1
PHY-1001 : clock net aud_bclk_2_syn_4 will be merged with clock aud_bclk_2_dup_1
PHY-1001 : clock net aud_bclk_3_syn_4 will be merged with clock aud_bclk_3_dup_1
PHY-1001 : net aud_mclk_dup_1 will be routed on clock mesh
PHY-1001 : net aud_mclk_1_dup_1 will be routed on clock mesh
PHY-1001 : net aud_mclk_2_dup_1 will be routed on clock mesh
PHY-1001 : net aud_mclk_3_dup_1 will be routed on clock mesh
PHY-1001 : clock net ilaclk_dup_1 will be merged with clock u_pll_clk/clk0_buf
PHY-1001 : clock net ilaclk_1_dup_1 will be merged with clock u1_pll_clk/clk0_buf
PHY-1001 : clock net ilaclk_2_dup_1 will be merged with clock u2_pll_clk/clk0_buf
PHY-1001 : clock net ilaclk_3_dup_1 will be merged with clock u3_pll_clk/clk0_buf
PHY-1001 : net sys_clk_dup_1 will be routed on clock mesh
PHY-1001 : clock net u1_es8388_ctrl/u_es8388_config/u_i2c_dri/dri_clk_syn_4 will be merged with clock u1_es8388_ctrl/u_es8388_config/u_i2c_dri/dri_clk
PHY-1001 : clock net u2_es8388_ctrl/u_es8388_config/u_i2c_dri/dri_clk_syn_4 will be merged with clock u2_es8388_ctrl/u_es8388_config/u_i2c_dri/dri_clk
PHY-1001 : clock net u3_es8388_ctrl/u_es8388_config/u_i2c_dri/dri_clk_syn_4 will be merged with clock u3_es8388_ctrl/u_es8388_config/u_i2c_dri/dri_clk
PHY-1001 : eco open net = 0
PHY-1001 : 21 feed throughs used by 21 nets
RUN-1001 : Import IO constraints
RUN-1001 : Import Inst constraints
RUN-1001 : Import design success TD_VERSION=5.6.71036 , DB_VERSION=46146
RUN-1002 : start command "download -bit ES8388_Runs\phy_1\ES8388.bit -mode jtag -spd 7 -sec 64 -cable 0"
PRG-2014 : Chip validation success: EAGLE_S20_BG256
RUN-1002 : start command "bit_to_vec -chip EAGLE_S20_BG256 -m jtag_burst -freq 4 -bit ES8388_Runs/phy_1/ES8388.bit"
RUN-1002 : start command "program -cable 0 -mode svf -spd 7 -p"
RUN-1003 : finish command "program -cable 0 -mode svf -spd 7 -p" in  6.259311s wall, 0.109375s user + 0.312500s system = 0.421875s CPU (6.7%)

RUN-1004 : used memory is 635 MB, reserved memory is 697 MB, peak memory is 786 MB
RUN-1003 : finish command "download -bit ES8388_Runs\phy_1\ES8388.bit -mode jtag -spd 7 -sec 64 -cable 0" in  6.627823s wall, 0.156250s user + 0.343750s system = 0.500000s CPU (7.5%)

RUN-1004 : used memory is 635 MB, reserved memory is 697 MB, peak memory is 786 MB
GUI-1001 : Downloading succeeded!
HDL-1007 : analyze verilog file ../RTL/spar_4mic_localization.v
RUN-1001 : reset_run syn_1 phy_1.
GUI-6001 WARNING: File C:/Users/Lviva/Desktop/4MIC - SPAR _1_5/TD/ES8388_Runs/phy_1/ES8388.bit does not exist!
RUN-1001 : launch_runs syn_1 phy_1  -jobs 6.
RUN-1001 : syn_1: run complete.
RUN-1001 : phy_1: run complete.
RUN-1001 : open_run phy_1.
RUN-1002 : start command "import_db C:/Users/Lviva/Desktop/4MIC - SPAR _1_5/TD/ES8388_Runs/phy_1/ES8388_pr.db"
RUN-1001 : Importing database generated by Tang Dynasty, V5.6.71036.
RUN-1001 : Database version number 46146.
RUN-1001 : Import flow parameters
PHY-1001 : Generate detailed routing grids ...
PHY-1001 : Processed IO instance aud_dacdat_syn_4 with INV attribute.
PHY-1001 : Processed IO instance aud_dacdat_1_syn_4 with INV attribute.
PHY-1001 : Processed IO instance aud_dacdat_2_syn_4 with INV attribute.
PHY-1001 : Processed IO instance aud_dacdat_3_syn_4 with INV attribute.
PHY-1001 : Generate nets ...
PHY-1001 : clock net aud_bclk_syn_4 will be merged with clock aud_bclk_dup_1
PHY-1001 : clock net aud_bclk_1_syn_4 will be merged with clock aud_bclk_1_dup_1
PHY-1001 : clock net aud_bclk_2_syn_4 will be merged with clock aud_bclk_2_dup_1
PHY-1001 : clock net aud_bclk_3_syn_4 will be merged with clock aud_bclk_3_dup_1
PHY-1001 : net aud_mclk_dup_1 will be routed on clock mesh
PHY-1001 : net aud_mclk_1_dup_1 will be routed on clock mesh
PHY-1001 : net aud_mclk_2_dup_1 will be routed on clock mesh
PHY-1001 : net aud_mclk_3_dup_1 will be routed on clock mesh
PHY-1001 : clock net ilaclk_dup_1 will be merged with clock u_pll_clk/clk0_buf
PHY-1001 : clock net ilaclk_1_dup_1 will be merged with clock u1_pll_clk/clk0_buf
PHY-1001 : clock net ilaclk_2_dup_1 will be merged with clock u2_pll_clk/clk0_buf
PHY-1001 : clock net ilaclk_3_dup_1 will be merged with clock u3_pll_clk/clk0_buf
PHY-1001 : net sys_clk_dup_1 will be routed on clock mesh
PHY-1001 : clock net u1_es8388_ctrl/u_es8388_config/u_i2c_dri/dri_clk_syn_4 will be merged with clock u1_es8388_ctrl/u_es8388_config/u_i2c_dri/dri_clk
PHY-1001 : clock net u2_es8388_ctrl/u_es8388_config/u_i2c_dri/dri_clk_syn_4 will be merged with clock u2_es8388_ctrl/u_es8388_config/u_i2c_dri/dri_clk
PHY-1001 : clock net u3_es8388_ctrl/u_es8388_config/u_i2c_dri/dri_clk_syn_4 will be merged with clock u3_es8388_ctrl/u_es8388_config/u_i2c_dri/dri_clk
PHY-1001 : eco open net = 0
PHY-1001 : 33 feed throughs used by 27 nets
RUN-1001 : Import IO constraints
RUN-1001 : Import Inst constraints
RUN-1001 : Import design success TD_VERSION=5.6.71036 , DB_VERSION=46146
RUN-1003 : finish command "import_db C:/Users/Lviva/Desktop/4MIC - SPAR _1_5/TD/ES8388_Runs/phy_1/ES8388_pr.db" in  1.560728s wall, 1.531250s user + 0.234375s system = 1.765625s CPU (113.1%)

RUN-1004 : used memory is 706 MB, reserved memory is 770 MB, peak memory is 786 MB
RUN-1002 : start command "download -bit ES8388_Runs\phy_1\ES8388.bit -mode jtag -spd 7 -sec 64 -cable 0"
PRG-2014 : Chip validation success: EAGLE_S20_BG256
RUN-1002 : start command "bit_to_vec -chip EAGLE_S20_BG256 -m jtag_burst -freq 4 -bit ES8388_Runs/phy_1/ES8388.bit"
RUN-1002 : start command "program -cable 0 -mode svf -spd 7 -p"
RUN-1003 : finish command "program -cable 0 -mode svf -spd 7 -p" in  6.255546s wall, 0.171875s user + 0.468750s system = 0.640625s CPU (10.2%)

RUN-1004 : used memory is 707 MB, reserved memory is 771 MB, peak memory is 786 MB
RUN-1003 : finish command "download -bit ES8388_Runs\phy_1\ES8388.bit -mode jtag -spd 7 -sec 64 -cable 0" in  6.624501s wall, 0.250000s user + 0.531250s system = 0.781250s CPU (11.8%)

RUN-1004 : used memory is 707 MB, reserved memory is 771 MB, peak memory is 786 MB
GUI-1001 : Downloading succeeded!
HDL-1007 : analyze verilog file ../RTL/spar_4mic_localization.v
RUN-1001 : reset_run syn_1 phy_1.
GUI-6001 WARNING: File C:/Users/Lviva/Desktop/4MIC - SPAR _1_5/TD/ES8388_Runs/phy_1/ES8388.bit does not exist!
RUN-1001 : launch_runs syn_1 phy_1  -jobs 6.
RUN-1001 : syn_1: run complete.
RUN-1001 : phy_1: run complete.
RUN-1001 : open_run phy_1.
RUN-1002 : start command "import_db C:/Users/Lviva/Desktop/4MIC - SPAR _1_5/TD/ES8388_Runs/phy_1/ES8388_pr.db"
RUN-1001 : Importing database generated by Tang Dynasty, V5.6.71036.
RUN-1001 : Database version number 46146.
RUN-1001 : Import flow parameters
PHY-1001 : Generate detailed routing grids ...
PHY-1001 : Processed IO instance aud_dacdat_syn_4 with INV attribute.
PHY-1001 : Processed IO instance aud_dacdat_1_syn_4 with INV attribute.
PHY-1001 : Processed IO instance aud_dacdat_2_syn_4 with INV attribute.
PHY-1001 : Processed IO instance aud_dacdat_3_syn_4 with INV attribute.
PHY-1001 : Generate nets ...
PHY-1001 : clock net aud_bclk_syn_4 will be merged with clock aud_bclk_dup_1
PHY-1001 : clock net aud_bclk_1_syn_4 will be merged with clock aud_bclk_1_dup_1
PHY-1001 : clock net aud_bclk_2_syn_4 will be merged with clock aud_bclk_2_dup_1
PHY-1001 : clock net aud_bclk_3_syn_4 will be merged with clock aud_bclk_3_dup_1
PHY-1001 : net aud_mclk_dup_1 will be routed on clock mesh
PHY-1001 : net aud_mclk_1_dup_1 will be routed on clock mesh
PHY-1001 : net aud_mclk_2_dup_1 will be routed on clock mesh
PHY-1001 : net aud_mclk_3_dup_1 will be routed on clock mesh
PHY-1001 : clock net ilaclk_dup_1 will be merged with clock u_pll_clk/clk0_buf
PHY-1001 : clock net ilaclk_1_dup_1 will be merged with clock u1_pll_clk/clk0_buf
PHY-1001 : clock net ilaclk_2_dup_1 will be merged with clock u2_pll_clk/clk0_buf
PHY-1001 : clock net ilaclk_3_dup_1 will be merged with clock u3_pll_clk/clk0_buf
PHY-1001 : net sys_clk_dup_1 will be routed on clock mesh
PHY-1001 : clock net u1_es8388_ctrl/u_es8388_config/u_i2c_dri/dri_clk_syn_4 will be merged with clock u1_es8388_ctrl/u_es8388_config/u_i2c_dri/dri_clk
PHY-1001 : clock net u2_es8388_ctrl/u_es8388_config/u_i2c_dri/dri_clk_syn_4 will be merged with clock u2_es8388_ctrl/u_es8388_config/u_i2c_dri/dri_clk
PHY-1001 : clock net u3_es8388_ctrl/u_es8388_config/u_i2c_dri/dri_clk_syn_4 will be merged with clock u3_es8388_ctrl/u_es8388_config/u_i2c_dri/dri_clk
PHY-1001 : eco open net = 0
PHY-1001 : 26 feed throughs used by 24 nets
RUN-1001 : Import IO constraints
RUN-1001 : Import Inst constraints
RUN-1001 : Import design success TD_VERSION=5.6.71036 , DB_VERSION=46146
RUN-1003 : finish command "import_db C:/Users/Lviva/Desktop/4MIC - SPAR _1_5/TD/ES8388_Runs/phy_1/ES8388_pr.db" in  1.714335s wall, 1.609375s user + 0.453125s system = 2.062500s CPU (120.3%)

RUN-1004 : used memory is 711 MB, reserved memory is 776 MB, peak memory is 786 MB
RUN-1002 : start command "download -bit ES8388_Runs\phy_1\ES8388.bit -mode jtag -spd 7 -sec 64 -cable 0"
PRG-2014 : Chip validation success: EAGLE_S20_BG256
RUN-1002 : start command "bit_to_vec -chip EAGLE_S20_BG256 -m jtag_burst -freq 4 -bit ES8388_Runs/phy_1/ES8388.bit"
RUN-1002 : start command "program -cable 0 -mode svf -spd 7 -p"
RUN-1003 : finish command "program -cable 0 -mode svf -spd 7 -p" in  6.245438s wall, 0.046875s user + 0.296875s system = 0.343750s CPU (5.5%)

RUN-1004 : used memory is 711 MB, reserved memory is 776 MB, peak memory is 786 MB
RUN-1003 : finish command "download -bit ES8388_Runs\phy_1\ES8388.bit -mode jtag -spd 7 -sec 64 -cable 0" in  6.614150s wall, 0.093750s user + 0.343750s system = 0.437500s CPU (6.6%)

RUN-1004 : used memory is 711 MB, reserved memory is 776 MB, peak memory is 786 MB
GUI-1001 : Downloading succeeded!
HDL-1007 : analyze verilog file ../RTL/spar_4mic_localization.v
HDL-1007 : analyze verilog file ../RTL/spar_4mic_localization.v
HDL-8007 ERROR: syntax error near '&&' in ../RTL/spar_4mic_localization.v(164)
HDL-8007 ERROR: syntax error near 'else' in ../RTL/spar_4mic_localization.v(171)
HDL-8007 ERROR: Verilog 2000 keyword 'else' used in incorrect context in ../RTL/spar_4mic_localization.v(171)
HDL-8007 ERROR: syntax error near '&&' in ../RTL/spar_4mic_localization.v(178)
HDL-8007 ERROR: syntax error near 'else' in ../RTL/spar_4mic_localization.v(185)
HDL-8007 ERROR: Verilog 2000 keyword 'else' used in incorrect context in ../RTL/spar_4mic_localization.v(185)
HDL-8007 ERROR: syntax error near '&&' in ../RTL/spar_4mic_localization.v(185)
HDL-8007 ERROR: ignore module module due to previous errors in ../RTL/spar_4mic_localization.v(1)
HDL-1007 : Verilog file '../RTL/spar_4mic_localization.v' ignored due to errors
HDL-1007 : analyze verilog file ../RTL/spar_4mic_localization.v
HDL-8007 ERROR: syntax error near ')' in ../RTL/spar_4mic_localization.v(180)
HDL-8007 ERROR: syntax error near 'else' in ../RTL/spar_4mic_localization.v(185)
HDL-8007 ERROR: Verilog 2000 keyword 'else' used in incorrect context in ../RTL/spar_4mic_localization.v(185)
HDL-8007 ERROR: ignore module module due to previous errors in ../RTL/spar_4mic_localization.v(1)
HDL-1007 : Verilog file '../RTL/spar_4mic_localization.v' ignored due to errors
HDL-1007 : analyze verilog file ../RTL/spar_4mic_localization.v
RUN-1001 : reset_run syn_1 phy_1.
GUI-6001 WARNING: File C:/Users/Lviva/Desktop/4MIC - SPAR _1_5/TD/ES8388_Runs/phy_1/ES8388.bit does not exist!
RUN-1001 : launch_runs syn_1 phy_1  -jobs 6.
RUN-1001 : syn_1: run complete.
RUN-1001 : phy_1: run complete.
RUN-1001 : open_run phy_1.
RUN-1002 : start command "import_db C:/Users/Lviva/Desktop/4MIC - SPAR _1_5/TD/ES8388_Runs/phy_1/ES8388_pr.db"
RUN-1001 : Importing database generated by Tang Dynasty, V5.6.71036.
RUN-1001 : Database version number 46146.
RUN-1001 : Import flow parameters
PHY-1001 : Generate detailed routing grids ...
PHY-1001 : Processed IO instance aud_dacdat_syn_4 with INV attribute.
PHY-1001 : Processed IO instance aud_dacdat_1_syn_4 with INV attribute.
PHY-1001 : Processed IO instance aud_dacdat_2_syn_4 with INV attribute.
PHY-1001 : Processed IO instance aud_dacdat_3_syn_4 with INV attribute.
PHY-1001 : Generate nets ...
PHY-1001 : clock net aud_bclk_syn_4 will be merged with clock aud_bclk_dup_1
PHY-1001 : clock net aud_bclk_1_syn_4 will be merged with clock aud_bclk_1_dup_1
PHY-1001 : clock net aud_bclk_2_syn_4 will be merged with clock aud_bclk_2_dup_1
PHY-1001 : clock net aud_bclk_3_syn_4 will be merged with clock aud_bclk_3_dup_1
PHY-1001 : net aud_mclk_dup_1 will be routed on clock mesh
PHY-1001 : net aud_mclk_1_dup_1 will be routed on clock mesh
PHY-1001 : net aud_mclk_2_dup_1 will be routed on clock mesh
PHY-1001 : net aud_mclk_3_dup_1 will be routed on clock mesh
PHY-1001 : clock net ilaclk_dup_1 will be merged with clock u_pll_clk/clk0_buf
PHY-1001 : clock net ilaclk_1_dup_1 will be merged with clock u1_pll_clk/clk0_buf
PHY-1001 : clock net ilaclk_2_dup_1 will be merged with clock u2_pll_clk/clk0_buf
PHY-1001 : clock net ilaclk_3_dup_1 will be merged with clock u3_pll_clk/clk0_buf
PHY-1001 : net sys_clk_dup_1 will be routed on clock mesh
PHY-1001 : clock net u1_es8388_ctrl/u_es8388_config/u_i2c_dri/dri_clk_syn_4 will be merged with clock u1_es8388_ctrl/u_es8388_config/u_i2c_dri/dri_clk
PHY-1001 : clock net u2_es8388_ctrl/u_es8388_config/u_i2c_dri/dri_clk_syn_4 will be merged with clock u2_es8388_ctrl/u_es8388_config/u_i2c_dri/dri_clk
PHY-1001 : clock net u3_es8388_ctrl/u_es8388_config/u_i2c_dri/dri_clk_syn_4 will be merged with clock u3_es8388_ctrl/u_es8388_config/u_i2c_dri/dri_clk
PHY-1001 : eco open net = 0
PHY-1001 : 22 feed throughs used by 21 nets
RUN-1001 : Import IO constraints
RUN-1001 : Import Inst constraints
RUN-1001 : Import design success TD_VERSION=5.6.71036 , DB_VERSION=46146
RUN-1003 : finish command "import_db C:/Users/Lviva/Desktop/4MIC - SPAR _1_5/TD/ES8388_Runs/phy_1/ES8388_pr.db" in  1.280876s wall, 1.250000s user + 0.109375s system = 1.359375s CPU (106.1%)

RUN-1004 : used memory is 709 MB, reserved memory is 770 MB, peak memory is 786 MB
RUN-1002 : start command "download -bit ES8388_Runs\phy_1\ES8388.bit -mode jtag -spd 7 -sec 64 -cable 0"
PRG-2014 : Chip validation success: EAGLE_S20_BG256
RUN-1002 : start command "bit_to_vec -chip EAGLE_S20_BG256 -m jtag_burst -freq 4 -bit ES8388_Runs/phy_1/ES8388.bit"
RUN-1002 : start command "program -cable 0 -mode svf -spd 7 -p"
RUN-1003 : finish command "program -cable 0 -mode svf -spd 7 -p" in  6.246433s wall, 0.156250s user + 0.468750s system = 0.625000s CPU (10.0%)

RUN-1004 : used memory is 706 MB, reserved memory is 769 MB, peak memory is 786 MB
RUN-1003 : finish command "download -bit ES8388_Runs\phy_1\ES8388.bit -mode jtag -spd 7 -sec 64 -cable 0" in  6.616160s wall, 0.203125s user + 0.484375s system = 0.687500s CPU (10.4%)

RUN-1004 : used memory is 706 MB, reserved memory is 769 MB, peak memory is 786 MB
GUI-1001 : Downloading succeeded!
HDL-1007 : analyze verilog file ../RTL/spar_4mic_localization.v
HDL-5007 WARNING: literal value 'd20000000 truncated to fit in 24 bits in ../RTL/spar_4mic_localization.v(22)
HDL-1007 : analyze verilog file ../RTL/spar_4mic_localization.v
RUN-1001 : reset_run syn_1 phy_1.
GUI-6001 WARNING: File C:/Users/Lviva/Desktop/4MIC - SPAR _1_5/TD/ES8388_Runs/phy_1/ES8388.bit does not exist!
RUN-1001 : launch_runs syn_1 phy_1  -jobs 6.
RUN-1001 : syn_1: run complete.
RUN-1001 : phy_1: run complete.
RUN-1001 : open_run phy_1.
RUN-1002 : start command "import_db C:/Users/Lviva/Desktop/4MIC - SPAR _1_5/TD/ES8388_Runs/phy_1/ES8388_pr.db"
RUN-1001 : Importing database generated by Tang Dynasty, V5.6.71036.
RUN-1001 : Database version number 46146.
RUN-1001 : Import flow parameters
PHY-1001 : Generate detailed routing grids ...
PHY-1001 : Processed IO instance aud_dacdat_syn_4 with INV attribute.
PHY-1001 : Processed IO instance aud_dacdat_1_syn_4 with INV attribute.
PHY-1001 : Processed IO instance aud_dacdat_2_syn_4 with INV attribute.
PHY-1001 : Processed IO instance aud_dacdat_3_syn_4 with INV attribute.
PHY-1001 : Generate nets ...
PHY-1001 : clock net aud_bclk_syn_4 will be merged with clock aud_bclk_dup_1
PHY-1001 : clock net aud_bclk_1_syn_4 will be merged with clock aud_bclk_1_dup_1
PHY-1001 : clock net aud_bclk_2_syn_4 will be merged with clock aud_bclk_2_dup_1
PHY-1001 : clock net aud_bclk_3_syn_4 will be merged with clock aud_bclk_3_dup_1
PHY-1001 : net aud_mclk_dup_1 will be routed on clock mesh
PHY-1001 : net aud_mclk_1_dup_1 will be routed on clock mesh
PHY-1001 : net aud_mclk_2_dup_1 will be routed on clock mesh
PHY-1001 : net aud_mclk_3_dup_1 will be routed on clock mesh
PHY-1001 : clock net ilaclk_dup_1 will be merged with clock u_pll_clk/clk0_buf
PHY-1001 : clock net ilaclk_1_dup_1 will be merged with clock u1_pll_clk/clk0_buf
PHY-1001 : clock net ilaclk_2_dup_1 will be merged with clock u2_pll_clk/clk0_buf
PHY-1001 : clock net ilaclk_3_dup_1 will be merged with clock u3_pll_clk/clk0_buf
PHY-1001 : net sys_clk_dup_1 will be routed on clock mesh
PHY-1001 : clock net u1_es8388_ctrl/u_es8388_config/u_i2c_dri/dri_clk_syn_4 will be merged with clock u1_es8388_ctrl/u_es8388_config/u_i2c_dri/dri_clk
PHY-1001 : clock net u2_es8388_ctrl/u_es8388_config/u_i2c_dri/dri_clk_syn_4 will be merged with clock u2_es8388_ctrl/u_es8388_config/u_i2c_dri/dri_clk
PHY-1001 : clock net u3_es8388_ctrl/u_es8388_config/u_i2c_dri/dri_clk_syn_4 will be merged with clock u3_es8388_ctrl/u_es8388_config/u_i2c_dri/dri_clk
PHY-1001 : eco open net = 0
PHY-1001 : 21 feed throughs used by 20 nets
RUN-1001 : Import IO constraints
RUN-1001 : Import Inst constraints
RUN-1001 : Import design success TD_VERSION=5.6.71036 , DB_VERSION=46146
RUN-1003 : finish command "import_db C:/Users/Lviva/Desktop/4MIC - SPAR _1_5/TD/ES8388_Runs/phy_1/ES8388_pr.db" in  1.384035s wall, 1.421875s user + 0.281250s system = 1.703125s CPU (123.1%)

RUN-1004 : used memory is 670 MB, reserved memory is 729 MB, peak memory is 786 MB
RUN-1002 : start command "download -bit ES8388_Runs\phy_1\ES8388.bit -mode jtag -spd 7 -sec 64 -cable 0"
PRG-2014 : Chip validation success: EAGLE_S20_BG256
RUN-1002 : start command "bit_to_vec -chip EAGLE_S20_BG256 -m jtag_burst -freq 4 -bit ES8388_Runs/phy_1/ES8388.bit"
RUN-1002 : start command "program -cable 0 -mode svf -spd 7 -p"
RUN-1003 : finish command "program -cable 0 -mode svf -spd 7 -p" in  6.253171s wall, 0.140625s user + 0.281250s system = 0.421875s CPU (6.7%)

RUN-1004 : used memory is 671 MB, reserved memory is 730 MB, peak memory is 786 MB
RUN-1003 : finish command "download -bit ES8388_Runs\phy_1\ES8388.bit -mode jtag -spd 7 -sec 64 -cable 0" in  6.622130s wall, 0.218750s user + 0.328125s system = 0.546875s CPU (8.3%)

RUN-1004 : used memory is 671 MB, reserved memory is 730 MB, peak memory is 786 MB
GUI-1001 : Downloading succeeded!
HDL-1007 : analyze verilog file ../RTL/spar_4mic_localization.v
RUN-1002 : start command "download -bit ES8388_Runs\phy_1\ES8388.bit -mode jtag -spd 7 -sec 64 -cable 0"
PRG-2014 : Chip validation success: EAGLE_S20_BG256
RUN-1002 : start command "bit_to_vec -chip EAGLE_S20_BG256 -m jtag_burst -freq 4 -bit ES8388_Runs/phy_1/ES8388.bit"
RUN-1002 : start command "program -cable 0 -mode svf -spd 7 -p"
RUN-1001 : reset_run syn_1 phy_1.
GUI-6001 WARNING: File C:/Users/Lviva/Desktop/4MIC - SPAR _1_5/TD/ES8388_Runs/phy_1/ES8388.bit does not exist!
RUN-1001 : launch_runs syn_1 phy_1  -jobs 6.
RUN-1003 : finish command "program -cable 0 -mode svf -spd 7 -p" in  6.250508s wall, 0.250000s user + 0.625000s system = 0.875000s CPU (14.0%)

RUN-1004 : used memory is 673 MB, reserved memory is 731 MB, peak memory is 786 MB
RUN-1003 : finish command "download -bit ES8388_Runs\phy_1\ES8388.bit -mode jtag -spd 7 -sec 64 -cable 0" in  6.618280s wall, 0.265625s user + 0.734375s system = 1.000000s CPU (15.1%)

RUN-1004 : used memory is 673 MB, reserved memory is 731 MB, peak memory is 786 MB
GUI-1001 : Downloading succeeded!
RUN-1001 : syn_1: run complete.
RUN-1001 : phy_1: run complete.
RUN-1001 : open_run phy_1.
RUN-1002 : start command "import_db C:/Users/Lviva/Desktop/4MIC - SPAR _1_5/TD/ES8388_Runs/phy_1/ES8388_pr.db"
RUN-1001 : Importing database generated by Tang Dynasty, V5.6.71036.
RUN-1001 : Database version number 46146.
RUN-1001 : Import flow parameters
PHY-1001 : Generate detailed routing grids ...
PHY-1001 : Processed IO instance aud_dacdat_syn_4 with INV attribute.
PHY-1001 : Processed IO instance aud_dacdat_1_syn_4 with INV attribute.
PHY-1001 : Processed IO instance aud_dacdat_2_syn_4 with INV attribute.
PHY-1001 : Processed IO instance aud_dacdat_3_syn_4 with INV attribute.
PHY-1001 : Generate nets ...
PHY-1001 : clock net aud_bclk_syn_4 will be merged with clock aud_bclk_dup_1
PHY-1001 : clock net aud_bclk_1_syn_4 will be merged with clock aud_bclk_1_dup_1
PHY-1001 : clock net aud_bclk_2_syn_4 will be merged with clock aud_bclk_2_dup_1
PHY-1001 : clock net aud_bclk_3_syn_4 will be merged with clock aud_bclk_3_dup_1
PHY-1001 : net aud_mclk_dup_1 will be routed on clock mesh
PHY-1001 : net aud_mclk_1_dup_1 will be routed on clock mesh
PHY-1001 : net aud_mclk_2_dup_1 will be routed on clock mesh
PHY-1001 : net aud_mclk_3_dup_1 will be routed on clock mesh
PHY-1001 : clock net ilaclk_dup_1 will be merged with clock u_pll_clk/clk0_buf
PHY-1001 : clock net ilaclk_1_dup_1 will be merged with clock u1_pll_clk/clk0_buf
PHY-1001 : clock net ilaclk_2_dup_1 will be merged with clock u2_pll_clk/clk0_buf
PHY-1001 : clock net ilaclk_3_dup_1 will be merged with clock u3_pll_clk/clk0_buf
PHY-1001 : net sys_clk_dup_1 will be routed on clock mesh
PHY-1001 : clock net u1_es8388_ctrl/u_es8388_config/u_i2c_dri/dri_clk_syn_4 will be merged with clock u1_es8388_ctrl/u_es8388_config/u_i2c_dri/dri_clk
PHY-1001 : clock net u2_es8388_ctrl/u_es8388_config/u_i2c_dri/dri_clk_syn_4 will be merged with clock u2_es8388_ctrl/u_es8388_config/u_i2c_dri/dri_clk
PHY-1001 : clock net u3_es8388_ctrl/u_es8388_config/u_i2c_dri/dri_clk_syn_4 will be merged with clock u3_es8388_ctrl/u_es8388_config/u_i2c_dri/dri_clk
PHY-1001 : eco open net = 0
PHY-1001 : 22 feed throughs used by 18 nets
RUN-1001 : Import IO constraints
RUN-1001 : Import Inst constraints
RUN-1001 : Import design success TD_VERSION=5.6.71036 , DB_VERSION=46146
RUN-1003 : finish command "import_db C:/Users/Lviva/Desktop/4MIC - SPAR _1_5/TD/ES8388_Runs/phy_1/ES8388_pr.db" in  1.260930s wall, 1.171875s user + 0.171875s system = 1.343750s CPU (106.6%)

RUN-1004 : used memory is 681 MB, reserved memory is 741 MB, peak memory is 786 MB
RUN-1002 : start command "download -bit ES8388_Runs\phy_1\ES8388.bit -mode jtag -spd 7 -sec 64 -cable 0"
PRG-2014 : Chip validation success: EAGLE_S20_BG256
RUN-1002 : start command "bit_to_vec -chip EAGLE_S20_BG256 -m jtag_burst -freq 4 -bit ES8388_Runs/phy_1/ES8388.bit"
RUN-1002 : start command "program -cable 0 -mode svf -spd 7 -p"
RUN-1003 : finish command "program -cable 0 -mode svf -spd 7 -p" in  6.248236s wall, 0.171875s user + 0.515625s system = 0.687500s CPU (11.0%)

RUN-1004 : used memory is 683 MB, reserved memory is 742 MB, peak memory is 786 MB
RUN-1003 : finish command "download -bit ES8388_Runs\phy_1\ES8388.bit -mode jtag -spd 7 -sec 64 -cable 0" in  6.617015s wall, 0.218750s user + 0.546875s system = 0.765625s CPU (11.6%)

RUN-1004 : used memory is 683 MB, reserved memory is 742 MB, peak memory is 786 MB
GUI-1001 : Downloading succeeded!
HDL-1007 : analyze verilog file ../RTL/spar_4mic_localization.v
RUN-1001 : reset_run syn_1 phy_1.
GUI-6001 WARNING: File C:/Users/Lviva/Desktop/4MIC - SPAR _1_5/TD/ES8388_Runs/phy_1/ES8388.bit does not exist!
RUN-1001 : launch_runs syn_1 phy_1  -jobs 6.
RUN-1001 : syn_1: run complete.
RUN-1001 : phy_1: run complete.
RUN-1001 : open_run phy_1.
RUN-1002 : start command "import_db C:/Users/Lviva/Desktop/4MIC - SPAR _1_5/TD/ES8388_Runs/phy_1/ES8388_pr.db"
RUN-1001 : Importing database generated by Tang Dynasty, V5.6.71036.
RUN-1001 : Database version number 46146.
RUN-1001 : Import flow parameters
PHY-1001 : Generate detailed routing grids ...
PHY-1001 : Processed IO instance aud_dacdat_syn_4 with INV attribute.
PHY-1001 : Processed IO instance aud_dacdat_1_syn_4 with INV attribute.
PHY-1001 : Processed IO instance aud_dacdat_2_syn_4 with INV attribute.
PHY-1001 : Processed IO instance aud_dacdat_3_syn_4 with INV attribute.
PHY-1001 : Generate nets ...
PHY-1001 : clock net aud_bclk_syn_4 will be merged with clock aud_bclk_dup_1
PHY-1001 : clock net aud_bclk_1_syn_4 will be merged with clock aud_bclk_1_dup_1
PHY-1001 : clock net aud_bclk_2_syn_4 will be merged with clock aud_bclk_2_dup_1
PHY-1001 : clock net aud_bclk_3_syn_4 will be merged with clock aud_bclk_3_dup_1
PHY-1001 : net aud_mclk_dup_1 will be routed on clock mesh
PHY-1001 : net aud_mclk_1_dup_1 will be routed on clock mesh
PHY-1001 : net aud_mclk_2_dup_1 will be routed on clock mesh
PHY-1001 : net aud_mclk_3_dup_1 will be routed on clock mesh
PHY-1001 : clock net ilaclk_dup_1 will be merged with clock u_pll_clk/clk0_buf
PHY-1001 : clock net ilaclk_1_dup_1 will be merged with clock u1_pll_clk/clk0_buf
PHY-1001 : clock net ilaclk_2_dup_1 will be merged with clock u2_pll_clk/clk0_buf
PHY-1001 : clock net ilaclk_3_dup_1 will be merged with clock u3_pll_clk/clk0_buf
PHY-1001 : net sys_clk_dup_1 will be routed on clock mesh
PHY-1001 : clock net u1_es8388_ctrl/u_es8388_config/u_i2c_dri/dri_clk_syn_4 will be merged with clock u1_es8388_ctrl/u_es8388_config/u_i2c_dri/dri_clk
PHY-1001 : clock net u2_es8388_ctrl/u_es8388_config/u_i2c_dri/dri_clk_syn_4 will be merged with clock u2_es8388_ctrl/u_es8388_config/u_i2c_dri/dri_clk
PHY-1001 : clock net u3_es8388_ctrl/u_es8388_config/u_i2c_dri/dri_clk_syn_4 will be merged with clock u3_es8388_ctrl/u_es8388_config/u_i2c_dri/dri_clk
PHY-1001 : eco open net = 0
PHY-1001 : 22 feed throughs used by 21 nets
RUN-1001 : Import IO constraints
RUN-1001 : Import Inst constraints
RUN-1001 : Import design success TD_VERSION=5.6.71036 , DB_VERSION=46146
RUN-1003 : finish command "import_db C:/Users/Lviva/Desktop/4MIC - SPAR _1_5/TD/ES8388_Runs/phy_1/ES8388_pr.db" in  1.239958s wall, 1.265625s user + 0.093750s system = 1.359375s CPU (109.6%)

RUN-1004 : used memory is 689 MB, reserved memory is 750 MB, peak memory is 786 MB
RUN-1002 : start command "download -bit ES8388_Runs\phy_1\ES8388.bit -mode jtag -spd 7 -sec 64 -cable 0"
PRG-2014 : Chip validation success: EAGLE_S20_BG256
RUN-1002 : start command "bit_to_vec -chip EAGLE_S20_BG256 -m jtag_burst -freq 4 -bit ES8388_Runs/phy_1/ES8388.bit"
RUN-1002 : start command "program -cable 0 -mode svf -spd 7 -p"
RUN-1003 : finish command "program -cable 0 -mode svf -spd 7 -p" in  6.249540s wall, 0.109375s user + 0.375000s system = 0.484375s CPU (7.8%)

RUN-1004 : used memory is 690 MB, reserved memory is 751 MB, peak memory is 786 MB
RUN-1003 : finish command "download -bit ES8388_Runs\phy_1\ES8388.bit -mode jtag -spd 7 -sec 64 -cable 0" in  6.616542s wall, 0.187500s user + 0.421875s system = 0.609375s CPU (9.2%)

RUN-1004 : used memory is 690 MB, reserved memory is 751 MB, peak memory is 786 MB
GUI-1001 : Downloading succeeded!
RUN-1002 : start command "download -bit ES8388_Runs\phy_1\ES8388.bit -mode jtag -spd 7 -sec 64 -cable 0"
PRG-2014 : Chip validation success: EAGLE_S20_BG256
RUN-1002 : start command "bit_to_vec -chip EAGLE_S20_BG256 -m jtag_burst -freq 4 -bit ES8388_Runs/phy_1/ES8388.bit"
RUN-1002 : start command "program -cable 0 -mode svf -spd 7 -p"
RUN-1003 : finish command "program -cable 0 -mode svf -spd 7 -p" in  6.246143s wall, 0.171875s user + 0.359375s system = 0.531250s CPU (8.5%)

RUN-1004 : used memory is 690 MB, reserved memory is 751 MB, peak memory is 786 MB
RUN-1003 : finish command "download -bit ES8388_Runs\phy_1\ES8388.bit -mode jtag -spd 7 -sec 64 -cable 0" in  6.613755s wall, 0.218750s user + 0.421875s system = 0.640625s CPU (9.7%)

RUN-1004 : used memory is 690 MB, reserved memory is 751 MB, peak memory is 786 MB
GUI-1001 : Downloading succeeded!
HDL-1007 : analyze verilog file ../RTL/spar_4mic_localization.v
RUN-1001 : reset_run syn_1 phy_1.
GUI-6001 WARNING: File C:/Users/Lviva/Desktop/4MIC - SPAR _1_5/TD/ES8388_Runs/phy_1/ES8388.bit does not exist!
RUN-1001 : launch_runs syn_1 phy_1  -jobs 6.
RUN-1001 : syn_1: run complete.
RUN-1001 : phy_1: run complete.
RUN-1001 : open_run phy_1.
RUN-1002 : start command "import_db C:/Users/Lviva/Desktop/4MIC - SPAR _1_5/TD/ES8388_Runs/phy_1/ES8388_pr.db"
RUN-1001 : Importing database generated by Tang Dynasty, V5.6.71036.
RUN-1001 : Database version number 46146.
RUN-1001 : Import flow parameters
PHY-1001 : Generate detailed routing grids ...
PHY-1001 : Processed IO instance aud_dacdat_syn_4 with INV attribute.
PHY-1001 : Processed IO instance aud_dacdat_1_syn_4 with INV attribute.
PHY-1001 : Processed IO instance aud_dacdat_2_syn_4 with INV attribute.
PHY-1001 : Processed IO instance aud_dacdat_3_syn_4 with INV attribute.
PHY-1001 : Generate nets ...
PHY-1001 : clock net aud_bclk_syn_4 will be merged with clock aud_bclk_dup_1
PHY-1001 : clock net aud_bclk_1_syn_4 will be merged with clock aud_bclk_1_dup_1
PHY-1001 : clock net aud_bclk_2_syn_4 will be merged with clock aud_bclk_2_dup_1
PHY-1001 : clock net aud_bclk_3_syn_4 will be merged with clock aud_bclk_3_dup_1
PHY-1001 : net aud_mclk_dup_1 will be routed on clock mesh
PHY-1001 : net aud_mclk_1_dup_1 will be routed on clock mesh
PHY-1001 : net aud_mclk_2_dup_1 will be routed on clock mesh
PHY-1001 : net aud_mclk_3_dup_1 will be routed on clock mesh
PHY-1001 : clock net ilaclk_dup_1 will be merged with clock u_pll_clk/clk0_buf
PHY-1001 : clock net ilaclk_1_dup_1 will be merged with clock u1_pll_clk/clk0_buf
PHY-1001 : clock net ilaclk_2_dup_1 will be merged with clock u2_pll_clk/clk0_buf
PHY-1001 : clock net ilaclk_3_dup_1 will be merged with clock u3_pll_clk/clk0_buf
PHY-1001 : net sys_clk_dup_1 will be routed on clock mesh
PHY-1001 : clock net u1_es8388_ctrl/u_es8388_config/u_i2c_dri/dri_clk_syn_4 will be merged with clock u1_es8388_ctrl/u_es8388_config/u_i2c_dri/dri_clk
PHY-1001 : clock net u2_es8388_ctrl/u_es8388_config/u_i2c_dri/dri_clk_syn_4 will be merged with clock u2_es8388_ctrl/u_es8388_config/u_i2c_dri/dri_clk
PHY-1001 : clock net u3_es8388_ctrl/u_es8388_config/u_i2c_dri/dri_clk_syn_4 will be merged with clock u3_es8388_ctrl/u_es8388_config/u_i2c_dri/dri_clk
PHY-1001 : eco open net = 0
PHY-1001 : 31 feed throughs used by 26 nets
RUN-1001 : Import IO constraints
RUN-1001 : Import Inst constraints
RUN-1001 : Import design success TD_VERSION=5.6.71036 , DB_VERSION=46146
RUN-1003 : finish command "import_db C:/Users/Lviva/Desktop/4MIC - SPAR _1_5/TD/ES8388_Runs/phy_1/ES8388_pr.db" in  1.236207s wall, 1.218750s user + 0.171875s system = 1.390625s CPU (112.5%)

RUN-1004 : used memory is 695 MB, reserved memory is 754 MB, peak memory is 786 MB
RUN-1002 : start command "download -bit ES8388_Runs\phy_1\ES8388.bit -mode jtag -spd 7 -sec 64 -cable 0"
PRG-2014 : Chip validation success: EAGLE_S20_BG256
RUN-1002 : start command "bit_to_vec -chip EAGLE_S20_BG256 -m jtag_burst -freq 4 -bit ES8388_Runs/phy_1/ES8388.bit"
RUN-1002 : start command "program -cable 0 -mode svf -spd 7 -p"
RUN-1003 : finish command "program -cable 0 -mode svf -spd 7 -p" in  6.248137s wall, 0.093750s user + 0.312500s system = 0.406250s CPU (6.5%)

RUN-1004 : used memory is 693 MB, reserved memory is 753 MB, peak memory is 786 MB
RUN-1003 : finish command "download -bit ES8388_Runs\phy_1\ES8388.bit -mode jtag -spd 7 -sec 64 -cable 0" in  6.615193s wall, 0.125000s user + 0.359375s system = 0.484375s CPU (7.3%)

RUN-1004 : used memory is 693 MB, reserved memory is 753 MB, peak memory is 786 MB
GUI-1001 : Downloading succeeded!
HDL-1007 : analyze verilog file ../RTL/spar_4mic_localization.v
RUN-1001 : reset_run syn_1 phy_1.
GUI-6001 WARNING: File C:/Users/Lviva/Desktop/4MIC - SPAR _1_5/TD/ES8388_Runs/phy_1/ES8388.bit does not exist!
RUN-1001 : launch_runs syn_1 phy_1  -jobs 6.
RUN-1001 : syn_1: run complete.
RUN-1001 : phy_1: run complete.
RUN-1001 : open_run phy_1.
RUN-1002 : start command "import_db C:/Users/Lviva/Desktop/4MIC - SPAR _1_5/TD/ES8388_Runs/phy_1/ES8388_pr.db"
RUN-1001 : Importing database generated by Tang Dynasty, V5.6.71036.
RUN-1001 : Database version number 46146.
RUN-1001 : Import flow parameters
PHY-1001 : Generate detailed routing grids ...
PHY-1001 : Processed IO instance aud_dacdat_syn_4 with INV attribute.
PHY-1001 : Processed IO instance aud_dacdat_1_syn_4 with INV attribute.
PHY-1001 : Processed IO instance aud_dacdat_2_syn_4 with INV attribute.
PHY-1001 : Processed IO instance aud_dacdat_3_syn_4 with INV attribute.
PHY-1001 : Generate nets ...
PHY-1001 : clock net aud_bclk_syn_4 will be merged with clock aud_bclk_dup_1
PHY-1001 : clock net aud_bclk_1_syn_4 will be merged with clock aud_bclk_1_dup_1
PHY-1001 : clock net aud_bclk_2_syn_4 will be merged with clock aud_bclk_2_dup_1
PHY-1001 : clock net aud_bclk_3_syn_4 will be merged with clock aud_bclk_3_dup_1
PHY-1001 : net aud_mclk_dup_1 will be routed on clock mesh
PHY-1001 : net aud_mclk_1_dup_1 will be routed on clock mesh
PHY-1001 : net aud_mclk_2_dup_1 will be routed on clock mesh
PHY-1001 : net aud_mclk_3_dup_1 will be routed on clock mesh
PHY-1001 : clock net ilaclk_dup_1 will be merged with clock u_pll_clk/clk0_buf
PHY-1001 : clock net ilaclk_1_dup_1 will be merged with clock u1_pll_clk/clk0_buf
PHY-1001 : clock net ilaclk_2_dup_1 will be merged with clock u2_pll_clk/clk0_buf
PHY-1001 : clock net ilaclk_3_dup_1 will be merged with clock u3_pll_clk/clk0_buf
PHY-1001 : net sys_clk_dup_1 will be routed on clock mesh
PHY-1001 : clock net u1_es8388_ctrl/u_es8388_config/u_i2c_dri/dri_clk_syn_4 will be merged with clock u1_es8388_ctrl/u_es8388_config/u_i2c_dri/dri_clk
PHY-1001 : clock net u2_es8388_ctrl/u_es8388_config/u_i2c_dri/dri_clk_syn_4 will be merged with clock u2_es8388_ctrl/u_es8388_config/u_i2c_dri/dri_clk
PHY-1001 : clock net u3_es8388_ctrl/u_es8388_config/u_i2c_dri/dri_clk_syn_4 will be merged with clock u3_es8388_ctrl/u_es8388_config/u_i2c_dri/dri_clk
PHY-1001 : eco open net = 0
PHY-1001 : 31 feed throughs used by 26 nets
RUN-1001 : Import IO constraints
RUN-1001 : Import Inst constraints
RUN-1001 : Import design success TD_VERSION=5.6.71036 , DB_VERSION=46146
RUN-1003 : finish command "import_db C:/Users/Lviva/Desktop/4MIC - SPAR _1_5/TD/ES8388_Runs/phy_1/ES8388_pr.db" in  1.218284s wall, 1.218750s user + 0.109375s system = 1.328125s CPU (109.0%)

RUN-1004 : used memory is 696 MB, reserved memory is 755 MB, peak memory is 786 MB
RUN-1002 : start command "download -bit ES8388_Runs\phy_1\ES8388.bit -mode jtag -spd 7 -sec 64 -cable 0"
PRG-2014 : Chip validation success: EAGLE_S20_BG256
RUN-1002 : start command "bit_to_vec -chip EAGLE_S20_BG256 -m jtag_burst -freq 4 -bit ES8388_Runs/phy_1/ES8388.bit"
RUN-1002 : start command "program -cable 0 -mode svf -spd 7 -p"
RUN-1003 : finish command "program -cable 0 -mode svf -spd 7 -p" in  6.253062s wall, 0.046875s user + 0.437500s system = 0.484375s CPU (7.7%)

RUN-1004 : used memory is 696 MB, reserved memory is 756 MB, peak memory is 786 MB
RUN-1003 : finish command "download -bit ES8388_Runs\phy_1\ES8388.bit -mode jtag -spd 7 -sec 64 -cable 0" in  6.624641s wall, 0.078125s user + 0.468750s system = 0.546875s CPU (8.3%)

RUN-1004 : used memory is 696 MB, reserved memory is 756 MB, peak memory is 786 MB
GUI-1001 : Downloading succeeded!
RUN-1002 : start command "download -bit ES8388_Runs\phy_1\ES8388.bit -mode jtag -spd 7 -sec 64 -cable 0"
PRG-2014 : Chip validation success: EAGLE_S20_BG256
RUN-1002 : start command "bit_to_vec -chip EAGLE_S20_BG256 -m jtag_burst -freq 4 -bit ES8388_Runs/phy_1/ES8388.bit"
RUN-1002 : start command "program -cable 0 -mode svf -spd 7 -p"
RUN-1003 : finish command "program -cable 0 -mode svf -spd 7 -p" in  6.246200s wall, 0.093750s user + 0.046875s system = 0.140625s CPU (2.3%)

RUN-1004 : used memory is 696 MB, reserved memory is 756 MB, peak memory is 786 MB
RUN-1003 : finish command "download -bit ES8388_Runs\phy_1\ES8388.bit -mode jtag -spd 7 -sec 64 -cable 0" in  6.624334s wall, 0.140625s user + 0.062500s system = 0.203125s CPU (3.1%)

RUN-1004 : used memory is 696 MB, reserved memory is 756 MB, peak memory is 786 MB
GUI-1001 : Downloading succeeded!
HDL-1007 : analyze verilog file ../RTL/spar_4mic_localization.v
RUN-1001 : reset_run syn_1 phy_1.
GUI-6001 WARNING: File C:/Users/Lviva/Desktop/4MIC - SPAR _1_5/TD/ES8388_Runs/phy_1/ES8388.bit does not exist!
RUN-1001 : launch_runs syn_1 phy_1  -jobs 6.
RUN-1001 : syn_1: run complete.
RUN-1001 : phy_1: run complete.
RUN-1001 : open_run phy_1.
RUN-1002 : start command "import_db C:/Users/Lviva/Desktop/4MIC - SPAR _1_5/TD/ES8388_Runs/phy_1/ES8388_pr.db"
RUN-1001 : Importing database generated by Tang Dynasty, V5.6.71036.
RUN-1001 : Database version number 46146.
RUN-1001 : Import flow parameters
PHY-1001 : Generate detailed routing grids ...
PHY-1001 : Processed IO instance aud_dacdat_syn_4 with INV attribute.
PHY-1001 : Processed IO instance aud_dacdat_1_syn_4 with INV attribute.
PHY-1001 : Processed IO instance aud_dacdat_2_syn_4 with INV attribute.
PHY-1001 : Processed IO instance aud_dacdat_3_syn_4 with INV attribute.
PHY-1001 : Generate nets ...
PHY-1001 : clock net aud_bclk_syn_4 will be merged with clock aud_bclk_dup_1
PHY-1001 : clock net aud_bclk_1_syn_4 will be merged with clock aud_bclk_1_dup_1
PHY-1001 : clock net aud_bclk_2_syn_4 will be merged with clock aud_bclk_2_dup_1
PHY-1001 : clock net aud_bclk_3_syn_4 will be merged with clock aud_bclk_3_dup_1
PHY-1001 : net aud_mclk_dup_1 will be routed on clock mesh
PHY-1001 : net aud_mclk_1_dup_1 will be routed on clock mesh
PHY-1001 : net aud_mclk_2_dup_1 will be routed on clock mesh
PHY-1001 : net aud_mclk_3_dup_1 will be routed on clock mesh
PHY-1001 : clock net ilaclk_dup_1 will be merged with clock u_pll_clk/clk0_buf
PHY-1001 : clock net ilaclk_1_dup_1 will be merged with clock u1_pll_clk/clk0_buf
PHY-1001 : clock net ilaclk_2_dup_1 will be merged with clock u2_pll_clk/clk0_buf
PHY-1001 : clock net ilaclk_3_dup_1 will be merged with clock u3_pll_clk/clk0_buf
PHY-1001 : net sys_clk_dup_1 will be routed on clock mesh
PHY-1001 : clock net u1_es8388_ctrl/u_es8388_config/u_i2c_dri/dri_clk_syn_4 will be merged with clock u1_es8388_ctrl/u_es8388_config/u_i2c_dri/dri_clk
PHY-1001 : clock net u2_es8388_ctrl/u_es8388_config/u_i2c_dri/dri_clk_syn_4 will be merged with clock u2_es8388_ctrl/u_es8388_config/u_i2c_dri/dri_clk
PHY-1001 : clock net u3_es8388_ctrl/u_es8388_config/u_i2c_dri/dri_clk_syn_4 will be merged with clock u3_es8388_ctrl/u_es8388_config/u_i2c_dri/dri_clk
PHY-1001 : eco open net = 0
PHY-1001 : 31 feed throughs used by 26 nets
RUN-1001 : Import IO constraints
RUN-1001 : Import Inst constraints
RUN-1001 : Import design success TD_VERSION=5.6.71036 , DB_VERSION=46146
RUN-1003 : finish command "import_db C:/Users/Lviva/Desktop/4MIC - SPAR _1_5/TD/ES8388_Runs/phy_1/ES8388_pr.db" in  1.259044s wall, 1.250000s user + 0.140625s system = 1.390625s CPU (110.5%)

RUN-1004 : used memory is 676 MB, reserved memory is 737 MB, peak memory is 786 MB
RUN-1002 : start command "download -bit ES8388_Runs\phy_1\ES8388.bit -mode jtag -spd 7 -sec 64 -cable 0"
PRG-2014 : Chip validation success: EAGLE_S20_BG256
RUN-1002 : start command "bit_to_vec -chip EAGLE_S20_BG256 -m jtag_burst -freq 4 -bit ES8388_Runs/phy_1/ES8388.bit"
RUN-1002 : start command "program -cable 0 -mode svf -spd 7 -p"
RUN-1003 : finish command "program -cable 0 -mode svf -spd 7 -p" in  6.245085s wall, 0.140625s user + 0.421875s system = 0.562500s CPU (9.0%)

RUN-1004 : used memory is 678 MB, reserved memory is 739 MB, peak memory is 786 MB
RUN-1003 : finish command "download -bit ES8388_Runs\phy_1\ES8388.bit -mode jtag -spd 7 -sec 64 -cable 0" in  6.614091s wall, 0.203125s user + 0.500000s system = 0.703125s CPU (10.6%)

RUN-1004 : used memory is 678 MB, reserved memory is 739 MB, peak memory is 786 MB
GUI-1001 : Downloading succeeded!
HDL-1007 : analyze verilog file ../RTL/spar_4mic_localization.v
RUN-1001 : reset_run syn_1 phy_1.
GUI-6001 WARNING: File C:/Users/Lviva/Desktop/4MIC - SPAR _1_5/TD/ES8388_Runs/phy_1/ES8388.bit does not exist!
RUN-1001 : launch_runs syn_1 phy_1  -jobs 6.
RUN-1001 : syn_1: run complete.
RUN-1001 : phy_1: run complete.
RUN-1001 : open_run phy_1.
RUN-1002 : start command "import_db C:/Users/Lviva/Desktop/4MIC - SPAR _1_5/TD/ES8388_Runs/phy_1/ES8388_pr.db"
RUN-1001 : Importing database generated by Tang Dynasty, V5.6.71036.
RUN-1001 : Database version number 46146.
RUN-1001 : Import flow parameters
PHY-1001 : Generate detailed routing grids ...
PHY-1001 : Processed IO instance aud_dacdat_syn_4 with INV attribute.
PHY-1001 : Processed IO instance aud_dacdat_1_syn_4 with INV attribute.
PHY-1001 : Processed IO instance aud_dacdat_2_syn_4 with INV attribute.
PHY-1001 : Processed IO instance aud_dacdat_3_syn_4 with INV attribute.
PHY-1001 : Generate nets ...
PHY-1001 : clock net aud_bclk_syn_4 will be merged with clock aud_bclk_dup_1
PHY-1001 : clock net aud_bclk_1_syn_4 will be merged with clock aud_bclk_1_dup_1
PHY-1001 : clock net aud_bclk_2_syn_4 will be merged with clock aud_bclk_2_dup_1
PHY-1001 : clock net aud_bclk_3_syn_4 will be merged with clock aud_bclk_3_dup_1
PHY-1001 : net aud_mclk_dup_1 will be routed on clock mesh
PHY-1001 : net aud_mclk_1_dup_1 will be routed on clock mesh
PHY-1001 : net aud_mclk_2_dup_1 will be routed on clock mesh
PHY-1001 : net aud_mclk_3_dup_1 will be routed on clock mesh
PHY-1001 : clock net ilaclk_dup_1 will be merged with clock u_pll_clk/clk0_buf
PHY-1001 : clock net ilaclk_1_dup_1 will be merged with clock u1_pll_clk/clk0_buf
PHY-1001 : clock net ilaclk_2_dup_1 will be merged with clock u2_pll_clk/clk0_buf
PHY-1001 : clock net ilaclk_3_dup_1 will be merged with clock u3_pll_clk/clk0_buf
PHY-1001 : net sys_clk_dup_1 will be routed on clock mesh
PHY-1001 : clock net u1_es8388_ctrl/u_es8388_config/u_i2c_dri/dri_clk_syn_4 will be merged with clock u1_es8388_ctrl/u_es8388_config/u_i2c_dri/dri_clk
PHY-1001 : clock net u2_es8388_ctrl/u_es8388_config/u_i2c_dri/dri_clk_syn_4 will be merged with clock u2_es8388_ctrl/u_es8388_config/u_i2c_dri/dri_clk
PHY-1001 : clock net u3_es8388_ctrl/u_es8388_config/u_i2c_dri/dri_clk_syn_4 will be merged with clock u3_es8388_ctrl/u_es8388_config/u_i2c_dri/dri_clk
PHY-1001 : eco open net = 0
PHY-1001 : 19 feed throughs used by 18 nets
RUN-1001 : Import IO constraints
RUN-1001 : Import Inst constraints
RUN-1001 : Import design success TD_VERSION=5.6.71036 , DB_VERSION=46146
RUN-1003 : finish command "import_db C:/Users/Lviva/Desktop/4MIC - SPAR _1_5/TD/ES8388_Runs/phy_1/ES8388_pr.db" in  1.233656s wall, 1.234375s user + 0.203125s system = 1.437500s CPU (116.5%)

RUN-1004 : used memory is 691 MB, reserved memory is 751 MB, peak memory is 786 MB
RUN-1002 : start command "download -bit ES8388_Runs\phy_1\ES8388.bit -mode jtag -spd 7 -sec 64 -cable 0"
PRG-2014 : Chip validation success: EAGLE_S20_BG256
RUN-1002 : start command "bit_to_vec -chip EAGLE_S20_BG256 -m jtag_burst -freq 4 -bit ES8388_Runs/phy_1/ES8388.bit"
RUN-1002 : start command "program -cable 0 -mode svf -spd 7 -p"
RUN-1003 : finish command "program -cable 0 -mode svf -spd 7 -p" in  6.250304s wall, 0.078125s user + 0.453125s system = 0.531250s CPU (8.5%)

RUN-1004 : used memory is 689 MB, reserved memory is 751 MB, peak memory is 786 MB
RUN-1003 : finish command "download -bit ES8388_Runs\phy_1\ES8388.bit -mode jtag -spd 7 -sec 64 -cable 0" in  6.617946s wall, 0.109375s user + 0.500000s system = 0.609375s CPU (9.2%)

RUN-1004 : used memory is 689 MB, reserved memory is 751 MB, peak memory is 786 MB
GUI-1001 : Downloading succeeded!
HDL-1007 : analyze verilog file ../RTL/spar_4mic_localization.v
RUN-1001 : reset_run syn_1 phy_1.
GUI-6001 WARNING: File C:/Users/Lviva/Desktop/4MIC - SPAR _1_5/TD/ES8388_Runs/phy_1/ES8388.bit does not exist!
RUN-1001 : launch_runs syn_1 phy_1  -jobs 6.
RUN-1001 : syn_1: run complete.
RUN-1001 : phy_1: run complete.
RUN-1001 : open_run phy_1.
RUN-1002 : start command "import_db C:/Users/Lviva/Desktop/4MIC - SPAR _1_5/TD/ES8388_Runs/phy_1/ES8388_pr.db"
RUN-1001 : Importing database generated by Tang Dynasty, V5.6.71036.
RUN-1001 : Database version number 46146.
RUN-1001 : Import flow parameters
PHY-1001 : Generate detailed routing grids ...
PHY-1001 : Processed IO instance aud_dacdat_syn_4 with INV attribute.
PHY-1001 : Processed IO instance aud_dacdat_1_syn_4 with INV attribute.
PHY-1001 : Processed IO instance aud_dacdat_2_syn_4 with INV attribute.
PHY-1001 : Processed IO instance aud_dacdat_3_syn_4 with INV attribute.
PHY-1001 : Generate nets ...
PHY-1001 : clock net aud_bclk_syn_4 will be merged with clock aud_bclk_dup_1
PHY-1001 : clock net aud_bclk_1_syn_4 will be merged with clock aud_bclk_1_dup_1
PHY-1001 : clock net aud_bclk_2_syn_4 will be merged with clock aud_bclk_2_dup_1
PHY-1001 : clock net aud_bclk_3_syn_4 will be merged with clock aud_bclk_3_dup_1
PHY-1001 : net aud_mclk_dup_1 will be routed on clock mesh
PHY-1001 : net aud_mclk_1_dup_1 will be routed on clock mesh
PHY-1001 : net aud_mclk_2_dup_1 will be routed on clock mesh
PHY-1001 : net aud_mclk_3_dup_1 will be routed on clock mesh
PHY-1001 : clock net ilaclk_dup_1 will be merged with clock u_pll_clk/clk0_buf
PHY-1001 : clock net ilaclk_1_dup_1 will be merged with clock u1_pll_clk/clk0_buf
PHY-1001 : clock net ilaclk_2_dup_1 will be merged with clock u2_pll_clk/clk0_buf
PHY-1001 : clock net ilaclk_3_dup_1 will be merged with clock u3_pll_clk/clk0_buf
PHY-1001 : net sys_clk_dup_1 will be routed on clock mesh
PHY-1001 : clock net u1_es8388_ctrl/u_es8388_config/u_i2c_dri/dri_clk_syn_4 will be merged with clock u1_es8388_ctrl/u_es8388_config/u_i2c_dri/dri_clk
PHY-1001 : clock net u2_es8388_ctrl/u_es8388_config/u_i2c_dri/dri_clk_syn_4 will be merged with clock u2_es8388_ctrl/u_es8388_config/u_i2c_dri/dri_clk
PHY-1001 : clock net u3_es8388_ctrl/u_es8388_config/u_i2c_dri/dri_clk_syn_4 will be merged with clock u3_es8388_ctrl/u_es8388_config/u_i2c_dri/dri_clk
PHY-1001 : eco open net = 0
PHY-1001 : 25 feed throughs used by 22 nets
RUN-1001 : Import IO constraints
RUN-1001 : Import Inst constraints
RUN-1001 : Import design success TD_VERSION=5.6.71036 , DB_VERSION=46146
RUN-1003 : finish command "import_db C:/Users/Lviva/Desktop/4MIC - SPAR _1_5/TD/ES8388_Runs/phy_1/ES8388_pr.db" in  1.206784s wall, 1.171875s user + 0.140625s system = 1.312500s CPU (108.8%)

RUN-1004 : used memory is 694 MB, reserved memory is 756 MB, peak memory is 786 MB
RUN-1001 : reset_run syn_1 phy_1.
RUN-1001 : launch_runs syn_1 phy_1  -jobs 6.
RUN-1001 : syn_1: run complete.
RUN-1001 : phy_1: run complete.
RUN-1001 : open_run phy_1.
RUN-1002 : start command "import_db C:/Users/Lviva/Desktop/4MIC - SPAR _1_5/TD/ES8388_Runs/phy_1/ES8388_pr.db"
RUN-1001 : Importing database generated by Tang Dynasty, V5.6.71036.
RUN-1001 : Database version number 46146.
RUN-1001 : Import flow parameters
PHY-1001 : Generate detailed routing grids ...
PHY-1001 : Processed IO instance aud_dacdat_syn_4 with INV attribute.
PHY-1001 : Processed IO instance aud_dacdat_1_syn_4 with INV attribute.
PHY-1001 : Processed IO instance aud_dacdat_2_syn_4 with INV attribute.
PHY-1001 : Processed IO instance aud_dacdat_3_syn_4 with INV attribute.
PHY-1001 : Generate nets ...
PHY-1001 : clock net aud_bclk_syn_4 will be merged with clock aud_bclk_dup_1
PHY-1001 : clock net aud_bclk_1_syn_4 will be merged with clock aud_bclk_1_dup_1
PHY-1001 : clock net aud_bclk_2_syn_4 will be merged with clock aud_bclk_2_dup_1
PHY-1001 : clock net aud_bclk_3_syn_4 will be merged with clock aud_bclk_3_dup_1
PHY-1001 : net aud_mclk_dup_1 will be routed on clock mesh
PHY-1001 : net aud_mclk_1_dup_1 will be routed on clock mesh
PHY-1001 : net aud_mclk_2_dup_1 will be routed on clock mesh
PHY-1001 : net aud_mclk_3_dup_1 will be routed on clock mesh
PHY-1001 : clock net ilaclk_dup_1 will be merged with clock u_pll_clk/clk0_buf
PHY-1001 : clock net ilaclk_1_dup_1 will be merged with clock u1_pll_clk/clk0_buf
PHY-1001 : clock net ilaclk_2_dup_1 will be merged with clock u2_pll_clk/clk0_buf
PHY-1001 : clock net ilaclk_3_dup_1 will be merged with clock u3_pll_clk/clk0_buf
PHY-1001 : net sys_clk_dup_1 will be routed on clock mesh
PHY-1001 : clock net u1_es8388_ctrl/u_es8388_config/u_i2c_dri/dri_clk_syn_4 will be merged with clock u1_es8388_ctrl/u_es8388_config/u_i2c_dri/dri_clk
PHY-1001 : clock net u2_es8388_ctrl/u_es8388_config/u_i2c_dri/dri_clk_syn_4 will be merged with clock u2_es8388_ctrl/u_es8388_config/u_i2c_dri/dri_clk
PHY-1001 : clock net u3_es8388_ctrl/u_es8388_config/u_i2c_dri/dri_clk_syn_4 will be merged with clock u3_es8388_ctrl/u_es8388_config/u_i2c_dri/dri_clk
PHY-1001 : eco open net = 0
PHY-1001 : 25 feed throughs used by 22 nets
RUN-1001 : Import IO constraints
RUN-1001 : Import Inst constraints
RUN-1001 : Import design success TD_VERSION=5.6.71036 , DB_VERSION=46146
RUN-1003 : finish command "import_db C:/Users/Lviva/Desktop/4MIC - SPAR _1_5/TD/ES8388_Runs/phy_1/ES8388_pr.db" in  1.214408s wall, 1.140625s user + 0.140625s system = 1.281250s CPU (105.5%)

RUN-1004 : used memory is 698 MB, reserved memory is 758 MB, peak memory is 786 MB
RUN-1002 : start command "download -bit ES8388_Runs\phy_1\ES8388.bit -mode jtag -spd 7 -sec 64 -cable 0"
PRG-2014 : Chip validation success: EAGLE_S20_BG256
RUN-1002 : start command "bit_to_vec -chip EAGLE_S20_BG256 -m jtag_burst -freq 4 -bit ES8388_Runs/phy_1/ES8388.bit"
RUN-1002 : start command "program -cable 0 -mode svf -spd 7 -p"
RUN-1003 : finish command "program -cable 0 -mode svf -spd 7 -p" in  6.251176s wall, 0.078125s user + 0.250000s system = 0.328125s CPU (5.2%)

RUN-1004 : used memory is 697 MB, reserved memory is 757 MB, peak memory is 786 MB
RUN-1003 : finish command "download -bit ES8388_Runs\phy_1\ES8388.bit -mode jtag -spd 7 -sec 64 -cable 0" in  6.620660s wall, 0.109375s user + 0.296875s system = 0.406250s CPU (6.1%)

RUN-1004 : used memory is 697 MB, reserved memory is 757 MB, peak memory is 786 MB
GUI-1001 : Downloading succeeded!
HDL-1007 : analyze verilog file ../RTL/spar_4mic_localization.v
RUN-1001 : reset_run syn_1 phy_1.
GUI-6001 WARNING: File C:/Users/Lviva/Desktop/4MIC - SPAR _1_5/TD/ES8388_Runs/phy_1/ES8388.bit does not exist!
RUN-1001 : launch_runs syn_1 phy_1  -jobs 6.
RUN-1001 : syn_1: run complete.
RUN-1001 : phy_1: run complete.
RUN-1001 : open_run phy_1.
RUN-1002 : start command "import_db C:/Users/Lviva/Desktop/4MIC - SPAR _1_5/TD/ES8388_Runs/phy_1/ES8388_pr.db"
RUN-1001 : Importing database generated by Tang Dynasty, V5.6.71036.
RUN-1001 : Database version number 46146.
RUN-1001 : Import flow parameters
PHY-1001 : Generate detailed routing grids ...
PHY-1001 : Processed IO instance aud_dacdat_syn_4 with INV attribute.
PHY-1001 : Processed IO instance aud_dacdat_1_syn_4 with INV attribute.
PHY-1001 : Processed IO instance aud_dacdat_2_syn_4 with INV attribute.
PHY-1001 : Processed IO instance aud_dacdat_3_syn_4 with INV attribute.
PHY-1001 : Generate nets ...
PHY-1001 : clock net aud_bclk_syn_4 will be merged with clock aud_bclk_dup_1
PHY-1001 : clock net aud_bclk_1_syn_4 will be merged with clock aud_bclk_1_dup_1
PHY-1001 : clock net aud_bclk_2_syn_4 will be merged with clock aud_bclk_2_dup_1
PHY-1001 : clock net aud_bclk_3_syn_4 will be merged with clock aud_bclk_3_dup_1
PHY-1001 : net aud_mclk_dup_1 will be routed on clock mesh
PHY-1001 : net aud_mclk_1_dup_1 will be routed on clock mesh
PHY-1001 : net aud_mclk_2_dup_1 will be routed on clock mesh
PHY-1001 : net aud_mclk_3_dup_1 will be routed on clock mesh
PHY-1001 : clock net ilaclk_dup_1 will be merged with clock u_pll_clk/clk0_buf
PHY-1001 : clock net ilaclk_1_dup_1 will be merged with clock u1_pll_clk/clk0_buf
PHY-1001 : clock net ilaclk_2_dup_1 will be merged with clock u2_pll_clk/clk0_buf
PHY-1001 : clock net ilaclk_3_dup_1 will be merged with clock u3_pll_clk/clk0_buf
PHY-1001 : net sys_clk_dup_1 will be routed on clock mesh
PHY-1001 : clock net u1_es8388_ctrl/u_es8388_config/u_i2c_dri/dri_clk_syn_4 will be merged with clock u1_es8388_ctrl/u_es8388_config/u_i2c_dri/dri_clk
PHY-1001 : clock net u2_es8388_ctrl/u_es8388_config/u_i2c_dri/dri_clk_syn_4 will be merged with clock u2_es8388_ctrl/u_es8388_config/u_i2c_dri/dri_clk
PHY-1001 : clock net u3_es8388_ctrl/u_es8388_config/u_i2c_dri/dri_clk_syn_4 will be merged with clock u3_es8388_ctrl/u_es8388_config/u_i2c_dri/dri_clk
PHY-1001 : eco open net = 0
PHY-1001 : 21 feed throughs used by 20 nets
RUN-1001 : Import IO constraints
RUN-1001 : Import Inst constraints
RUN-1001 : Import design success TD_VERSION=5.6.71036 , DB_VERSION=46146
RUN-1003 : finish command "import_db C:/Users/Lviva/Desktop/4MIC - SPAR _1_5/TD/ES8388_Runs/phy_1/ES8388_pr.db" in  1.216440s wall, 1.140625s user + 0.203125s system = 1.343750s CPU (110.5%)

RUN-1004 : used memory is 705 MB, reserved memory is 758 MB, peak memory is 786 MB
RUN-1002 : start command "download -bit ES8388_Runs\phy_1\ES8388.bit -mode jtag -spd 7 -sec 64 -cable 0"
PRG-2014 : Chip validation success: EAGLE_S20_BG256
RUN-1002 : start command "bit_to_vec -chip EAGLE_S20_BG256 -m jtag_burst -freq 4 -bit ES8388_Runs/phy_1/ES8388.bit"
RUN-1002 : start command "program -cable 0 -mode svf -spd 7 -p"
RUN-1003 : finish command "program -cable 0 -mode svf -spd 7 -p" in  6.244709s wall, 0.140625s user + 0.515625s system = 0.656250s CPU (10.5%)

RUN-1004 : used memory is 705 MB, reserved memory is 758 MB, peak memory is 786 MB
RUN-1003 : finish command "download -bit ES8388_Runs\phy_1\ES8388.bit -mode jtag -spd 7 -sec 64 -cable 0" in  6.613506s wall, 0.187500s user + 0.562500s system = 0.750000s CPU (11.3%)

RUN-1004 : used memory is 705 MB, reserved memory is 758 MB, peak memory is 786 MB
GUI-1001 : Downloading succeeded!
