============================================================
   Tang Dynasty, V5.6.71036
      Copyright (c) 2012-2023 Anlogic Inc.
   Executable = D:/TD/bin/td.exe
   Built at =   20:34:38 Mar 21 2023
   Run by =     lyw15
   Run Date =   Sat Oct 18 21:15:28 2025

   Run on =     -001
============================================================
RUN-1001 : open_run phy_1.
RUN-1002 : start command "import_db C:/Users/lyw15/Desktop/4S20/es8388/TD/ES8388_Runs/phy_1/ES8388_pr.db"
RUN-1001 : Importing database generated by Tang Dynasty, V5.6.71036.
RUN-1001 : Database version number 46146.
RUN-1001 : Import flow parameters
PHY-1001 : Generate detailed routing grids ...
PHY-1001 : Processed IO instance aud_dacdat_syn_4 with INV attribute.
PHY-1001 : Processed IO instance aud_dacdat_1_syn_4 with INV attribute.
PHY-1001 : Generate nets ...
PHY-1001 : clock net aud_bclk_syn_4 will be merged with clock aud_bclk_dup_1
PHY-1001 : clock net aud_bclk_1_syn_4 will be merged with clock aud_bclk_1_dup_1
PHY-1001 : net aud_mclk_dup_1 will be routed on clock mesh
PHY-1001 : net aud_mclk_1_dup_1 will be routed on clock mesh
PHY-1001 : clock net ilaclk_dup_1 will be merged with clock u_pll_clk/clk0_buf
PHY-1001 : clock net ilaclk_1_dup_1 will be merged with clock u1_pll_clk/clk0_buf
PHY-1001 : net sys_clk_dup_1 will be routed on clock mesh
PHY-1001 : clock net show/sample_clk_syn_4 will be merged with clock show/sample_clk
PHY-1001 : clock net u_es8388_ctrl/u_es8388_config/u_i2c_dri/dri_clk_syn_4 will be merged with clock u_es8388_ctrl/u_es8388_config/u_i2c_dri/dri_clk
PHY-1001 : clock net u1_es8388_ctrl/u_es8388_config/u_i2c_dri/dri_clk_syn_4 will be merged with clock u1_es8388_ctrl/u_es8388_config/u_i2c_dri/dri_clk
PHY-1001 : eco open net = 0
PHY-1001 : 14 feed throughs used by 11 nets
RUN-1001 : Import IO constraints
RUN-1001 : Import Inst constraints
RUN-1001 : Import design success TD_VERSION=5.6.71036 , DB_VERSION=46146
RUN-1003 : finish command "import_db C:/Users/lyw15/Desktop/4S20/es8388/TD/ES8388_Runs/phy_1/ES8388_pr.db" in  3.006806s wall, 2.828125s user + 0.296875s system = 3.125000s CPU (103.9%)

RUN-1004 : used memory is 470 MB, reserved memory is 429 MB, peak memory is 516 MB
RUN-1001 : reset_run syn_1 phy_1.
RUN-1001 : launch_runs syn_1 phy_1  -jobs 6.
RUN-1001 : syn_1: run complete.
RUN-1001 : phy_1: run complete.
RUN-1001 : open_run phy_1.
RUN-1002 : start command "import_db C:/Users/lyw15/Desktop/4S20/es8388/TD/ES8388_Runs/phy_1/ES8388_pr.db"
RUN-1001 : Importing database generated by Tang Dynasty, V5.6.71036.
RUN-1001 : Database version number 46146.
RUN-1001 : Import flow parameters
PHY-1001 : Generate detailed routing grids ...
PHY-1001 : Processed IO instance aud_dacdat_syn_4 with INV attribute.
PHY-1001 : Processed IO instance aud_dacdat_1_syn_4 with INV attribute.
PHY-1001 : Generate nets ...
PHY-1001 : clock net aud_bclk_syn_4 will be merged with clock aud_bclk_dup_1
PHY-1001 : clock net aud_bclk_1_syn_4 will be merged with clock aud_bclk_1_dup_1
PHY-1001 : net aud_mclk_dup_1 will be routed on clock mesh
PHY-1001 : net aud_mclk_1_dup_1 will be routed on clock mesh
PHY-1001 : clock net ilaclk_dup_1 will be merged with clock u_pll_clk/clk0_buf
PHY-1001 : clock net ilaclk_1_dup_1 will be merged with clock u1_pll_clk/clk0_buf
PHY-1001 : net sys_clk_dup_1 will be routed on clock mesh
PHY-1001 : clock net show/sample_clk_syn_4 will be merged with clock show/sample_clk
PHY-1001 : clock net u_es8388_ctrl/u_es8388_config/u_i2c_dri/dri_clk_syn_4 will be merged with clock u_es8388_ctrl/u_es8388_config/u_i2c_dri/dri_clk
PHY-1001 : clock net u1_es8388_ctrl/u_es8388_config/u_i2c_dri/dri_clk_syn_4 will be merged with clock u1_es8388_ctrl/u_es8388_config/u_i2c_dri/dri_clk
PHY-1001 : eco open net = 0
PHY-1001 : 14 feed throughs used by 11 nets
RUN-1001 : Import IO constraints
RUN-1001 : Import Inst constraints
RUN-1001 : Import design success TD_VERSION=5.6.71036 , DB_VERSION=46146
RUN-1002 : start command "download -bit ES8388_Runs\phy_1\ES8388.bit -mode jtag -spd 7 -sec 64 -cable 0"
PRG-2014 : Chip validation success: EAGLE_S20_BG256
RUN-1002 : start command "bit_to_vec -chip EAGLE_S20_BG256 -m jtag_burst -freq 4 -bit ES8388_Runs/phy_1/ES8388.bit"
RUN-1002 : start command "program -cable 0 -mode svf -spd 7 -p"
RUN-1003 : finish command "program -cable 0 -mode svf -spd 7 -p" in  6.380941s wall, 0.234375s user + 0.609375s system = 0.843750s CPU (13.2%)

RUN-1004 : used memory is 565 MB, reserved memory is 493 MB, peak memory is 581 MB
RUN-1003 : finish command "download -bit ES8388_Runs\phy_1\ES8388.bit -mode jtag -spd 7 -sec 64 -cable 0" in  6.582295s wall, 0.296875s user + 0.656250s system = 0.953125s CPU (14.5%)

RUN-1004 : used memory is 565 MB, reserved memory is 493 MB, peak memory is 581 MB
GUI-1001 : Downloading succeeded!
RUN-1002 : start command "download -bit ES8388_Runs\phy_1\ES8388.bit -mode jtag -spd 7 -sec 64 -cable 0"
PRG-2014 : Chip validation success: EAGLE_S20_BG256
RUN-1002 : start command "bit_to_vec -chip EAGLE_S20_BG256 -m jtag_burst -freq 4 -bit ES8388_Runs/phy_1/ES8388.bit"
RUN-1002 : start command "program -cable 0 -mode svf -spd 7 -p"
RUN-1003 : finish command "program -cable 0 -mode svf -spd 7 -p" in  6.386169s wall, 0.171875s user + 0.593750s system = 0.765625s CPU (12.0%)

RUN-1004 : used memory is 560 MB, reserved memory is 487 MB, peak memory is 581 MB
RUN-1003 : finish command "download -bit ES8388_Runs\phy_1\ES8388.bit -mode jtag -spd 7 -sec 64 -cable 0" in  6.592601s wall, 0.234375s user + 0.625000s system = 0.859375s CPU (13.0%)

RUN-1004 : used memory is 560 MB, reserved memory is 487 MB, peak memory is 581 MB
GUI-1001 : Downloading succeeded!
RUN-1001 : Print Global Property
RUN-1001 : ---------------------------------------------------------------
RUN-1001 :        Parameters        |  Settings  |  Default Values  |  Note  
RUN-1001 : ---------------------------------------------------------------
RUN-1001 :          message         |  standard  |     standard     |        
RUN-1001 :   mixed_pack_place_flow  |     on     |        on        |        
RUN-1001 :        qor_monitor       |    off     |       off        |        
RUN-1001 :        syn_ip_flow       |    off     |       off        |        
RUN-1001 :          thread          |    auto    |       auto       |        
RUN-1001 : ---------------------------------------------------------------
RUN-1001 : Print Design Property
RUN-1001 : --------------------------------------------------------------
RUN-1001 :        Parameters       |  Settings  |  Default Values  |  Note  
RUN-1001 : --------------------------------------------------------------
RUN-1001 :   default_reg_initial   |    auto    |       auto       |        
RUN-1001 :        infer_add        |     on     |        on        |        
RUN-1001 :        infer_fsm        |    off     |       off        |        
RUN-1001 :        infer_mult       |     on     |        on        |        
RUN-1001 :        infer_ram        |     on     |        on        |        
RUN-1001 :        infer_reg        |     on     |        on        |        
RUN-1001 :   infer_reg_init_value  |     on     |        on        |        
RUN-1001 :        infer_rom        |     on     |        on        |        
RUN-1001 :      infer_shifter      |     on     |        on        |        
RUN-1001 : --------------------------------------------------------------
RUN-1001 : Print Rtl Property
RUN-1001 : --------------------------------------------------------------
RUN-1001 :        Parameters       |  Settings  |  Default Values  |  Note  
RUN-1001 : --------------------------------------------------------------
RUN-1001 :       compress_add      |   ripple   |      ripple      |        
RUN-1001 :        elf_sload        |    off     |       off        |        
RUN-1001 :       fix_undriven      |     0      |        0         |        
RUN-1001 :         flatten         |    off     |       off        |        
RUN-1001 :       gate_sharing      |     on     |        on        |        
RUN-1001 :    hdl_warning_level    |   normal   |      normal      |        
RUN-1001 :   impl_internal_tribuf  |     on     |        on        |        
RUN-1001 :      impl_set_reset     |     on     |        on        |        
RUN-1001 :        infer_gsr        |    off     |       off        |        
RUN-1001 :      keep_hierarchy     |    auto    |       auto       |        
RUN-1001 :        max_fanout       |    9999    |       9999       |        
RUN-1001 :      max_oh2bin_len     |     10     |        10        |        
RUN-1001 :       merge_equal       |     on     |        on        |        
RUN-1001 :       merge_equiv       |     on     |        on        |        
RUN-1001 :        merge_mux        |    off     |       off        |        
RUN-1001 :     min_control_set     |     8      |        8         |        
RUN-1001 :      min_ripple_len     |    auto    |       auto       |        
RUN-1001 :       oh2bin_ratio      |    0.08    |       0.08       |        
RUN-1001 :     opt_adder_fanout    |     on     |        on        |        
RUN-1001 :        opt_arith        |     on     |        on        |        
RUN-1001 :       opt_big_gate      |    off     |       off        |        
RUN-1001 :        opt_const        |     on     |        on        |        
RUN-1001 :      opt_const_mult     |     on     |        on        |        
RUN-1001 :       opt_lessthan      |     on     |        on        |        
RUN-1001 :         opt_mux         |    off     |       off        |        
RUN-1001 :         opt_ram         |    high    |       high       |        
RUN-1001 :      rtl_sim_model      |    off     |       off        |        
RUN-1001 :         seq_syn         |     on     |        on        |        
RUN-1001 : --------------------------------------------------------------
HDL-1007 : analyze verilog file al_ip/i2s.v
HDL-1007 : analyze verilog file al_ip/i2s.v
RUN-1001 : Print Global Property
RUN-1001 : ---------------------------------------------------------------
RUN-1001 :        Parameters        |  Settings  |  Default Values  |  Note  
RUN-1001 : ---------------------------------------------------------------
RUN-1001 :          message         |  standard  |     standard     |        
RUN-1001 :   mixed_pack_place_flow  |     on     |        on        |        
RUN-1001 :        qor_monitor       |    off     |       off        |        
RUN-1001 :        syn_ip_flow       |    off     |       off        |        
RUN-1001 :          thread          |    auto    |       auto       |        
RUN-1001 : ---------------------------------------------------------------
RUN-1001 : Print Design Property
RUN-1001 : --------------------------------------------------------------
RUN-1001 :        Parameters       |  Settings  |  Default Values  |  Note  
RUN-1001 : --------------------------------------------------------------
RUN-1001 :   default_reg_initial   |    auto    |       auto       |        
RUN-1001 :        infer_add        |     on     |        on        |        
RUN-1001 :        infer_fsm        |    off     |       off        |        
RUN-1001 :        infer_mult       |     on     |        on        |        
RUN-1001 :        infer_ram        |     on     |        on        |        
RUN-1001 :        infer_reg        |     on     |        on        |        
RUN-1001 :   infer_reg_init_value  |     on     |        on        |        
RUN-1001 :        infer_rom        |     on     |        on        |        
RUN-1001 :      infer_shifter      |     on     |        on        |        
RUN-1001 : --------------------------------------------------------------
RUN-1001 : Print Rtl Property
RUN-1001 : --------------------------------------------------------------
RUN-1001 :        Parameters       |  Settings  |  Default Values  |  Note  
RUN-1001 : --------------------------------------------------------------
RUN-1001 :       compress_add      |   ripple   |      ripple      |        
RUN-1001 :        elf_sload        |    off     |       off        |        
RUN-1001 :       fix_undriven      |     0      |        0         |        
RUN-1001 :         flatten         |    off     |       off        |        
RUN-1001 :       gate_sharing      |     on     |        on        |        
RUN-1001 :    hdl_warning_level    |   normal   |      normal      |        
RUN-1001 :   impl_internal_tribuf  |     on     |        on        |        
RUN-1001 :      impl_set_reset     |     on     |        on        |        
RUN-1001 :        infer_gsr        |    off     |       off        |        
RUN-1001 :      keep_hierarchy     |    auto    |       auto       |        
RUN-1001 :        max_fanout       |    9999    |       9999       |        
RUN-1001 :      max_oh2bin_len     |     10     |        10        |        
RUN-1001 :       merge_equal       |     on     |        on        |        
RUN-1001 :       merge_equiv       |     on     |        on        |        
RUN-1001 :        merge_mux        |    off     |       off        |        
RUN-1001 :     min_control_set     |     8      |        8         |        
RUN-1001 :      min_ripple_len     |    auto    |       auto       |        
RUN-1001 :       oh2bin_ratio      |    0.08    |       0.08       |        
RUN-1001 :     opt_adder_fanout    |     on     |        on        |        
RUN-1001 :        opt_arith        |     on     |        on        |        
RUN-1001 :       opt_big_gate      |    off     |       off        |        
RUN-1001 :        opt_const        |     on     |        on        |        
RUN-1001 :      opt_const_mult     |     on     |        on        |        
RUN-1001 :       opt_lessthan      |     on     |        on        |        
RUN-1001 :         opt_mux         |    off     |       off        |        
RUN-1001 :         opt_ram         |    high    |       high       |        
RUN-1001 :      rtl_sim_model      |    off     |       off        |        
RUN-1001 :         seq_syn         |     on     |        on        |        
RUN-1001 : --------------------------------------------------------------
HDL-1007 : analyze verilog file al_ip/i2s_tx.v
HDL-1007 : analyze verilog file al_ip/i2s_tx.v
RUN-1001 : Print Global Property
RUN-1001 : ---------------------------------------------------------------
RUN-1001 :        Parameters        |  Settings  |  Default Values  |  Note  
RUN-1001 : ---------------------------------------------------------------
RUN-1001 :          message         |  standard  |     standard     |        
RUN-1001 :   mixed_pack_place_flow  |     on     |        on        |        
RUN-1001 :        qor_monitor       |    off     |       off        |        
RUN-1001 :        syn_ip_flow       |    off     |       off        |        
RUN-1001 :          thread          |    auto    |       auto       |        
RUN-1001 : ---------------------------------------------------------------
RUN-1001 : Print Design Property
RUN-1001 : --------------------------------------------------------------
RUN-1001 :        Parameters       |  Settings  |  Default Values  |  Note  
RUN-1001 : --------------------------------------------------------------
RUN-1001 :   default_reg_initial   |    auto    |       auto       |        
RUN-1001 :        infer_add        |     on     |        on        |        
RUN-1001 :        infer_fsm        |    off     |       off        |        
RUN-1001 :        infer_mult       |     on     |        on        |        
RUN-1001 :        infer_ram        |     on     |        on        |        
RUN-1001 :        infer_reg        |     on     |        on        |        
RUN-1001 :   infer_reg_init_value  |     on     |        on        |        
RUN-1001 :        infer_rom        |     on     |        on        |        
RUN-1001 :      infer_shifter      |     on     |        on        |        
RUN-1001 : --------------------------------------------------------------
RUN-1001 : Print Rtl Property
RUN-1001 : --------------------------------------------------------------
RUN-1001 :        Parameters       |  Settings  |  Default Values  |  Note  
RUN-1001 : --------------------------------------------------------------
RUN-1001 :       compress_add      |   ripple   |      ripple      |        
RUN-1001 :        elf_sload        |    off     |       off        |        
RUN-1001 :       fix_undriven      |     0      |        0         |        
RUN-1001 :         flatten         |    off     |       off        |        
RUN-1001 :       gate_sharing      |     on     |        on        |        
RUN-1001 :    hdl_warning_level    |   normal   |      normal      |        
RUN-1001 :   impl_internal_tribuf  |     on     |        on        |        
RUN-1001 :      impl_set_reset     |     on     |        on        |        
RUN-1001 :        infer_gsr        |    off     |       off        |        
RUN-1001 :      keep_hierarchy     |    auto    |       auto       |        
RUN-1001 :        max_fanout       |    9999    |       9999       |        
RUN-1001 :      max_oh2bin_len     |     10     |        10        |        
RUN-1001 :       merge_equal       |     on     |        on        |        
RUN-1001 :       merge_equiv       |     on     |        on        |        
RUN-1001 :        merge_mux        |    off     |       off        |        
RUN-1001 :     min_control_set     |     8      |        8         |        
RUN-1001 :      min_ripple_len     |    auto    |       auto       |        
RUN-1001 :       oh2bin_ratio      |    0.08    |       0.08       |        
RUN-1001 :     opt_adder_fanout    |     on     |        on        |        
RUN-1001 :        opt_arith        |     on     |        on        |        
RUN-1001 :       opt_big_gate      |    off     |       off        |        
RUN-1001 :        opt_const        |     on     |        on        |        
RUN-1001 :      opt_const_mult     |     on     |        on        |        
RUN-1001 :       opt_lessthan      |     on     |        on        |        
RUN-1001 :         opt_mux         |    off     |       off        |        
RUN-1001 :         opt_ram         |    high    |       high       |        
RUN-1001 :      rtl_sim_model      |    off     |       off        |        
RUN-1001 :         seq_syn         |     on     |        on        |        
RUN-1001 : --------------------------------------------------------------
HDL-1007 : analyze verilog file al_ip/i2s_configurable.v
HDL-1007 : analyze verilog file al_ip/i2s_configurable.v
HDL-8007 ERROR: syntax error near ''' in al_ip/i2s_configurable.v(20)
HDL-8007 ERROR: extra semicolon is not allowed here in this dialect; use SystemVerilog mode instead in al_ip/i2s_configurable.v(29)
HDL-5007 WARNING: literal value 'd32 truncated to fit in 5 bits in al_ip/i2s_configurable.v(53)
HDL-5007 WARNING: 'SAMPLE_RATE_DIVIDER' is not declared in al_ip/i2s_configurable.v(59)
HDL-8007 ERROR: ignore module module due to previous errors in al_ip/i2s_configurable.v(1)
HDL-1007 : Verilog file 'al_ip/i2s_configurable.v' ignored due to errors
RUN-1001 : Print Global Property
RUN-1001 : ---------------------------------------------------------------
RUN-1001 :        Parameters        |  Settings  |  Default Values  |  Note  
RUN-1001 : ---------------------------------------------------------------
RUN-1001 :          message         |  standard  |     standard     |        
RUN-1001 :   mixed_pack_place_flow  |     on     |        on        |        
RUN-1001 :        qor_monitor       |    off     |       off        |        
RUN-1001 :        syn_ip_flow       |    off     |       off        |        
RUN-1001 :          thread          |    auto    |       auto       |        
RUN-1001 : ---------------------------------------------------------------
RUN-1001 : Print Design Property
RUN-1001 : --------------------------------------------------------------
RUN-1001 :        Parameters       |  Settings  |  Default Values  |  Note  
RUN-1001 : --------------------------------------------------------------
RUN-1001 :   default_reg_initial   |    auto    |       auto       |        
RUN-1001 :        infer_add        |     on     |        on        |        
RUN-1001 :        infer_fsm        |    off     |       off        |        
RUN-1001 :        infer_mult       |     on     |        on        |        
RUN-1001 :        infer_ram        |     on     |        on        |        
RUN-1001 :        infer_reg        |     on     |        on        |        
RUN-1001 :   infer_reg_init_value  |     on     |        on        |        
RUN-1001 :        infer_rom        |     on     |        on        |        
RUN-1001 :      infer_shifter      |     on     |        on        |        
RUN-1001 : --------------------------------------------------------------
RUN-1001 : Print Rtl Property
RUN-1001 : --------------------------------------------------------------
RUN-1001 :        Parameters       |  Settings  |  Default Values  |  Note  
RUN-1001 : --------------------------------------------------------------
RUN-1001 :       compress_add      |   ripple   |      ripple      |        
RUN-1001 :        elf_sload        |    off     |       off        |        
RUN-1001 :       fix_undriven      |     0      |        0         |        
RUN-1001 :         flatten         |    off     |       off        |        
RUN-1001 :       gate_sharing      |     on     |        on        |        
RUN-1001 :    hdl_warning_level    |   normal   |      normal      |        
RUN-1001 :   impl_internal_tribuf  |     on     |        on        |        
RUN-1001 :      impl_set_reset     |     on     |        on        |        
RUN-1001 :        infer_gsr        |    off     |       off        |        
RUN-1001 :      keep_hierarchy     |    auto    |       auto       |        
RUN-1001 :        max_fanout       |    9999    |       9999       |        
RUN-1001 :      max_oh2bin_len     |     10     |        10        |        
RUN-1001 :       merge_equal       |     on     |        on        |        
RUN-1001 :       merge_equiv       |     on     |        on        |        
RUN-1001 :        merge_mux        |    off     |       off        |        
RUN-1001 :     min_control_set     |     8      |        8         |        
RUN-1001 :      min_ripple_len     |    auto    |       auto       |        
RUN-1001 :       oh2bin_ratio      |    0.08    |       0.08       |        
RUN-1001 :     opt_adder_fanout    |     on     |        on        |        
RUN-1001 :        opt_arith        |     on     |        on        |        
RUN-1001 :       opt_big_gate      |    off     |       off        |        
RUN-1001 :        opt_const        |     on     |        on        |        
RUN-1001 :      opt_const_mult     |     on     |        on        |        
RUN-1001 :       opt_lessthan      |     on     |        on        |        
RUN-1001 :         opt_mux         |    off     |       off        |        
RUN-1001 :         opt_ram         |    high    |       high       |        
RUN-1001 :      rtl_sim_model      |    off     |       off        |        
RUN-1001 :         seq_syn         |     on     |        on        |        
RUN-1001 : --------------------------------------------------------------
HDL-1007 : analyze verilog file al_ip/i2s_data_generator.v
HDL-1007 : analyze verilog file al_ip/i2s_data_generator.v
RUN-1001 : Print Global Property
RUN-1001 : ---------------------------------------------------------------
RUN-1001 :        Parameters        |  Settings  |  Default Values  |  Note  
RUN-1001 : ---------------------------------------------------------------
RUN-1001 :          message         |  standard  |     standard     |        
RUN-1001 :   mixed_pack_place_flow  |     on     |        on        |        
RUN-1001 :        qor_monitor       |    off     |       off        |        
RUN-1001 :        syn_ip_flow       |    off     |       off        |        
RUN-1001 :          thread          |    auto    |       auto       |        
RUN-1001 : ---------------------------------------------------------------
RUN-1001 : Print Design Property
RUN-1001 : --------------------------------------------------------------
RUN-1001 :        Parameters       |  Settings  |  Default Values  |  Note  
RUN-1001 : --------------------------------------------------------------
RUN-1001 :   default_reg_initial   |    auto    |       auto       |        
RUN-1001 :        infer_add        |     on     |        on        |        
RUN-1001 :        infer_fsm        |    off     |       off        |        
RUN-1001 :        infer_mult       |     on     |        on        |        
RUN-1001 :        infer_ram        |     on     |        on        |        
RUN-1001 :        infer_reg        |     on     |        on        |        
RUN-1001 :   infer_reg_init_value  |     on     |        on        |        
RUN-1001 :        infer_rom        |     on     |        on        |        
RUN-1001 :      infer_shifter      |     on     |        on        |        
RUN-1001 : --------------------------------------------------------------
RUN-1001 : Print Rtl Property
RUN-1001 : --------------------------------------------------------------
RUN-1001 :        Parameters       |  Settings  |  Default Values  |  Note  
RUN-1001 : --------------------------------------------------------------
RUN-1001 :       compress_add      |   ripple   |      ripple      |        
RUN-1001 :        elf_sload        |    off     |       off        |        
RUN-1001 :       fix_undriven      |     0      |        0         |        
RUN-1001 :         flatten         |    off     |       off        |        
RUN-1001 :       gate_sharing      |     on     |        on        |        
RUN-1001 :    hdl_warning_level    |   normal   |      normal      |        
RUN-1001 :   impl_internal_tribuf  |     on     |        on        |        
RUN-1001 :      impl_set_reset     |     on     |        on        |        
RUN-1001 :        infer_gsr        |    off     |       off        |        
RUN-1001 :      keep_hierarchy     |    auto    |       auto       |        
RUN-1001 :        max_fanout       |    9999    |       9999       |        
RUN-1001 :      max_oh2bin_len     |     10     |        10        |        
RUN-1001 :       merge_equal       |     on     |        on        |        
RUN-1001 :       merge_equiv       |     on     |        on        |        
RUN-1001 :        merge_mux        |    off     |       off        |        
RUN-1001 :     min_control_set     |     8      |        8         |        
RUN-1001 :      min_ripple_len     |    auto    |       auto       |        
RUN-1001 :       oh2bin_ratio      |    0.08    |       0.08       |        
RUN-1001 :     opt_adder_fanout    |     on     |        on        |        
RUN-1001 :        opt_arith        |     on     |        on        |        
RUN-1001 :       opt_big_gate      |    off     |       off        |        
RUN-1001 :        opt_const        |     on     |        on        |        
RUN-1001 :      opt_const_mult     |     on     |        on        |        
RUN-1001 :       opt_lessthan      |     on     |        on        |        
RUN-1001 :         opt_mux         |    off     |       off        |        
RUN-1001 :         opt_ram         |    high    |       high       |        
RUN-1001 :      rtl_sim_model      |    off     |       off        |        
RUN-1001 :         seq_syn         |     on     |        on        |        
RUN-1001 : --------------------------------------------------------------
HDL-1007 : analyze verilog file al_ip/clk_wiz_0.v
HDL-1007 : undeclared symbol 'open', assumed default net type 'wire' in al_ip/clk_wiz_0.v(80)
HDL-1007 : analyze verilog file ../RTL/audio_receive.v
HDL-1007 : analyze verilog file ../RTL/audio_send.v
HDL-1007 : analyze verilog file ../RTL/audio_speak.v
HDL-1007 : analyze verilog file ../RTL/es8388_config.v
HDL-1007 : analyze verilog file ../RTL/es8388_ctrl.v
HDL-1007 : analyze verilog file ../RTL/i2c_dri.v
HDL-1007 : analyze verilog file ../RTL/i2c_reg_cfg.v
HDL-1007 : analyze verilog file al_ip/LMS.v
HDL-1007 : analyze verilog file sound_direction_led.v
HDL-1007 : analyze verilog file al_ip/i2s_tx.v
HDL-1007 : analyze verilog file al_ip/i2s_configurable.v
HDL-8007 ERROR: syntax error near ''' in al_ip/i2s_configurable.v(20)
HDL-8007 ERROR: extra semicolon is not allowed here in this dialect; use SystemVerilog mode instead in al_ip/i2s_configurable.v(29)
HDL-5007 WARNING: literal value 'd32 truncated to fit in 5 bits in al_ip/i2s_configurable.v(53)
HDL-5007 WARNING: 'SAMPLE_RATE_DIVIDER' is not declared in al_ip/i2s_configurable.v(59)
HDL-8007 ERROR: ignore module module due to previous errors in al_ip/i2s_configurable.v(1)
HDL-1007 : Verilog file 'al_ip/i2s_configurable.v' ignored due to errors
HDL-1007 : analyze verilog file al_ip/i2s_data_generator.v
RUN-1001 : Print Global Property
RUN-1001 : ---------------------------------------------------------------
RUN-1001 :        Parameters        |  Settings  |  Default Values  |  Note  
RUN-1001 : ---------------------------------------------------------------
RUN-1001 :          message         |  standard  |     standard     |        
RUN-1001 :   mixed_pack_place_flow  |     on     |        on        |        
RUN-1001 :        qor_monitor       |    off     |       off        |        
RUN-1001 :        syn_ip_flow       |    off     |       off        |        
RUN-1001 :          thread          |    auto    |       auto       |        
RUN-1001 : ---------------------------------------------------------------
RUN-1001 : Print Design Property
RUN-1001 : --------------------------------------------------------------
RUN-1001 :        Parameters       |  Settings  |  Default Values  |  Note  
RUN-1001 : --------------------------------------------------------------
RUN-1001 :   default_reg_initial   |    auto    |       auto       |        
RUN-1001 :        infer_add        |     on     |        on        |        
RUN-1001 :        infer_fsm        |    off     |       off        |        
RUN-1001 :        infer_mult       |     on     |        on        |        
RUN-1001 :        infer_ram        |     on     |        on        |        
RUN-1001 :        infer_reg        |     on     |        on        |        
RUN-1001 :   infer_reg_init_value  |     on     |        on        |        
RUN-1001 :        infer_rom        |     on     |        on        |        
RUN-1001 :      infer_shifter      |     on     |        on        |        
RUN-1001 : --------------------------------------------------------------
RUN-1001 : Print Rtl Property
RUN-1001 : --------------------------------------------------------------
RUN-1001 :        Parameters       |  Settings  |  Default Values  |  Note  
RUN-1001 : --------------------------------------------------------------
RUN-1001 :       compress_add      |   ripple   |      ripple      |        
RUN-1001 :        elf_sload        |    off     |       off        |        
RUN-1001 :       fix_undriven      |     0      |        0         |        
RUN-1001 :         flatten         |    off     |       off        |        
RUN-1001 :       gate_sharing      |     on     |        on        |        
RUN-1001 :    hdl_warning_level    |   normal   |      normal      |        
RUN-1001 :   impl_internal_tribuf  |     on     |        on        |        
RUN-1001 :      impl_set_reset     |     on     |        on        |        
RUN-1001 :        infer_gsr        |    off     |       off        |        
RUN-1001 :      keep_hierarchy     |    auto    |       auto       |        
RUN-1001 :        max_fanout       |    9999    |       9999       |        
RUN-1001 :      max_oh2bin_len     |     10     |        10        |        
RUN-1001 :       merge_equal       |     on     |        on        |        
RUN-1001 :       merge_equiv       |     on     |        on        |        
RUN-1001 :        merge_mux        |    off     |       off        |        
RUN-1001 :     min_control_set     |     8      |        8         |        
RUN-1001 :      min_ripple_len     |    auto    |       auto       |        
RUN-1001 :       oh2bin_ratio      |    0.08    |       0.08       |        
RUN-1001 :     opt_adder_fanout    |     on     |        on        |        
RUN-1001 :        opt_arith        |     on     |        on        |        
RUN-1001 :       opt_big_gate      |    off     |       off        |        
RUN-1001 :        opt_const        |     on     |        on        |        
RUN-1001 :      opt_const_mult     |     on     |        on        |        
RUN-1001 :       opt_lessthan      |     on     |        on        |        
RUN-1001 :         opt_mux         |    off     |       off        |        
RUN-1001 :         opt_ram         |    high    |       high       |        
RUN-1001 :      rtl_sim_model      |    off     |       off        |        
RUN-1001 :         seq_syn         |     on     |        on        |        
RUN-1001 : --------------------------------------------------------------
HDL-1007 : analyze verilog file al_ip/clk_wiz_0.v
HDL-1007 : undeclared symbol 'open', assumed default net type 'wire' in al_ip/clk_wiz_0.v(80)
HDL-1007 : analyze verilog file ../RTL/audio_receive.v
HDL-1007 : analyze verilog file ../RTL/audio_send.v
HDL-1007 : analyze verilog file ../RTL/audio_speak.v
HDL-1007 : analyze verilog file ../RTL/es8388_config.v
HDL-1007 : analyze verilog file ../RTL/es8388_ctrl.v
HDL-1007 : analyze verilog file ../RTL/i2c_dri.v
HDL-1007 : analyze verilog file ../RTL/i2c_reg_cfg.v
HDL-1007 : analyze verilog file al_ip/LMS.v
HDL-1007 : analyze verilog file sound_direction_led.v
HDL-1007 : analyze verilog file al_ip/i2s_tx.v
HDL-1007 : analyze verilog file al_ip/i2s_configurable.v
HDL-8007 ERROR: syntax error near ''' in al_ip/i2s_configurable.v(20)
HDL-8007 ERROR: extra semicolon is not allowed here in this dialect; use SystemVerilog mode instead in al_ip/i2s_configurable.v(29)
HDL-5007 WARNING: literal value 'd32 truncated to fit in 5 bits in al_ip/i2s_configurable.v(53)
HDL-5007 WARNING: 'SAMPLE_RATE_DIVIDER' is not declared in al_ip/i2s_configurable.v(59)
HDL-8007 ERROR: ignore module module due to previous errors in al_ip/i2s_configurable.v(1)
HDL-1007 : Verilog file 'al_ip/i2s_configurable.v' ignored due to errors
RUN-1001 : Print Global Property
RUN-1001 : ---------------------------------------------------------------
RUN-1001 :        Parameters        |  Settings  |  Default Values  |  Note  
RUN-1001 : ---------------------------------------------------------------
RUN-1001 :          message         |  standard  |     standard     |        
RUN-1001 :   mixed_pack_place_flow  |     on     |        on        |        
RUN-1001 :        qor_monitor       |    off     |       off        |        
RUN-1001 :        syn_ip_flow       |    off     |       off        |        
RUN-1001 :          thread          |    auto    |       auto       |        
RUN-1001 : ---------------------------------------------------------------
RUN-1001 : Print Design Property
RUN-1001 : --------------------------------------------------------------
RUN-1001 :        Parameters       |  Settings  |  Default Values  |  Note  
RUN-1001 : --------------------------------------------------------------
RUN-1001 :   default_reg_initial   |    auto    |       auto       |        
RUN-1001 :        infer_add        |     on     |        on        |        
RUN-1001 :        infer_fsm        |    off     |       off        |        
RUN-1001 :        infer_mult       |     on     |        on        |        
RUN-1001 :        infer_ram        |     on     |        on        |        
RUN-1001 :        infer_reg        |     on     |        on        |        
RUN-1001 :   infer_reg_init_value  |     on     |        on        |        
RUN-1001 :        infer_rom        |     on     |        on        |        
RUN-1001 :      infer_shifter      |     on     |        on        |        
RUN-1001 : --------------------------------------------------------------
RUN-1001 : Print Rtl Property
RUN-1001 : --------------------------------------------------------------
RUN-1001 :        Parameters       |  Settings  |  Default Values  |  Note  
RUN-1001 : --------------------------------------------------------------
RUN-1001 :       compress_add      |   ripple   |      ripple      |        
RUN-1001 :        elf_sload        |    off     |       off        |        
RUN-1001 :       fix_undriven      |     0      |        0         |        
RUN-1001 :         flatten         |    off     |       off        |        
RUN-1001 :       gate_sharing      |     on     |        on        |        
RUN-1001 :    hdl_warning_level    |   normal   |      normal      |        
RUN-1001 :   impl_internal_tribuf  |     on     |        on        |        
RUN-1001 :      impl_set_reset     |     on     |        on        |        
RUN-1001 :        infer_gsr        |    off     |       off        |        
RUN-1001 :      keep_hierarchy     |    auto    |       auto       |        
RUN-1001 :        max_fanout       |    9999    |       9999       |        
RUN-1001 :      max_oh2bin_len     |     10     |        10        |        
RUN-1001 :       merge_equal       |     on     |        on        |        
RUN-1001 :       merge_equiv       |     on     |        on        |        
RUN-1001 :        merge_mux        |    off     |       off        |        
RUN-1001 :     min_control_set     |     8      |        8         |        
RUN-1001 :      min_ripple_len     |    auto    |       auto       |        
RUN-1001 :       oh2bin_ratio      |    0.08    |       0.08       |        
RUN-1001 :     opt_adder_fanout    |     on     |        on        |        
RUN-1001 :        opt_arith        |     on     |        on        |        
RUN-1001 :       opt_big_gate      |    off     |       off        |        
RUN-1001 :        opt_const        |     on     |        on        |        
RUN-1001 :      opt_const_mult     |     on     |        on        |        
RUN-1001 :       opt_lessthan      |     on     |        on        |        
RUN-1001 :         opt_mux         |    off     |       off        |        
RUN-1001 :         opt_ram         |    high    |       high       |        
RUN-1001 :      rtl_sim_model      |    off     |       off        |        
RUN-1001 :         seq_syn         |     on     |        on        |        
RUN-1001 : --------------------------------------------------------------
HDL-1007 : analyze verilog file al_ip/clk_wiz_0.v
HDL-1007 : undeclared symbol 'open', assumed default net type 'wire' in al_ip/clk_wiz_0.v(80)
HDL-1007 : analyze verilog file ../RTL/audio_receive.v
HDL-1007 : analyze verilog file ../RTL/audio_send.v
HDL-1007 : analyze verilog file ../RTL/audio_speak.v
HDL-1007 : analyze verilog file ../RTL/es8388_config.v
HDL-1007 : analyze verilog file ../RTL/es8388_ctrl.v
HDL-1007 : analyze verilog file ../RTL/i2c_dri.v
HDL-1007 : analyze verilog file ../RTL/i2c_reg_cfg.v
HDL-1007 : analyze verilog file al_ip/LMS.v
HDL-1007 : analyze verilog file sound_direction_led.v
HDL-1007 : analyze verilog file al_ip/i2s_tx.v
HDL-1007 : analyze verilog file al_ip/i2s_configurable.v
HDL-8007 ERROR: syntax error near ''' in al_ip/i2s_configurable.v(20)
HDL-8007 ERROR: extra semicolon is not allowed here in this dialect; use SystemVerilog mode instead in al_ip/i2s_configurable.v(29)
HDL-5007 WARNING: literal value 'd32 truncated to fit in 5 bits in al_ip/i2s_configurable.v(53)
HDL-5007 WARNING: 'SAMPLE_RATE_DIVIDER' is not declared in al_ip/i2s_configurable.v(59)
HDL-8007 ERROR: ignore module module due to previous errors in al_ip/i2s_configurable.v(1)
HDL-1007 : Verilog file 'al_ip/i2s_configurable.v' ignored due to errors
RUN-1001 : Print Global Property
RUN-1001 : ---------------------------------------------------------------
RUN-1001 :        Parameters        |  Settings  |  Default Values  |  Note  
RUN-1001 : ---------------------------------------------------------------
RUN-1001 :          message         |  standard  |     standard     |        
RUN-1001 :   mixed_pack_place_flow  |     on     |        on        |        
RUN-1001 :        qor_monitor       |    off     |       off        |        
RUN-1001 :        syn_ip_flow       |    off     |       off        |        
RUN-1001 :          thread          |    auto    |       auto       |        
RUN-1001 : ---------------------------------------------------------------
RUN-1001 : Print Design Property
RUN-1001 : --------------------------------------------------------------
RUN-1001 :        Parameters       |  Settings  |  Default Values  |  Note  
RUN-1001 : --------------------------------------------------------------
RUN-1001 :   default_reg_initial   |    auto    |       auto       |        
RUN-1001 :        infer_add        |     on     |        on        |        
RUN-1001 :        infer_fsm        |    off     |       off        |        
RUN-1001 :        infer_mult       |     on     |        on        |        
RUN-1001 :        infer_ram        |     on     |        on        |        
RUN-1001 :        infer_reg        |     on     |        on        |        
RUN-1001 :   infer_reg_init_value  |     on     |        on        |        
RUN-1001 :        infer_rom        |     on     |        on        |        
RUN-1001 :      infer_shifter      |     on     |        on        |        
RUN-1001 : --------------------------------------------------------------
RUN-1001 : Print Rtl Property
RUN-1001 : --------------------------------------------------------------
RUN-1001 :        Parameters       |  Settings  |  Default Values  |  Note  
RUN-1001 : --------------------------------------------------------------
RUN-1001 :       compress_add      |   ripple   |      ripple      |        
RUN-1001 :        elf_sload        |    off     |       off        |        
RUN-1001 :       fix_undriven      |     0      |        0         |        
RUN-1001 :         flatten         |    off     |       off        |        
RUN-1001 :       gate_sharing      |     on     |        on        |        
RUN-1001 :    hdl_warning_level    |   normal   |      normal      |        
RUN-1001 :   impl_internal_tribuf  |     on     |        on        |        
RUN-1001 :      impl_set_reset     |     on     |        on        |        
RUN-1001 :        infer_gsr        |    off     |       off        |        
RUN-1001 :      keep_hierarchy     |    auto    |       auto       |        
RUN-1001 :        max_fanout       |    9999    |       9999       |        
RUN-1001 :      max_oh2bin_len     |     10     |        10        |        
RUN-1001 :       merge_equal       |     on     |        on        |        
RUN-1001 :       merge_equiv       |     on     |        on        |        
RUN-1001 :        merge_mux        |    off     |       off        |        
RUN-1001 :     min_control_set     |     8      |        8         |        
RUN-1001 :      min_ripple_len     |    auto    |       auto       |        
RUN-1001 :       oh2bin_ratio      |    0.08    |       0.08       |        
RUN-1001 :     opt_adder_fanout    |     on     |        on        |        
RUN-1001 :        opt_arith        |     on     |        on        |        
RUN-1001 :       opt_big_gate      |    off     |       off        |        
RUN-1001 :        opt_const        |     on     |        on        |        
RUN-1001 :      opt_const_mult     |     on     |        on        |        
RUN-1001 :       opt_lessthan      |     on     |        on        |        
RUN-1001 :         opt_mux         |    off     |       off        |        
RUN-1001 :         opt_ram         |    high    |       high       |        
RUN-1001 :      rtl_sim_model      |    off     |       off        |        
RUN-1001 :         seq_syn         |     on     |        on        |        
RUN-1001 : --------------------------------------------------------------
HDL-1007 : analyze verilog file al_ip/clk_wiz_0.v
HDL-1007 : undeclared symbol 'open', assumed default net type 'wire' in al_ip/clk_wiz_0.v(80)
HDL-1007 : analyze verilog file ../RTL/audio_receive.v
HDL-1007 : analyze verilog file ../RTL/audio_send.v
HDL-1007 : analyze verilog file ../RTL/audio_speak.v
HDL-1007 : analyze verilog file ../RTL/es8388_config.v
HDL-1007 : analyze verilog file ../RTL/es8388_ctrl.v
HDL-1007 : analyze verilog file ../RTL/i2c_dri.v
HDL-1007 : analyze verilog file ../RTL/i2c_reg_cfg.v
HDL-1007 : analyze verilog file al_ip/LMS.v
HDL-1007 : analyze verilog file sound_direction_led.v
HDL-1007 : analyze verilog file al_ip/i2s_configurable.v
HDL-8007 ERROR: syntax error near ''' in al_ip/i2s_configurable.v(20)
HDL-8007 ERROR: extra semicolon is not allowed here in this dialect; use SystemVerilog mode instead in al_ip/i2s_configurable.v(29)
HDL-5007 WARNING: literal value 'd32 truncated to fit in 5 bits in al_ip/i2s_configurable.v(53)
HDL-5007 WARNING: 'SAMPLE_RATE_DIVIDER' is not declared in al_ip/i2s_configurable.v(59)
HDL-8007 ERROR: ignore module module due to previous errors in al_ip/i2s_configurable.v(1)
HDL-1007 : Verilog file 'al_ip/i2s_configurable.v' ignored due to errors
RUN-1001 : Print Global Property
RUN-1001 : ---------------------------------------------------------------
RUN-1001 :        Parameters        |  Settings  |  Default Values  |  Note  
RUN-1001 : ---------------------------------------------------------------
RUN-1001 :          message         |  standard  |     standard     |        
RUN-1001 :   mixed_pack_place_flow  |     on     |        on        |        
RUN-1001 :        qor_monitor       |    off     |       off        |        
RUN-1001 :        syn_ip_flow       |    off     |       off        |        
RUN-1001 :          thread          |    auto    |       auto       |        
RUN-1001 : ---------------------------------------------------------------
RUN-1001 : Print Design Property
RUN-1001 : --------------------------------------------------------------
RUN-1001 :        Parameters       |  Settings  |  Default Values  |  Note  
RUN-1001 : --------------------------------------------------------------
RUN-1001 :   default_reg_initial   |    auto    |       auto       |        
RUN-1001 :        infer_add        |     on     |        on        |        
RUN-1001 :        infer_fsm        |    off     |       off        |        
RUN-1001 :        infer_mult       |     on     |        on        |        
RUN-1001 :        infer_ram        |     on     |        on        |        
RUN-1001 :        infer_reg        |     on     |        on        |        
RUN-1001 :   infer_reg_init_value  |     on     |        on        |        
RUN-1001 :        infer_rom        |     on     |        on        |        
RUN-1001 :      infer_shifter      |     on     |        on        |        
RUN-1001 : --------------------------------------------------------------
RUN-1001 : Print Rtl Property
RUN-1001 : --------------------------------------------------------------
RUN-1001 :        Parameters       |  Settings  |  Default Values  |  Note  
RUN-1001 : --------------------------------------------------------------
RUN-1001 :       compress_add      |   ripple   |      ripple      |        
RUN-1001 :        elf_sload        |    off     |       off        |        
RUN-1001 :       fix_undriven      |     0      |        0         |        
RUN-1001 :         flatten         |    off     |       off        |        
RUN-1001 :       gate_sharing      |     on     |        on        |        
RUN-1001 :    hdl_warning_level    |   normal   |      normal      |        
RUN-1001 :   impl_internal_tribuf  |     on     |        on        |        
RUN-1001 :      impl_set_reset     |     on     |        on        |        
RUN-1001 :        infer_gsr        |    off     |       off        |        
RUN-1001 :      keep_hierarchy     |    auto    |       auto       |        
RUN-1001 :        max_fanout       |    9999    |       9999       |        
RUN-1001 :      max_oh2bin_len     |     10     |        10        |        
RUN-1001 :       merge_equal       |     on     |        on        |        
RUN-1001 :       merge_equiv       |     on     |        on        |        
RUN-1001 :        merge_mux        |    off     |       off        |        
RUN-1001 :     min_control_set     |     8      |        8         |        
RUN-1001 :      min_ripple_len     |    auto    |       auto       |        
RUN-1001 :       oh2bin_ratio      |    0.08    |       0.08       |        
RUN-1001 :     opt_adder_fanout    |     on     |        on        |        
RUN-1001 :        opt_arith        |     on     |        on        |        
RUN-1001 :       opt_big_gate      |    off     |       off        |        
RUN-1001 :        opt_const        |     on     |        on        |        
RUN-1001 :      opt_const_mult     |     on     |        on        |        
RUN-1001 :       opt_lessthan      |     on     |        on        |        
RUN-1001 :         opt_mux         |    off     |       off        |        
RUN-1001 :         opt_ram         |    high    |       high       |        
RUN-1001 :      rtl_sim_model      |    off     |       off        |        
RUN-1001 :         seq_syn         |     on     |        on        |        
RUN-1001 : --------------------------------------------------------------
HDL-1007 : analyze verilog file al_ip/clk_wiz_0.v
HDL-1007 : undeclared symbol 'open', assumed default net type 'wire' in al_ip/clk_wiz_0.v(80)
HDL-1007 : analyze verilog file ../RTL/audio_receive.v
HDL-1007 : analyze verilog file ../RTL/audio_send.v
HDL-1007 : analyze verilog file ../RTL/audio_speak.v
HDL-1007 : analyze verilog file ../RTL/es8388_config.v
HDL-1007 : analyze verilog file ../RTL/es8388_ctrl.v
HDL-1007 : analyze verilog file ../RTL/i2c_dri.v
HDL-1007 : analyze verilog file ../RTL/i2c_reg_cfg.v
HDL-1007 : analyze verilog file al_ip/LMS.v
HDL-1007 : analyze verilog file sound_direction_led.v
HDL-1007 : analyze verilog file al_ip/i2s_configurable.v
HDL-8007 ERROR: syntax error near ''' in al_ip/i2s_configurable.v(20)
HDL-8007 ERROR: extra semicolon is not allowed here in this dialect; use SystemVerilog mode instead in al_ip/i2s_configurable.v(29)
HDL-5007 WARNING: literal value 'd32 truncated to fit in 5 bits in al_ip/i2s_configurable.v(53)
HDL-5007 WARNING: 'SAMPLE_RATE_DIVIDER' is not declared in al_ip/i2s_configurable.v(59)
HDL-8007 ERROR: ignore module module due to previous errors in al_ip/i2s_configurable.v(1)
HDL-1007 : Verilog file 'al_ip/i2s_configurable.v' ignored due to errors
RUN-1001 : Print Global Property
RUN-1001 : ---------------------------------------------------------------
RUN-1001 :        Parameters        |  Settings  |  Default Values  |  Note  
RUN-1001 : ---------------------------------------------------------------
RUN-1001 :          message         |  standard  |     standard     |        
RUN-1001 :   mixed_pack_place_flow  |     on     |        on        |        
RUN-1001 :        qor_monitor       |    off     |       off        |        
RUN-1001 :        syn_ip_flow       |    off     |       off        |        
RUN-1001 :          thread          |    auto    |       auto       |        
RUN-1001 : ---------------------------------------------------------------
RUN-1001 : Print Design Property
RUN-1001 : --------------------------------------------------------------
RUN-1001 :        Parameters       |  Settings  |  Default Values  |  Note  
RUN-1001 : --------------------------------------------------------------
RUN-1001 :   default_reg_initial   |    auto    |       auto       |        
RUN-1001 :        infer_add        |     on     |        on        |        
RUN-1001 :        infer_fsm        |    off     |       off        |        
RUN-1001 :        infer_mult       |     on     |        on        |        
RUN-1001 :        infer_ram        |     on     |        on        |        
RUN-1001 :        infer_reg        |     on     |        on        |        
RUN-1001 :   infer_reg_init_value  |     on     |        on        |        
RUN-1001 :        infer_rom        |     on     |        on        |        
RUN-1001 :      infer_shifter      |     on     |        on        |        
RUN-1001 : --------------------------------------------------------------
RUN-1001 : Print Rtl Property
RUN-1001 : --------------------------------------------------------------
RUN-1001 :        Parameters       |  Settings  |  Default Values  |  Note  
RUN-1001 : --------------------------------------------------------------
RUN-1001 :       compress_add      |   ripple   |      ripple      |        
RUN-1001 :        elf_sload        |    off     |       off        |        
RUN-1001 :       fix_undriven      |     0      |        0         |        
RUN-1001 :         flatten         |    off     |       off        |        
RUN-1001 :       gate_sharing      |     on     |        on        |        
RUN-1001 :    hdl_warning_level    |   normal   |      normal      |        
RUN-1001 :   impl_internal_tribuf  |     on     |        on        |        
RUN-1001 :      impl_set_reset     |     on     |        on        |        
RUN-1001 :        infer_gsr        |    off     |       off        |        
RUN-1001 :      keep_hierarchy     |    auto    |       auto       |        
RUN-1001 :        max_fanout       |    9999    |       9999       |        
RUN-1001 :      max_oh2bin_len     |     10     |        10        |        
RUN-1001 :       merge_equal       |     on     |        on        |        
RUN-1001 :       merge_equiv       |     on     |        on        |        
RUN-1001 :        merge_mux        |    off     |       off        |        
RUN-1001 :     min_control_set     |     8      |        8         |        
RUN-1001 :      min_ripple_len     |    auto    |       auto       |        
RUN-1001 :       oh2bin_ratio      |    0.08    |       0.08       |        
RUN-1001 :     opt_adder_fanout    |     on     |        on        |        
RUN-1001 :        opt_arith        |     on     |        on        |        
RUN-1001 :       opt_big_gate      |    off     |       off        |        
RUN-1001 :        opt_const        |     on     |        on        |        
RUN-1001 :      opt_const_mult     |     on     |        on        |        
RUN-1001 :       opt_lessthan      |     on     |        on        |        
RUN-1001 :         opt_mux         |    off     |       off        |        
RUN-1001 :         opt_ram         |    high    |       high       |        
RUN-1001 :      rtl_sim_model      |    off     |       off        |        
RUN-1001 :         seq_syn         |     on     |        on        |        
RUN-1001 : --------------------------------------------------------------
HDL-1007 : analyze verilog file al_ip/clk_wiz_0.v
HDL-1007 : undeclared symbol 'open', assumed default net type 'wire' in al_ip/clk_wiz_0.v(80)
HDL-1007 : analyze verilog file ../RTL/audio_receive.v
HDL-1007 : analyze verilog file ../RTL/audio_send.v
HDL-1007 : analyze verilog file ../RTL/audio_speak.v
HDL-1007 : analyze verilog file ../RTL/es8388_config.v
HDL-1007 : analyze verilog file ../RTL/es8388_ctrl.v
HDL-1007 : analyze verilog file ../RTL/i2c_dri.v
HDL-1007 : analyze verilog file ../RTL/i2c_reg_cfg.v
HDL-1007 : analyze verilog file al_ip/LMS.v
HDL-1007 : analyze verilog file sound_direction_led.v
HDL-1007 : analyze verilog file al_ip/i2s_configurable.v
HDL-8007 ERROR: syntax error near ''' in al_ip/i2s_configurable.v(20)
HDL-8007 ERROR: extra semicolon is not allowed here in this dialect; use SystemVerilog mode instead in al_ip/i2s_configurable.v(29)
HDL-5007 WARNING: literal value 'd32 truncated to fit in 5 bits in al_ip/i2s_configurable.v(53)
HDL-5007 WARNING: 'SAMPLE_RATE_DIVIDER' is not declared in al_ip/i2s_configurable.v(59)
HDL-8007 ERROR: ignore module module due to previous errors in al_ip/i2s_configurable.v(1)
HDL-1007 : Verilog file 'al_ip/i2s_configurable.v' ignored due to errors
RUN-1001 : reset_run syn_1 phy_1.
GUI-6001 WARNING: File C:/Users/lyw15/Desktop/4S20/es8388/TD/ES8388_Runs/phy_1/ES8388.bit does not exist!
RUN-1001 : launch_runs syn_1 phy_1  -jobs 6.
RUN-1001 : syn_1: run complete.
RUN-1001 : phy_1: run complete.
RUN-1001 : open_run phy_1.
RUN-1002 : start command "import_db C:/Users/lyw15/Desktop/4S20/es8388/TD/ES8388_Runs/phy_1/ES8388_pr.db"
RUN-1001 : Importing database generated by Tang Dynasty, V5.6.71036.
RUN-1001 : Database version number 46146.
RUN-1001 : Import flow parameters
PHY-1001 : Generate detailed routing grids ...
PHY-1001 : Processed IO instance aud_dacdat_syn_4 with INV attribute.
PHY-1001 : Processed IO instance aud_dacdat_1_syn_4 with INV attribute.
PHY-1001 : Generate nets ...
PHY-1001 : clock net aud_bclk_syn_4 will be merged with clock aud_bclk_dup_1
PHY-1001 : clock net aud_bclk_1_syn_4 will be merged with clock aud_bclk_1_dup_1
PHY-1001 : net aud_mclk_dup_1 will be routed on clock mesh
PHY-1001 : net aud_mclk_1_dup_1 will be routed on clock mesh
PHY-1001 : clock net ilaclk_dup_1 will be merged with clock u_pll_clk/clk0_buf
PHY-1001 : clock net ilaclk_1_dup_1 will be merged with clock u1_pll_clk/clk0_buf
PHY-1001 : net sys_clk_dup_1 will be routed on clock mesh
PHY-1001 : clock net u1_es8388_ctrl/u_es8388_config/u_i2c_dri/dri_clk_syn_4 will be merged with clock u1_es8388_ctrl/u_es8388_config/u_i2c_dri/dri_clk
PHY-1001 : clock net u_es8388_ctrl/u_es8388_config/u_i2c_dri/dri_clk_syn_4 will be merged with clock u_es8388_ctrl/u_es8388_config/u_i2c_dri/dri_clk
PHY-1001 : eco open net = 0
PHY-1001 : 6 feed throughs used by 5 nets
RUN-1001 : Import IO constraints
RUN-1001 : Import Inst constraints
RUN-1001 : Import design success TD_VERSION=5.6.71036 , DB_VERSION=46146
RUN-1001 : Print Global Property
RUN-1001 : ---------------------------------------------------------------
RUN-1001 :        Parameters        |  Settings  |  Default Values  |  Note  
RUN-1001 : ---------------------------------------------------------------
RUN-1001 :          message         |  standard  |     standard     |        
RUN-1001 :   mixed_pack_place_flow  |     on     |        on        |        
RUN-1001 :        qor_monitor       |    off     |       off        |        
RUN-1001 :        syn_ip_flow       |    off     |       off        |        
RUN-1001 :          thread          |    auto    |       auto       |        
RUN-1001 : ---------------------------------------------------------------
RUN-1001 : Print Design Property
RUN-1001 : --------------------------------------------------------------
RUN-1001 :        Parameters       |  Settings  |  Default Values  |  Note  
RUN-1001 : --------------------------------------------------------------
RUN-1001 :   default_reg_initial   |    auto    |       auto       |        
RUN-1001 :        infer_add        |     on     |        on        |        
RUN-1001 :        infer_fsm        |    off     |       off        |        
RUN-1001 :        infer_mult       |     on     |        on        |        
RUN-1001 :        infer_ram        |     on     |        on        |        
RUN-1001 :        infer_reg        |     on     |        on        |        
RUN-1001 :   infer_reg_init_value  |     on     |        on        |        
RUN-1001 :        infer_rom        |     on     |        on        |        
RUN-1001 :      infer_shifter      |     on     |        on        |        
RUN-1001 : --------------------------------------------------------------
RUN-1001 : Print Rtl Property
RUN-1001 : --------------------------------------------------------------
RUN-1001 :        Parameters       |  Settings  |  Default Values  |  Note  
RUN-1001 : --------------------------------------------------------------
RUN-1001 :       compress_add      |   ripple   |      ripple      |        
RUN-1001 :        elf_sload        |    off     |       off        |        
RUN-1001 :       fix_undriven      |     0      |        0         |        
RUN-1001 :         flatten         |    off     |       off        |        
RUN-1001 :       gate_sharing      |     on     |        on        |        
RUN-1001 :    hdl_warning_level    |   normal   |      normal      |        
RUN-1001 :   impl_internal_tribuf  |     on     |        on        |        
RUN-1001 :      impl_set_reset     |     on     |        on        |        
RUN-1001 :        infer_gsr        |    off     |       off        |        
RUN-1001 :      keep_hierarchy     |    auto    |       auto       |        
RUN-1001 :        max_fanout       |    9999    |       9999       |        
RUN-1001 :      max_oh2bin_len     |     10     |        10        |        
RUN-1001 :       merge_equal       |     on     |        on        |        
RUN-1001 :       merge_equiv       |     on     |        on        |        
RUN-1001 :        merge_mux        |    off     |       off        |        
RUN-1001 :     min_control_set     |     8      |        8         |        
RUN-1001 :      min_ripple_len     |    auto    |       auto       |        
RUN-1001 :       oh2bin_ratio      |    0.08    |       0.08       |        
RUN-1001 :     opt_adder_fanout    |     on     |        on        |        
RUN-1001 :        opt_arith        |     on     |        on        |        
RUN-1001 :       opt_big_gate      |    off     |       off        |        
RUN-1001 :        opt_const        |     on     |        on        |        
RUN-1001 :      opt_const_mult     |     on     |        on        |        
RUN-1001 :       opt_lessthan      |     on     |        on        |        
RUN-1001 :         opt_mux         |    off     |       off        |        
RUN-1001 :         opt_ram         |    high    |       high       |        
RUN-1001 :      rtl_sim_model      |    off     |       off        |        
RUN-1001 :         seq_syn         |     on     |        on        |        
RUN-1001 : --------------------------------------------------------------
HDL-1007 : analyze verilog file al_ip/clk_wiz_0.v
HDL-1007 : undeclared symbol 'open', assumed default net type 'wire' in al_ip/clk_wiz_0.v(80)
HDL-1007 : analyze verilog file ../RTL/audio_receive.v
HDL-1007 : analyze verilog file ../RTL/audio_send.v
HDL-1007 : analyze verilog file ../RTL/audio_speak.v
HDL-1007 : analyze verilog file ../RTL/es8388_config.v
HDL-1007 : analyze verilog file ../RTL/es8388_ctrl.v
HDL-1007 : analyze verilog file ../RTL/i2c_dri.v
HDL-1007 : analyze verilog file ../RTL/i2c_reg_cfg.v
HDL-1007 : analyze verilog file al_ip/LMS.v
HDL-1007 : analyze verilog file sound_direction_led.v
HDL-1007 : analyze verilog file al_ip/i2s_configurable.v
HDL-8007 ERROR: syntax error near ''' in al_ip/i2s_configurable.v(20)
HDL-8007 ERROR: extra semicolon is not allowed here in this dialect; use SystemVerilog mode instead in al_ip/i2s_configurable.v(29)
HDL-5007 WARNING: literal value 'd32 truncated to fit in 5 bits in al_ip/i2s_configurable.v(53)
HDL-5007 WARNING: 'SAMPLE_RATE_DIVIDER' is not declared in al_ip/i2s_configurable.v(59)
HDL-8007 ERROR: ignore module module due to previous errors in al_ip/i2s_configurable.v(1)
HDL-1007 : Verilog file 'al_ip/i2s_configurable.v' ignored due to errors
RUN-1001 : reset_run syn_1 phy_1.
RUN-1001 : launch_runs syn_1 phy_1  -jobs 6.
RUN-1001 : syn_1: run complete.
RUN-1001 : phy_1: run complete.
RUN-1001 : open_run phy_1.
RUN-1002 : start command "import_db C:/Users/lyw15/Desktop/4S20/es8388/TD/ES8388_Runs/phy_1/ES8388_pr.db"
RUN-1001 : Importing database generated by Tang Dynasty, V5.6.71036.
RUN-1001 : Database version number 46146.
RUN-1001 : Import flow parameters
PHY-1001 : Generate detailed routing grids ...
PHY-1001 : Processed IO instance aud_dacdat_syn_4 with INV attribute.
PHY-1001 : Processed IO instance aud_dacdat_1_syn_4 with INV attribute.
PHY-1001 : Generate nets ...
PHY-1001 : clock net aud_bclk_syn_4 will be merged with clock aud_bclk_dup_1
PHY-1001 : clock net aud_bclk_1_syn_4 will be merged with clock aud_bclk_1_dup_1
PHY-1001 : net aud_mclk_dup_1 will be routed on clock mesh
PHY-1001 : net aud_mclk_1_dup_1 will be routed on clock mesh
PHY-1001 : clock net ilaclk_dup_1 will be merged with clock u_pll_clk/clk0_buf
PHY-1001 : clock net ilaclk_1_dup_1 will be merged with clock u1_pll_clk/clk0_buf
PHY-1001 : net sys_clk_dup_1 will be routed on clock mesh
PHY-1001 : clock net u1_es8388_ctrl/u_es8388_config/u_i2c_dri/dri_clk_syn_4 will be merged with clock u1_es8388_ctrl/u_es8388_config/u_i2c_dri/dri_clk
PHY-1001 : clock net u_es8388_ctrl/u_es8388_config/u_i2c_dri/dri_clk_syn_4 will be merged with clock u_es8388_ctrl/u_es8388_config/u_i2c_dri/dri_clk
PHY-1001 : eco open net = 0
PHY-1001 : 6 feed throughs used by 5 nets
RUN-1001 : Import IO constraints
RUN-1001 : Import Inst constraints
RUN-1001 : Import design success TD_VERSION=5.6.71036 , DB_VERSION=46146
RUN-1001 : Print Global Property
RUN-1001 : ---------------------------------------------------------------
RUN-1001 :        Parameters        |  Settings  |  Default Values  |  Note  
RUN-1001 : ---------------------------------------------------------------
RUN-1001 :          message         |  standard  |     standard     |        
RUN-1001 :   mixed_pack_place_flow  |     on     |        on        |        
RUN-1001 :        qor_monitor       |    off     |       off        |        
RUN-1001 :        syn_ip_flow       |    off     |       off        |        
RUN-1001 :          thread          |    auto    |       auto       |        
RUN-1001 : ---------------------------------------------------------------
RUN-1001 : Print Design Property
RUN-1001 : --------------------------------------------------------------
RUN-1001 :        Parameters       |  Settings  |  Default Values  |  Note  
RUN-1001 : --------------------------------------------------------------
RUN-1001 :   default_reg_initial   |    auto    |       auto       |        
RUN-1001 :        infer_add        |     on     |        on        |        
RUN-1001 :        infer_fsm        |    off     |       off        |        
RUN-1001 :        infer_mult       |     on     |        on        |        
RUN-1001 :        infer_ram        |     on     |        on        |        
RUN-1001 :        infer_reg        |     on     |        on        |        
RUN-1001 :   infer_reg_init_value  |     on     |        on        |        
RUN-1001 :        infer_rom        |     on     |        on        |        
RUN-1001 :      infer_shifter      |     on     |        on        |        
RUN-1001 : --------------------------------------------------------------
RUN-1001 : Print Rtl Property
RUN-1001 : --------------------------------------------------------------
RUN-1001 :        Parameters       |  Settings  |  Default Values  |  Note  
RUN-1001 : --------------------------------------------------------------
RUN-1001 :       compress_add      |   ripple   |      ripple      |        
RUN-1001 :        elf_sload        |    off     |       off        |        
RUN-1001 :       fix_undriven      |     0      |        0         |        
RUN-1001 :         flatten         |    off     |       off        |        
RUN-1001 :       gate_sharing      |     on     |        on        |        
RUN-1001 :    hdl_warning_level    |   normal   |      normal      |        
RUN-1001 :   impl_internal_tribuf  |     on     |        on        |        
RUN-1001 :      impl_set_reset     |     on     |        on        |        
RUN-1001 :        infer_gsr        |    off     |       off        |        
RUN-1001 :      keep_hierarchy     |    auto    |       auto       |        
RUN-1001 :        max_fanout       |    9999    |       9999       |        
RUN-1001 :      max_oh2bin_len     |     10     |        10        |        
RUN-1001 :       merge_equal       |     on     |        on        |        
RUN-1001 :       merge_equiv       |     on     |        on        |        
RUN-1001 :        merge_mux        |    off     |       off        |        
RUN-1001 :     min_control_set     |     8      |        8         |        
RUN-1001 :      min_ripple_len     |    auto    |       auto       |        
RUN-1001 :       oh2bin_ratio      |    0.08    |       0.08       |        
RUN-1001 :     opt_adder_fanout    |     on     |        on        |        
RUN-1001 :        opt_arith        |     on     |        on        |        
RUN-1001 :       opt_big_gate      |    off     |       off        |        
RUN-1001 :        opt_const        |     on     |        on        |        
RUN-1001 :      opt_const_mult     |     on     |        on        |        
RUN-1001 :       opt_lessthan      |     on     |        on        |        
RUN-1001 :         opt_mux         |    off     |       off        |        
RUN-1001 :         opt_ram         |    high    |       high       |        
RUN-1001 :      rtl_sim_model      |    off     |       off        |        
RUN-1001 :         seq_syn         |     on     |        on        |        
RUN-1001 : --------------------------------------------------------------
HDL-1007 : analyze verilog file al_ip/clk_wiz_0.v
HDL-1007 : undeclared symbol 'open', assumed default net type 'wire' in al_ip/clk_wiz_0.v(80)
HDL-5007 WARNING: overwrite current module 'clk_wiz_0' in al_ip/clk_wiz_0.v(23)
HDL-1007 : previous definition of design element 'clk_wiz_0' is here in al_ip/clk_wiz_0.v(23)
HDL-1007 : analyze verilog file ../RTL/audio_receive.v
HDL-5007 WARNING: overwrite current module 'audio_receive' in ../RTL/audio_receive.v(1)
HDL-1007 : previous definition of design element 'audio_receive' is here in ../RTL/audio_receive.v(1)
HDL-1007 : analyze verilog file ../RTL/audio_send.v
HDL-5007 WARNING: overwrite current module 'audio_send' in ../RTL/audio_send.v(1)
HDL-1007 : previous definition of design element 'audio_send' is here in ../RTL/audio_send.v(1)
HDL-1007 : analyze verilog file ../RTL/audio_speak.v
HDL-5007 WARNING: overwrite current module 'audio_speak' in ../RTL/audio_speak.v(1)
HDL-1007 : previous definition of design element 'audio_speak' is here in ../RTL/audio_speak.v(1)
HDL-1007 : analyze verilog file ../RTL/es8388_config.v
HDL-5007 WARNING: overwrite current module 'es8388_config' in ../RTL/es8388_config.v(3)
HDL-1007 : previous definition of design element 'es8388_config' is here in ../RTL/es8388_config.v(3)
HDL-1007 : analyze verilog file ../RTL/es8388_ctrl.v
HDL-5007 WARNING: overwrite current module 'es8388_ctrl' in ../RTL/es8388_ctrl.v(1)
HDL-1007 : previous definition of design element 'es8388_ctrl' is here in ../RTL/es8388_ctrl.v(1)
HDL-1007 : analyze verilog file ../RTL/i2c_dri.v
HDL-5007 WARNING: overwrite current module 'i2c_dri' in ../RTL/i2c_dri.v(1)
HDL-1007 : previous definition of design element 'i2c_dri' is here in ../RTL/i2c_dri.v(1)
HDL-1007 : analyze verilog file ../RTL/i2c_reg_cfg.v
HDL-5007 WARNING: overwrite current module 'i2c_reg_cfg' in ../RTL/i2c_reg_cfg.v(1)
HDL-1007 : previous definition of design element 'i2c_reg_cfg' is here in ../RTL/i2c_reg_cfg.v(1)
HDL-1007 : analyze verilog file al_ip/LMS.v
HDL-5007 WARNING: overwrite current module 'LMS' in al_ip/LMS.v(2)
HDL-1007 : previous definition of design element 'LMS' is here in al_ip/LMS.v(2)
HDL-1007 : analyze verilog file sound_direction_led.v
HDL-5007 WARNING: overwrite current module 'sound_localization_final' in sound_direction_led.v(1)
HDL-1007 : previous definition of design element 'sound_localization_final' is here in sound_direction_led.v(1)
HDL-1007 : analyze verilog file al_ip/i2s_configurable.v
HDL-8007 ERROR: syntax error near ''' in al_ip/i2s_configurable.v(20)
HDL-8007 ERROR: extra semicolon is not allowed here in this dialect; use SystemVerilog mode instead in al_ip/i2s_configurable.v(29)
HDL-5007 WARNING: literal value 'd32 truncated to fit in 5 bits in al_ip/i2s_configurable.v(53)
HDL-5007 WARNING: 'SAMPLE_RATE_DIVIDER' is not declared in al_ip/i2s_configurable.v(59)
HDL-8007 ERROR: ignore module module due to previous errors in al_ip/i2s_configurable.v(1)
HDL-1007 : Verilog file 'al_ip/i2s_configurable.v' ignored due to errors
HDL-1007 : analyze verilog file al_ip/i2s_tx.v
RUN-1001 : Print Global Property
RUN-1001 : ---------------------------------------------------------------
RUN-1001 :        Parameters        |  Settings  |  Default Values  |  Note  
RUN-1001 : ---------------------------------------------------------------
RUN-1001 :          message         |  standard  |     standard     |        
RUN-1001 :   mixed_pack_place_flow  |     on     |        on        |        
RUN-1001 :        qor_monitor       |    off     |       off        |        
RUN-1001 :        syn_ip_flow       |    off     |       off        |        
RUN-1001 :          thread          |    auto    |       auto       |        
RUN-1001 : ---------------------------------------------------------------
RUN-1001 : Print Design Property
RUN-1001 : --------------------------------------------------------------
RUN-1001 :        Parameters       |  Settings  |  Default Values  |  Note  
RUN-1001 : --------------------------------------------------------------
RUN-1001 :   default_reg_initial   |    auto    |       auto       |        
RUN-1001 :        infer_add        |     on     |        on        |        
RUN-1001 :        infer_fsm        |    off     |       off        |        
RUN-1001 :        infer_mult       |     on     |        on        |        
RUN-1001 :        infer_ram        |     on     |        on        |        
RUN-1001 :        infer_reg        |     on     |        on        |        
RUN-1001 :   infer_reg_init_value  |     on     |        on        |        
RUN-1001 :        infer_rom        |     on     |        on        |        
RUN-1001 :      infer_shifter      |     on     |        on        |        
RUN-1001 : --------------------------------------------------------------
RUN-1001 : Print Rtl Property
RUN-1001 : --------------------------------------------------------------
RUN-1001 :        Parameters       |  Settings  |  Default Values  |  Note  
RUN-1001 : --------------------------------------------------------------
RUN-1001 :       compress_add      |   ripple   |      ripple      |        
RUN-1001 :        elf_sload        |    off     |       off        |        
RUN-1001 :       fix_undriven      |     0      |        0         |        
RUN-1001 :         flatten         |    off     |       off        |        
RUN-1001 :       gate_sharing      |     on     |        on        |        
RUN-1001 :    hdl_warning_level    |   normal   |      normal      |        
RUN-1001 :   impl_internal_tribuf  |     on     |        on        |        
RUN-1001 :      impl_set_reset     |     on     |        on        |        
RUN-1001 :        infer_gsr        |    off     |       off        |        
RUN-1001 :      keep_hierarchy     |    auto    |       auto       |        
RUN-1001 :        max_fanout       |    9999    |       9999       |        
RUN-1001 :      max_oh2bin_len     |     10     |        10        |        
RUN-1001 :       merge_equal       |     on     |        on        |        
RUN-1001 :       merge_equiv       |     on     |        on        |        
RUN-1001 :        merge_mux        |    off     |       off        |        
RUN-1001 :     min_control_set     |     8      |        8         |        
RUN-1001 :      min_ripple_len     |    auto    |       auto       |        
RUN-1001 :       oh2bin_ratio      |    0.08    |       0.08       |        
RUN-1001 :     opt_adder_fanout    |     on     |        on        |        
RUN-1001 :        opt_arith        |     on     |        on        |        
RUN-1001 :       opt_big_gate      |    off     |       off        |        
RUN-1001 :        opt_const        |     on     |        on        |        
RUN-1001 :      opt_const_mult     |     on     |        on        |        
RUN-1001 :       opt_lessthan      |     on     |        on        |        
RUN-1001 :         opt_mux         |    off     |       off        |        
RUN-1001 :         opt_ram         |    high    |       high       |        
RUN-1001 :      rtl_sim_model      |    off     |       off        |        
RUN-1001 :         seq_syn         |     on     |        on        |        
RUN-1001 : --------------------------------------------------------------
HDL-1007 : analyze verilog file al_ip/clk_wiz_0.v
HDL-1007 : undeclared symbol 'open', assumed default net type 'wire' in al_ip/clk_wiz_0.v(80)
HDL-1007 : analyze verilog file ../RTL/audio_receive.v
HDL-1007 : analyze verilog file ../RTL/audio_send.v
HDL-1007 : analyze verilog file ../RTL/audio_speak.v
HDL-1007 : analyze verilog file ../RTL/es8388_config.v
HDL-1007 : analyze verilog file ../RTL/es8388_ctrl.v
HDL-1007 : analyze verilog file ../RTL/i2c_dri.v
HDL-1007 : analyze verilog file ../RTL/i2c_reg_cfg.v
HDL-1007 : analyze verilog file al_ip/LMS.v
HDL-1007 : analyze verilog file sound_direction_led.v
HDL-1007 : analyze verilog file al_ip/i2s_configurable.v
HDL-8007 ERROR: syntax error near ''' in al_ip/i2s_configurable.v(20)
HDL-8007 ERROR: extra semicolon is not allowed here in this dialect; use SystemVerilog mode instead in al_ip/i2s_configurable.v(29)
HDL-5007 WARNING: literal value 'd32 truncated to fit in 5 bits in al_ip/i2s_configurable.v(53)
HDL-5007 WARNING: 'SAMPLE_RATE_DIVIDER' is not declared in al_ip/i2s_configurable.v(59)
HDL-8007 ERROR: ignore module module due to previous errors in al_ip/i2s_configurable.v(1)
HDL-1007 : Verilog file 'al_ip/i2s_configurable.v' ignored due to errors
HDL-1007 : analyze verilog file al_ip/i2s_tx.v
RUN-1001 : Print Global Property
RUN-1001 : ---------------------------------------------------------------
RUN-1001 :        Parameters        |  Settings  |  Default Values  |  Note  
RUN-1001 : ---------------------------------------------------------------
RUN-1001 :          message         |  standard  |     standard     |        
RUN-1001 :   mixed_pack_place_flow  |     on     |        on        |        
RUN-1001 :        qor_monitor       |    off     |       off        |        
RUN-1001 :        syn_ip_flow       |    off     |       off        |        
RUN-1001 :          thread          |    auto    |       auto       |        
RUN-1001 : ---------------------------------------------------------------
RUN-1001 : Print Design Property
RUN-1001 : --------------------------------------------------------------
RUN-1001 :        Parameters       |  Settings  |  Default Values  |  Note  
RUN-1001 : --------------------------------------------------------------
RUN-1001 :   default_reg_initial   |    auto    |       auto       |        
RUN-1001 :        infer_add        |     on     |        on        |        
RUN-1001 :        infer_fsm        |    off     |       off        |        
RUN-1001 :        infer_mult       |     on     |        on        |        
RUN-1001 :        infer_ram        |     on     |        on        |        
RUN-1001 :        infer_reg        |     on     |        on        |        
RUN-1001 :   infer_reg_init_value  |     on     |        on        |        
RUN-1001 :        infer_rom        |     on     |        on        |        
RUN-1001 :      infer_shifter      |     on     |        on        |        
RUN-1001 : --------------------------------------------------------------
RUN-1001 : Print Rtl Property
RUN-1001 : --------------------------------------------------------------
RUN-1001 :        Parameters       |  Settings  |  Default Values  |  Note  
RUN-1001 : --------------------------------------------------------------
RUN-1001 :       compress_add      |   ripple   |      ripple      |        
RUN-1001 :        elf_sload        |    off     |       off        |        
RUN-1001 :       fix_undriven      |     0      |        0         |        
RUN-1001 :         flatten         |    off     |       off        |        
RUN-1001 :       gate_sharing      |     on     |        on        |        
RUN-1001 :    hdl_warning_level    |   normal   |      normal      |        
RUN-1001 :   impl_internal_tribuf  |     on     |        on        |        
RUN-1001 :      impl_set_reset     |     on     |        on        |        
RUN-1001 :        infer_gsr        |    off     |       off        |        
RUN-1001 :      keep_hierarchy     |    auto    |       auto       |        
RUN-1001 :        max_fanout       |    9999    |       9999       |        
RUN-1001 :      max_oh2bin_len     |     10     |        10        |        
RUN-1001 :       merge_equal       |     on     |        on        |        
RUN-1001 :       merge_equiv       |     on     |        on        |        
RUN-1001 :        merge_mux        |    off     |       off        |        
RUN-1001 :     min_control_set     |     8      |        8         |        
RUN-1001 :      min_ripple_len     |    auto    |       auto       |        
RUN-1001 :       oh2bin_ratio      |    0.08    |       0.08       |        
RUN-1001 :     opt_adder_fanout    |     on     |        on        |        
RUN-1001 :        opt_arith        |     on     |        on        |        
RUN-1001 :       opt_big_gate      |    off     |       off        |        
RUN-1001 :        opt_const        |     on     |        on        |        
RUN-1001 :      opt_const_mult     |     on     |        on        |        
RUN-1001 :       opt_lessthan      |     on     |        on        |        
RUN-1001 :         opt_mux         |    off     |       off        |        
RUN-1001 :         opt_ram         |    high    |       high       |        
RUN-1001 :      rtl_sim_model      |    off     |       off        |        
RUN-1001 :         seq_syn         |     on     |        on        |        
RUN-1001 : --------------------------------------------------------------
HDL-1007 : analyze verilog file al_ip/clk_wiz_0.v
HDL-1007 : undeclared symbol 'open', assumed default net type 'wire' in al_ip/clk_wiz_0.v(80)
HDL-1007 : analyze verilog file ../RTL/audio_receive.v
HDL-1007 : analyze verilog file ../RTL/audio_send.v
HDL-1007 : analyze verilog file ../RTL/audio_speak.v
HDL-8007 ERROR: '.name implicit port connection' is not allowed in this dialect; use SystemVerilog mode instead in ../RTL/audio_speak.v(147)
HDL-8007 ERROR: '.name implicit port connection' is not allowed in this dialect; use SystemVerilog mode instead in ../RTL/audio_speak.v(148)
HDL-8007 ERROR: '.name implicit port connection' is not allowed in this dialect; use SystemVerilog mode instead in ../RTL/audio_speak.v(149)
HDL-8007 ERROR: syntax error near 'output' in ../RTL/audio_speak.v(151)
HDL-8007 ERROR: Verilog 2000 keyword 'output' used in incorrect context in ../RTL/audio_speak.v(151)
HDL-8007 ERROR: ignore module module due to previous errors in ../RTL/audio_speak.v(1)
HDL-1007 : Verilog file '../RTL/audio_speak.v' ignored due to errors
HDL-1007 : analyze verilog file ../RTL/es8388_config.v
HDL-1007 : analyze verilog file ../RTL/es8388_ctrl.v
HDL-1007 : analyze verilog file ../RTL/i2c_dri.v
HDL-1007 : analyze verilog file ../RTL/i2c_reg_cfg.v
HDL-1007 : analyze verilog file al_ip/LMS.v
HDL-1007 : analyze verilog file sound_direction_led.v
HDL-1007 : analyze verilog file al_ip/i2s_configurable.v
HDL-8007 ERROR: syntax error near ''' in al_ip/i2s_configurable.v(20)
HDL-8007 ERROR: extra semicolon is not allowed here in this dialect; use SystemVerilog mode instead in al_ip/i2s_configurable.v(29)
HDL-5007 WARNING: literal value 'd32 truncated to fit in 5 bits in al_ip/i2s_configurable.v(53)
HDL-5007 WARNING: 'SAMPLE_RATE_DIVIDER' is not declared in al_ip/i2s_configurable.v(59)
HDL-8007 ERROR: ignore module module due to previous errors in al_ip/i2s_configurable.v(1)
HDL-1007 : Verilog file 'al_ip/i2s_configurable.v' ignored due to errors
HDL-1007 : analyze verilog file al_ip/i2s_tx.v
RUN-1001 : Print Global Property
RUN-1001 : ---------------------------------------------------------------
RUN-1001 :        Parameters        |  Settings  |  Default Values  |  Note  
RUN-1001 : ---------------------------------------------------------------
RUN-1001 :          message         |  standard  |     standard     |        
RUN-1001 :   mixed_pack_place_flow  |     on     |        on        |        
RUN-1001 :        qor_monitor       |    off     |       off        |        
RUN-1001 :        syn_ip_flow       |    off     |       off        |        
RUN-1001 :          thread          |    auto    |       auto       |        
RUN-1001 : ---------------------------------------------------------------
RUN-1001 : Print Design Property
RUN-1001 : --------------------------------------------------------------
RUN-1001 :        Parameters       |  Settings  |  Default Values  |  Note  
RUN-1001 : --------------------------------------------------------------
RUN-1001 :   default_reg_initial   |    auto    |       auto       |        
RUN-1001 :        infer_add        |     on     |        on        |        
RUN-1001 :        infer_fsm        |    off     |       off        |        
RUN-1001 :        infer_mult       |     on     |        on        |        
RUN-1001 :        infer_ram        |     on     |        on        |        
RUN-1001 :        infer_reg        |     on     |        on        |        
RUN-1001 :   infer_reg_init_value  |     on     |        on        |        
RUN-1001 :        infer_rom        |     on     |        on        |        
RUN-1001 :      infer_shifter      |     on     |        on        |        
RUN-1001 : --------------------------------------------------------------
RUN-1001 : Print Rtl Property
RUN-1001 : --------------------------------------------------------------
RUN-1001 :        Parameters       |  Settings  |  Default Values  |  Note  
RUN-1001 : --------------------------------------------------------------
RUN-1001 :       compress_add      |   ripple   |      ripple      |        
RUN-1001 :        elf_sload        |    off     |       off        |        
RUN-1001 :       fix_undriven      |     0      |        0         |        
RUN-1001 :         flatten         |    off     |       off        |        
RUN-1001 :       gate_sharing      |     on     |        on        |        
RUN-1001 :    hdl_warning_level    |   normal   |      normal      |        
RUN-1001 :   impl_internal_tribuf  |     on     |        on        |        
RUN-1001 :      impl_set_reset     |     on     |        on        |        
RUN-1001 :        infer_gsr        |    off     |       off        |        
RUN-1001 :      keep_hierarchy     |    auto    |       auto       |        
RUN-1001 :        max_fanout       |    9999    |       9999       |        
RUN-1001 :      max_oh2bin_len     |     10     |        10        |        
RUN-1001 :       merge_equal       |     on     |        on        |        
RUN-1001 :       merge_equiv       |     on     |        on        |        
RUN-1001 :        merge_mux        |    off     |       off        |        
RUN-1001 :     min_control_set     |     8      |        8         |        
RUN-1001 :      min_ripple_len     |    auto    |       auto       |        
RUN-1001 :       oh2bin_ratio      |    0.08    |       0.08       |        
RUN-1001 :     opt_adder_fanout    |     on     |        on        |        
RUN-1001 :        opt_arith        |     on     |        on        |        
RUN-1001 :       opt_big_gate      |    off     |       off        |        
RUN-1001 :        opt_const        |     on     |        on        |        
RUN-1001 :      opt_const_mult     |     on     |        on        |        
RUN-1001 :       opt_lessthan      |     on     |        on        |        
RUN-1001 :         opt_mux         |    off     |       off        |        
RUN-1001 :         opt_ram         |    high    |       high       |        
RUN-1001 :      rtl_sim_model      |    off     |       off        |        
RUN-1001 :         seq_syn         |     on     |        on        |        
RUN-1001 : --------------------------------------------------------------
HDL-1007 : analyze verilog file al_ip/clk_wiz_0.v
HDL-1007 : undeclared symbol 'open', assumed default net type 'wire' in al_ip/clk_wiz_0.v(80)
HDL-1007 : analyze verilog file ../RTL/audio_receive.v
HDL-1007 : analyze verilog file ../RTL/audio_send.v
HDL-1007 : analyze verilog file ../RTL/audio_speak.v
HDL-1007 : analyze verilog file ../RTL/es8388_config.v
HDL-1007 : analyze verilog file ../RTL/es8388_ctrl.v
HDL-1007 : analyze verilog file ../RTL/i2c_dri.v
HDL-1007 : analyze verilog file ../RTL/i2c_reg_cfg.v
HDL-1007 : analyze verilog file al_ip/LMS.v
HDL-1007 : analyze verilog file sound_direction_led.v
HDL-1007 : analyze verilog file al_ip/i2s_configurable.v
HDL-8007 ERROR: syntax error near ''' in al_ip/i2s_configurable.v(20)
HDL-8007 ERROR: extra semicolon is not allowed here in this dialect; use SystemVerilog mode instead in al_ip/i2s_configurable.v(29)
HDL-5007 WARNING: literal value 'd32 truncated to fit in 5 bits in al_ip/i2s_configurable.v(53)
HDL-5007 WARNING: 'SAMPLE_RATE_DIVIDER' is not declared in al_ip/i2s_configurable.v(59)
HDL-8007 ERROR: ignore module module due to previous errors in al_ip/i2s_configurable.v(1)
HDL-1007 : Verilog file 'al_ip/i2s_configurable.v' ignored due to errors
HDL-1007 : analyze verilog file al_ip/i2s_tx.v
RUN-1001 : Print Global Property
RUN-1001 : ---------------------------------------------------------------
RUN-1001 :        Parameters        |  Settings  |  Default Values  |  Note  
RUN-1001 : ---------------------------------------------------------------
RUN-1001 :          message         |  standard  |     standard     |        
RUN-1001 :   mixed_pack_place_flow  |     on     |        on        |        
RUN-1001 :        qor_monitor       |    off     |       off        |        
RUN-1001 :        syn_ip_flow       |    off     |       off        |        
RUN-1001 :          thread          |    auto    |       auto       |        
RUN-1001 : ---------------------------------------------------------------
RUN-1001 : Print Design Property
RUN-1001 : --------------------------------------------------------------
RUN-1001 :        Parameters       |  Settings  |  Default Values  |  Note  
RUN-1001 : --------------------------------------------------------------
RUN-1001 :   default_reg_initial   |    auto    |       auto       |        
RUN-1001 :        infer_add        |     on     |        on        |        
RUN-1001 :        infer_fsm        |    off     |       off        |        
RUN-1001 :        infer_mult       |     on     |        on        |        
RUN-1001 :        infer_ram        |     on     |        on        |        
RUN-1001 :        infer_reg        |     on     |        on        |        
RUN-1001 :   infer_reg_init_value  |     on     |        on        |        
RUN-1001 :        infer_rom        |     on     |        on        |        
RUN-1001 :      infer_shifter      |     on     |        on        |        
RUN-1001 : --------------------------------------------------------------
RUN-1001 : Print Rtl Property
RUN-1001 : --------------------------------------------------------------
RUN-1001 :        Parameters       |  Settings  |  Default Values  |  Note  
RUN-1001 : --------------------------------------------------------------
RUN-1001 :       compress_add      |   ripple   |      ripple      |        
RUN-1001 :        elf_sload        |    off     |       off        |        
RUN-1001 :       fix_undriven      |     0      |        0         |        
RUN-1001 :         flatten         |    off     |       off        |        
RUN-1001 :       gate_sharing      |     on     |        on        |        
RUN-1001 :    hdl_warning_level    |   normal   |      normal      |        
RUN-1001 :   impl_internal_tribuf  |     on     |        on        |        
RUN-1001 :      impl_set_reset     |     on     |        on        |        
RUN-1001 :        infer_gsr        |    off     |       off        |        
RUN-1001 :      keep_hierarchy     |    auto    |       auto       |        
RUN-1001 :        max_fanout       |    9999    |       9999       |        
RUN-1001 :      max_oh2bin_len     |     10     |        10        |        
RUN-1001 :       merge_equal       |     on     |        on        |        
RUN-1001 :       merge_equiv       |     on     |        on        |        
RUN-1001 :        merge_mux        |    off     |       off        |        
RUN-1001 :     min_control_set     |     8      |        8         |        
RUN-1001 :      min_ripple_len     |    auto    |       auto       |        
RUN-1001 :       oh2bin_ratio      |    0.08    |       0.08       |        
RUN-1001 :     opt_adder_fanout    |     on     |        on        |        
RUN-1001 :        opt_arith        |     on     |        on        |        
RUN-1001 :       opt_big_gate      |    off     |       off        |        
RUN-1001 :        opt_const        |     on     |        on        |        
RUN-1001 :      opt_const_mult     |     on     |        on        |        
RUN-1001 :       opt_lessthan      |     on     |        on        |        
RUN-1001 :         opt_mux         |    off     |       off        |        
RUN-1001 :         opt_ram         |    high    |       high       |        
RUN-1001 :      rtl_sim_model      |    off     |       off        |        
RUN-1001 :         seq_syn         |     on     |        on        |        
RUN-1001 : --------------------------------------------------------------
HDL-1007 : analyze verilog file al_ip/clk_wiz_0.v
HDL-1007 : undeclared symbol 'open', assumed default net type 'wire' in al_ip/clk_wiz_0.v(80)
HDL-1007 : analyze verilog file ../RTL/audio_receive.v
HDL-1007 : analyze verilog file ../RTL/audio_send.v
HDL-1007 : analyze verilog file ../RTL/audio_speak.v
HDL-1007 : analyze verilog file ../RTL/es8388_config.v
HDL-1007 : analyze verilog file ../RTL/es8388_ctrl.v
HDL-1007 : analyze verilog file ../RTL/i2c_dri.v
HDL-1007 : analyze verilog file ../RTL/i2c_reg_cfg.v
HDL-1007 : analyze verilog file al_ip/LMS.v
HDL-1007 : analyze verilog file sound_direction_led.v
HDL-1007 : analyze verilog file al_ip/i2s_configurable.v
HDL-8007 ERROR: syntax error near ''' in al_ip/i2s_configurable.v(20)
HDL-8007 ERROR: extra semicolon is not allowed here in this dialect; use SystemVerilog mode instead in al_ip/i2s_configurable.v(29)
HDL-5007 WARNING: literal value 'd32 truncated to fit in 5 bits in al_ip/i2s_configurable.v(53)
HDL-5007 WARNING: 'SAMPLE_RATE_DIVIDER' is not declared in al_ip/i2s_configurable.v(59)
HDL-8007 ERROR: ignore module module due to previous errors in al_ip/i2s_configurable.v(1)
HDL-1007 : Verilog file 'al_ip/i2s_configurable.v' ignored due to errors
HDL-1007 : analyze verilog file al_ip/i2s_tx.v
RUN-1001 : reset_run syn_1 phy_1.
RUN-1001 : launch_runs syn_1 phy_1  -jobs 6.
RUN-6001 WARNING: syn_1: run failed.
RUN-1001 : reset_run syn_1 phy_1.
RUN-1001 : launch_runs syn_1 phy_1  -jobs 6.
RUN-6001 WARNING: syn_1: run failed.
RUN-1001 : Print Global Property
RUN-1001 : ---------------------------------------------------------------
RUN-1001 :        Parameters        |  Settings  |  Default Values  |  Note  
RUN-1001 : ---------------------------------------------------------------
RUN-1001 :          message         |  standard  |     standard     |        
RUN-1001 :   mixed_pack_place_flow  |     on     |        on        |        
RUN-1001 :        qor_monitor       |    off     |       off        |        
RUN-1001 :        syn_ip_flow       |    off     |       off        |        
RUN-1001 :          thread          |    auto    |       auto       |        
RUN-1001 : ---------------------------------------------------------------
RUN-1001 : Print Design Property
RUN-1001 : --------------------------------------------------------------
RUN-1001 :        Parameters       |  Settings  |  Default Values  |  Note  
RUN-1001 : --------------------------------------------------------------
RUN-1001 :   default_reg_initial   |    auto    |       auto       |        
RUN-1001 :        infer_add        |     on     |        on        |        
RUN-1001 :        infer_fsm        |    off     |       off        |        
RUN-1001 :        infer_mult       |     on     |        on        |        
RUN-1001 :        infer_ram        |     on     |        on        |        
RUN-1001 :        infer_reg        |     on     |        on        |        
RUN-1001 :   infer_reg_init_value  |     on     |        on        |        
RUN-1001 :        infer_rom        |     on     |        on        |        
RUN-1001 :      infer_shifter      |     on     |        on        |        
RUN-1001 : --------------------------------------------------------------
RUN-1001 : Print Rtl Property
RUN-1001 : --------------------------------------------------------------
RUN-1001 :        Parameters       |  Settings  |  Default Values  |  Note  
RUN-1001 : --------------------------------------------------------------
RUN-1001 :       compress_add      |   ripple   |      ripple      |        
RUN-1001 :        elf_sload        |    off     |       off        |        
RUN-1001 :       fix_undriven      |     0      |        0         |        
RUN-1001 :         flatten         |    off     |       off        |        
RUN-1001 :       gate_sharing      |     on     |        on        |        
RUN-1001 :    hdl_warning_level    |   normal   |      normal      |        
RUN-1001 :   impl_internal_tribuf  |     on     |        on        |        
RUN-1001 :      impl_set_reset     |     on     |        on        |        
RUN-1001 :        infer_gsr        |    off     |       off        |        
RUN-1001 :      keep_hierarchy     |    auto    |       auto       |        
RUN-1001 :        max_fanout       |    9999    |       9999       |        
RUN-1001 :      max_oh2bin_len     |     10     |        10        |        
RUN-1001 :       merge_equal       |     on     |        on        |        
RUN-1001 :       merge_equiv       |     on     |        on        |        
RUN-1001 :        merge_mux        |    off     |       off        |        
RUN-1001 :     min_control_set     |     8      |        8         |        
RUN-1001 :      min_ripple_len     |    auto    |       auto       |        
RUN-1001 :       oh2bin_ratio      |    0.08    |       0.08       |        
RUN-1001 :     opt_adder_fanout    |     on     |        on        |        
RUN-1001 :        opt_arith        |     on     |        on        |        
RUN-1001 :       opt_big_gate      |    off     |       off        |        
RUN-1001 :        opt_const        |     on     |        on        |        
RUN-1001 :      opt_const_mult     |     on     |        on        |        
RUN-1001 :       opt_lessthan      |     on     |        on        |        
RUN-1001 :         opt_mux         |    off     |       off        |        
RUN-1001 :         opt_ram         |    high    |       high       |        
RUN-1001 :      rtl_sim_model      |    off     |       off        |        
RUN-1001 :         seq_syn         |     on     |        on        |        
RUN-1001 : --------------------------------------------------------------
HDL-1007 : analyze verilog file al_ip/clk_wiz_0.v
HDL-1007 : undeclared symbol 'open', assumed default net type 'wire' in al_ip/clk_wiz_0.v(80)
HDL-1007 : analyze verilog file ../RTL/audio_receive.v
HDL-1007 : analyze verilog file ../RTL/audio_send.v
HDL-1007 : analyze verilog file ../RTL/audio_speak.v
HDL-1007 : analyze verilog file ../RTL/es8388_config.v
HDL-1007 : analyze verilog file ../RTL/es8388_ctrl.v
HDL-1007 : analyze verilog file ../RTL/i2c_dri.v
HDL-1007 : analyze verilog file ../RTL/i2c_reg_cfg.v
HDL-1007 : analyze verilog file al_ip/LMS.v
HDL-1007 : analyze verilog file sound_direction_led.v
HDL-1007 : analyze verilog file al_ip/i2s_tx.v
RUN-1001 : reset_run syn_1 phy_1.
RUN-1001 : launch_runs syn_1 phy_1  -jobs 6.
RUN-6001 WARNING: syn_1: run failed.
RUN-1001 : reset_run syn_1 phy_1.
RUN-1001 : launch_runs syn_1 phy_1  -jobs 6.
RUN-6001 WARNING: syn_1: run failed.
HDL-1007 : analyze verilog file al_ip/i2s_tx.v
RUN-1001 : reset_run syn_1 phy_1.
RUN-1001 : launch_runs syn_1 phy_1  -jobs 6.
RUN-1001 : syn_1: run complete.
RUN-1001 : phy_1: run complete.
RUN-1001 : open_run phy_1.
RUN-1002 : start command "import_db C:/Users/lyw15/Desktop/4S20/es8388/TD/ES8388_Runs/phy_1/ES8388_pr.db"
RUN-1001 : Importing database generated by Tang Dynasty, V5.6.71036.
RUN-1001 : Database version number 46146.
RUN-1001 : Import flow parameters
PHY-1001 : Generate detailed routing grids ...
PHY-1001 : Processed IO instance aud_dacdat_syn_4 with INV attribute.
PHY-1001 : Processed IO instance aud_dacdat_1_syn_4 with INV attribute.
PHY-1001 : Generate nets ...
PHY-1001 : clock net I2S_BCLK_syn_6 will be merged with clock I2S_BCLK_dup_3
PHY-1001 : clock net aud_bclk_syn_4 will be merged with clock aud_bclk_dup_1
PHY-1001 : clock net aud_bclk_1_syn_4 will be merged with clock aud_bclk_1_dup_1
PHY-1001 : net aud_mclk_dup_1 will be routed on clock mesh
PHY-1001 : net aud_mclk_1_dup_1 will be routed on clock mesh
PHY-1001 : clock net ilaclk_dup_1 will be merged with clock u_pll_clk/clk0_buf
PHY-1001 : clock net ilaclk_1_dup_1 will be merged with clock u1_pll_clk/clk0_buf
PHY-1001 : net sys_clk_dup_1 will be routed on clock mesh
PHY-1001 : clock net u_es8388_ctrl/u_es8388_config/u_i2c_dri/dri_clk_syn_4 will be merged with clock u_es8388_ctrl/u_es8388_config/u_i2c_dri/dri_clk
PHY-1001 : clock net u1_es8388_ctrl/u_es8388_config/u_i2c_dri/dri_clk_syn_4 will be merged with clock u1_es8388_ctrl/u_es8388_config/u_i2c_dri/dri_clk
PHY-1001 : eco open net = 0
PHY-1001 : 6 feed throughs used by 6 nets
RUN-1001 : Import IO constraints
RUN-1001 : Import Inst constraints
RUN-1001 : Import design success TD_VERSION=5.6.71036 , DB_VERSION=46146
RUN-1002 : start command "download -bit ES8388_Runs\phy_1\ES8388.bit -mode jtag -spd 7 -sec 64 -cable 0"
PRG-2014 : Chip validation success: EAGLE_S20_BG256
RUN-1002 : start command "bit_to_vec -chip EAGLE_S20_BG256 -m jtag_burst -freq 4 -bit ES8388_Runs/phy_1/ES8388.bit"
RUN-1002 : start command "program -cable 0 -mode svf -spd 7 -p"
RUN-1003 : finish command "program -cable 0 -mode svf -spd 7 -p" in  6.339425s wall, 0.140625s user + 0.531250s system = 0.671875s CPU (10.6%)

RUN-1004 : used memory is 552 MB, reserved memory is 596 MB, peak memory is 581 MB
RUN-1003 : finish command "download -bit ES8388_Runs\phy_1\ES8388.bit -mode jtag -spd 7 -sec 64 -cable 0" in  6.545877s wall, 0.203125s user + 0.593750s system = 0.796875s CPU (12.2%)

RUN-1004 : used memory is 552 MB, reserved memory is 596 MB, peak memory is 581 MB
GUI-1001 : Downloading succeeded!
HDL-1007 : analyze verilog file al_ip/i2s_tx.v
HDL-1007 : analyze verilog file ../RTL/audio_speak.v
HDL-1007 : analyze verilog file ../RTL/audio_speak.v
RUN-1001 : reset_run syn_1 phy_1.
GUI-6001 WARNING: File C:/Users/lyw15/Desktop/4S20/es8388/TD/ES8388_Runs/phy_1/ES8388.bit does not exist!
RUN-1001 : launch_runs syn_1 phy_1  -jobs 6.
RUN-1001 : syn_1: run complete.
RUN-1001 : phy_1: run complete.
RUN-1001 : open_run phy_1.
RUN-1002 : start command "import_db C:/Users/lyw15/Desktop/4S20/es8388/TD/ES8388_Runs/phy_1/ES8388_pr.db"
RUN-1001 : Importing database generated by Tang Dynasty, V5.6.71036.
RUN-1001 : Database version number 46146.
RUN-1001 : Import flow parameters
PHY-1001 : Generate detailed routing grids ...
PHY-1001 : Processed IO instance I2S_DATA_syn_4 with INV attribute.
PHY-1001 : Processed IO instance I2S_LRCLK_syn_4 with INV attribute.
PHY-1001 : Processed IO instance aud_dacdat_syn_4 with INV attribute.
PHY-1001 : Processed IO instance aud_dacdat_1_syn_4 with INV attribute.
PHY-1001 : Generate nets ...
PHY-1001 : clock net I2S_BCLK_syn_6 will be merged with clock I2S_BCLK_dup_3
PHY-1001 : clock net aud_bclk_syn_4 will be merged with clock aud_bclk_dup_1
PHY-1001 : clock net aud_bclk_1_syn_4 will be merged with clock aud_bclk_1_dup_1
PHY-1001 : net aud_mclk_dup_1 will be routed on clock mesh
PHY-1001 : net aud_mclk_1_dup_1 will be routed on clock mesh
PHY-1001 : clock net ilaclk_dup_1 will be merged with clock u_pll_clk/clk0_buf
PHY-1001 : clock net ilaclk_1_dup_1 will be merged with clock u1_pll_clk/clk0_buf
PHY-1001 : net sys_clk_dup_1 will be routed on clock mesh
PHY-1001 : clock net u_es8388_ctrl/u_es8388_config/u_i2c_dri/dri_clk_syn_4 will be merged with clock u_es8388_ctrl/u_es8388_config/u_i2c_dri/dri_clk
PHY-1001 : clock net u1_es8388_ctrl/u_es8388_config/u_i2c_dri/dri_clk_syn_4 will be merged with clock u1_es8388_ctrl/u_es8388_config/u_i2c_dri/dri_clk
PHY-1001 : eco open net = 0
PHY-1001 : 18 feed throughs used by 16 nets
RUN-1001 : Import IO constraints
RUN-1001 : Import Inst constraints
RUN-1001 : Import design success TD_VERSION=5.6.71036 , DB_VERSION=46146
RUN-1002 : start command "download -bit ES8388_Runs\phy_1\ES8388.bit -mode jtag -spd 7 -sec 64 -cable 0"
PRG-2014 : Chip validation success: EAGLE_S20_BG256
RUN-1002 : start command "bit_to_vec -chip EAGLE_S20_BG256 -m jtag_burst -freq 4 -bit ES8388_Runs/phy_1/ES8388.bit"
RUN-1002 : start command "program -cable 0 -mode svf -spd 7 -p"
RUN-1003 : finish command "program -cable 0 -mode svf -spd 7 -p" in  6.432294s wall, 0.156250s user + 0.671875s system = 0.828125s CPU (12.9%)

RUN-1004 : used memory is 490 MB, reserved memory is 618 MB, peak memory is 581 MB
RUN-1003 : finish command "download -bit ES8388_Runs\phy_1\ES8388.bit -mode jtag -spd 7 -sec 64 -cable 0" in  6.645383s wall, 0.187500s user + 0.765625s system = 0.953125s CPU (14.3%)

RUN-1004 : used memory is 490 MB, reserved memory is 618 MB, peak memory is 581 MB
GUI-1001 : Downloading succeeded!
HDL-1007 : analyze verilog file ../RTL/es8388_ctrl.v
HDL-1007 : analyze verilog file ../RTL/es8388_config.v
HDL-1007 : analyze verilog file ../RTL/audio_receive.v
HDL-1007 : analyze verilog file ../RTL/audio_send.v
HDL-1007 : analyze verilog file ../RTL/i2c_reg_cfg.v
RUN-1001 : reset_run syn_1 phy_1.
GUI-6001 WARNING: File C:/Users/lyw15/Desktop/4S20/es8388/TD/ES8388_Runs/phy_1/ES8388.bit does not exist!
RUN-1001 : launch_runs syn_1 phy_1  -jobs 6.
RUN-1001 : syn_1: run complete.
RUN-1001 : phy_1: run complete.
RUN-1001 : open_run phy_1.
RUN-1002 : start command "import_db C:/Users/lyw15/Desktop/4S20/es8388/TD/ES8388_Runs/phy_1/ES8388_pr.db"
RUN-1001 : Importing database generated by Tang Dynasty, V5.6.71036.
RUN-1001 : Database version number 46146.
RUN-1001 : Import flow parameters
PHY-1001 : Generate detailed routing grids ...
PHY-1001 : Processed IO instance I2S_DATA_syn_4 with INV attribute.
PHY-1001 : Processed IO instance I2S_LRCLK_syn_4 with INV attribute.
PHY-1001 : Processed IO instance aud_dacdat_syn_4 with INV attribute.
PHY-1001 : Processed IO instance aud_dacdat_1_syn_4 with INV attribute.
PHY-1001 : Generate nets ...
PHY-1001 : clock net I2S_BCLK_syn_6 will be merged with clock I2S_BCLK_dup_3
PHY-1001 : clock net aud_bclk_syn_4 will be merged with clock aud_bclk_dup_1
PHY-1001 : clock net aud_bclk_1_syn_4 will be merged with clock aud_bclk_1_dup_1
PHY-1001 : net aud_mclk_dup_1 will be routed on clock mesh
PHY-1001 : net aud_mclk_1_dup_1 will be routed on clock mesh
PHY-1001 : clock net ilaclk_dup_1 will be merged with clock u_pll_clk/clk0_buf
PHY-1001 : clock net ilaclk_1_dup_1 will be merged with clock u1_pll_clk/clk0_buf
PHY-1001 : net sys_clk_dup_1 will be routed on clock mesh
PHY-1001 : clock net u_es8388_ctrl/u_es8388_config/u_i2c_dri/dri_clk_syn_4 will be merged with clock u_es8388_ctrl/u_es8388_config/u_i2c_dri/dri_clk
PHY-1001 : clock net u1_es8388_ctrl/u_es8388_config/u_i2c_dri/dri_clk_syn_4 will be merged with clock u1_es8388_ctrl/u_es8388_config/u_i2c_dri/dri_clk
PHY-1001 : eco open net = 0
PHY-1001 : 16 feed throughs used by 14 nets
RUN-1001 : Import IO constraints
RUN-1001 : Import Inst constraints
RUN-1001 : Import design success TD_VERSION=5.6.71036 , DB_VERSION=46146
RUN-1002 : start command "download -bit ES8388_Runs\phy_1\ES8388.bit -mode jtag -spd 7 -sec 64 -cable 0"
PRG-2014 : Chip validation success: EAGLE_S20_BG256
RUN-1002 : start command "bit_to_vec -chip EAGLE_S20_BG256 -m jtag_burst -freq 4 -bit ES8388_Runs/phy_1/ES8388.bit"
RUN-1002 : start command "program -cable 0 -mode svf -spd 7 -p"
RUN-1003 : finish command "program -cable 0 -mode svf -spd 7 -p" in  6.370177s wall, 0.140625s user + 0.640625s system = 0.781250s CPU (12.3%)

RUN-1004 : used memory is 500 MB, reserved memory is 626 MB, peak memory is 581 MB
RUN-1003 : finish command "download -bit ES8388_Runs\phy_1\ES8388.bit -mode jtag -spd 7 -sec 64 -cable 0" in  6.573166s wall, 0.203125s user + 0.656250s system = 0.859375s CPU (13.1%)

RUN-1004 : used memory is 500 MB, reserved memory is 626 MB, peak memory is 581 MB
GUI-1001 : Downloading succeeded!
HDL-1007 : analyze verilog file ../RTL/audio_receive.v
HDL-1007 : analyze verilog file ../RTL/es8388_ctrl.v
HDL-1007 : analyze verilog file ../RTL/es8388_config.v
HDL-1007 : analyze verilog file ../RTL/i2c_reg_cfg.v
HDL-1007 : analyze verilog file ../RTL/audio_send.v
RUN-1001 : reset_run syn_1 phy_1.
GUI-6001 WARNING: File C:/Users/lyw15/Desktop/4S20/es8388/TD/ES8388_Runs/phy_1/ES8388.bit does not exist!
RUN-1001 : launch_runs syn_1 phy_1  -jobs 6.
RUN-1001 : syn_1: run complete.
RUN-1001 : phy_1: run complete.
RUN-1001 : open_run phy_1.
RUN-1002 : start command "import_db C:/Users/lyw15/Desktop/4S20/es8388/TD/ES8388_Runs/phy_1/ES8388_pr.db"
RUN-1001 : Importing database generated by Tang Dynasty, V5.6.71036.
RUN-1001 : Database version number 46146.
RUN-1001 : Import flow parameters
PHY-1001 : Generate detailed routing grids ...
PHY-1001 : Processed IO instance I2S_DATA_syn_4 with INV attribute.
PHY-1001 : Processed IO instance I2S_LRCLK_syn_4 with INV attribute.
PHY-1001 : Processed IO instance aud_dacdat_syn_4 with INV attribute.
PHY-1001 : Processed IO instance aud_dacdat_1_syn_4 with INV attribute.
PHY-1001 : Generate nets ...
PHY-1001 : clock net I2S_BCLK_syn_6 will be merged with clock I2S_BCLK_dup_3
PHY-1001 : clock net aud_bclk_syn_4 will be merged with clock aud_bclk_dup_1
PHY-1001 : clock net aud_bclk_1_syn_4 will be merged with clock aud_bclk_1_dup_1
PHY-1001 : net aud_mclk_dup_1 will be routed on clock mesh
PHY-1001 : net aud_mclk_1_dup_1 will be routed on clock mesh
PHY-1001 : clock net ilaclk_dup_1 will be merged with clock u_pll_clk/clk0_buf
PHY-1001 : clock net ilaclk_1_dup_1 will be merged with clock u1_pll_clk/clk0_buf
PHY-1001 : net sys_clk_dup_1 will be routed on clock mesh
PHY-1001 : clock net u_es8388_ctrl/u_es8388_config/u_i2c_dri/dri_clk_syn_4 will be merged with clock u_es8388_ctrl/u_es8388_config/u_i2c_dri/dri_clk
PHY-1001 : clock net u1_es8388_ctrl/u_es8388_config/u_i2c_dri/dri_clk_syn_4 will be merged with clock u1_es8388_ctrl/u_es8388_config/u_i2c_dri/dri_clk
PHY-1001 : eco open net = 0
PHY-1001 : 18 feed throughs used by 16 nets
RUN-1001 : Import IO constraints
RUN-1001 : Import Inst constraints
RUN-1001 : Import design success TD_VERSION=5.6.71036 , DB_VERSION=46146
RUN-1002 : start command "download -bit ES8388_Runs\phy_1\ES8388.bit -mode jtag -spd 7 -sec 64 -cable 0"
PRG-2014 : Chip validation success: EAGLE_S20_BG256
RUN-1002 : start command "bit_to_vec -chip EAGLE_S20_BG256 -m jtag_burst -freq 4 -bit ES8388_Runs/phy_1/ES8388.bit"
RUN-1002 : start command "program -cable 0 -mode svf -spd 7 -p"
RUN-1003 : finish command "program -cable 0 -mode svf -spd 7 -p" in  6.411787s wall, 0.156250s user + 0.671875s system = 0.828125s CPU (12.9%)

RUN-1004 : used memory is 507 MB, reserved memory is 636 MB, peak memory is 581 MB
RUN-1003 : finish command "download -bit ES8388_Runs\phy_1\ES8388.bit -mode jtag -spd 7 -sec 64 -cable 0" in  6.621633s wall, 0.218750s user + 0.718750s system = 0.937500s CPU (14.2%)

RUN-1004 : used memory is 507 MB, reserved memory is 636 MB, peak memory is 581 MB
GUI-1001 : Downloading succeeded!
HDL-1007 : analyze verilog file ../RTL/audio_send.v
HDL-1007 : analyze verilog file ../RTL/audio_send.v
HDL-1007 : analyze verilog file ../RTL/audio_receive.v
HDL-1007 : analyze verilog file ../RTL/i2c_reg_cfg.v
HDL-1007 : analyze verilog file ../RTL/es8388_config.v
HDL-1007 : analyze verilog file ../RTL/es8388_ctrl.v
RUN-1001 : reset_run syn_1 phy_1.
GUI-6001 WARNING: File C:/Users/lyw15/Desktop/4S20/es8388/TD/ES8388_Runs/phy_1/ES8388.bit does not exist!
RUN-1001 : launch_runs syn_1 phy_1  -jobs 6.
RUN-1001 : syn_1: run complete.
RUN-1001 : phy_1: run complete.
RUN-1001 : open_run phy_1.
RUN-1002 : start command "import_db C:/Users/lyw15/Desktop/4S20/es8388/TD/ES8388_Runs/phy_1/ES8388_pr.db"
RUN-1001 : Importing database generated by Tang Dynasty, V5.6.71036.
RUN-1001 : Database version number 46146.
RUN-1001 : Import flow parameters
PHY-1001 : Generate detailed routing grids ...
PHY-1001 : Processed IO instance I2S_DATA_syn_4 with INV attribute.
PHY-1001 : Processed IO instance I2S_LRCLK_syn_4 with INV attribute.
PHY-1001 : Processed IO instance aud_dacdat_syn_4 with INV attribute.
PHY-1001 : Processed IO instance aud_dacdat_1_syn_4 with INV attribute.
PHY-1001 : Generate nets ...
PHY-1001 : clock net I2S_BCLK_syn_6 will be merged with clock I2S_BCLK_dup_3
PHY-1001 : clock net aud_bclk_syn_4 will be merged with clock aud_bclk_dup_1
PHY-1001 : clock net aud_bclk_1_syn_4 will be merged with clock aud_bclk_1_dup_1
PHY-1001 : net aud_mclk_dup_1 will be routed on clock mesh
PHY-1001 : net aud_mclk_1_dup_1 will be routed on clock mesh
PHY-1001 : clock net ilaclk_dup_1 will be merged with clock u_pll_clk/clk0_buf
PHY-1001 : clock net ilaclk_1_dup_1 will be merged with clock u1_pll_clk/clk0_buf
PHY-1001 : net sys_clk_dup_1 will be routed on clock mesh
PHY-1001 : clock net u_es8388_ctrl/u_es8388_config/u_i2c_dri/dri_clk_syn_4 will be merged with clock u_es8388_ctrl/u_es8388_config/u_i2c_dri/dri_clk
PHY-1001 : clock net u1_es8388_ctrl/u_es8388_config/u_i2c_dri/dri_clk_syn_4 will be merged with clock u1_es8388_ctrl/u_es8388_config/u_i2c_dri/dri_clk
PHY-1001 : eco open net = 0
PHY-1001 : 16 feed throughs used by 14 nets
RUN-1001 : Import IO constraints
RUN-1001 : Import Inst constraints
RUN-1001 : Import design success TD_VERSION=5.6.71036 , DB_VERSION=46146
RUN-1002 : start command "download -bit ES8388_Runs\phy_1\ES8388.bit -mode jtag -spd 7 -sec 64 -cable 0"
PRG-2014 : Chip validation success: EAGLE_S20_BG256
RUN-1002 : start command "bit_to_vec -chip EAGLE_S20_BG256 -m jtag_burst -freq 4 -bit ES8388_Runs/phy_1/ES8388.bit"
RUN-1002 : start command "program -cable 0 -mode svf -spd 7 -p"
RUN-1003 : finish command "program -cable 0 -mode svf -spd 7 -p" in  6.450169s wall, 0.125000s user + 0.796875s system = 0.921875s CPU (14.3%)

RUN-1004 : used memory is 509 MB, reserved memory is 633 MB, peak memory is 581 MB
RUN-1003 : finish command "download -bit ES8388_Runs\phy_1\ES8388.bit -mode jtag -spd 7 -sec 64 -cable 0" in  6.666854s wall, 0.187500s user + 0.843750s system = 1.031250s CPU (15.5%)

RUN-1004 : used memory is 509 MB, reserved memory is 633 MB, peak memory is 581 MB
GUI-1001 : Downloading succeeded!
RUN-1002 : start command "download -bit ES8388_Runs\phy_1\ES8388.bit -mode jtag -spd 7 -sec 64 -cable 0"
PRG-2014 : Chip validation success: EAGLE_S20_BG256
RUN-1002 : start command "bit_to_vec -chip EAGLE_S20_BG256 -m jtag_burst -freq 4 -bit ES8388_Runs/phy_1/ES8388.bit"
RUN-1002 : start command "program -cable 0 -mode svf -spd 7 -p"
RUN-1003 : finish command "program -cable 0 -mode svf -spd 7 -p" in  6.311831s wall, 0.187500s user + 0.765625s system = 0.953125s CPU (15.1%)

RUN-1004 : used memory is 499 MB, reserved memory is 634 MB, peak memory is 581 MB
RUN-1003 : finish command "download -bit ES8388_Runs\phy_1\ES8388.bit -mode jtag -spd 7 -sec 64 -cable 0" in  6.527188s wall, 0.234375s user + 0.828125s system = 1.062500s CPU (16.3%)

RUN-1004 : used memory is 499 MB, reserved memory is 634 MB, peak memory is 581 MB
GUI-1001 : Downloading succeeded!
RUN-1002 : start command "download -bit ES8388_Runs\phy_1\ES8388.bit -mode jtag -spd 7 -sec 64 -cable 0"
PRG-2014 : Chip validation success: EAGLE_S20_BG256
RUN-1002 : start command "bit_to_vec -chip EAGLE_S20_BG256 -m jtag_burst -freq 4 -bit ES8388_Runs/phy_1/ES8388.bit"
RUN-1002 : start command "program -cable 0 -mode svf -spd 7 -p"
RUN-1003 : finish command "program -cable 0 -mode svf -spd 7 -p" in  6.268969s wall, 0.078125s user + 0.218750s system = 0.296875s CPU (4.7%)

RUN-1004 : used memory is 201 MB, reserved memory is 634 MB, peak memory is 581 MB
RUN-1003 : finish command "download -bit ES8388_Runs\phy_1\ES8388.bit -mode jtag -spd 7 -sec 64 -cable 0" in  6.473380s wall, 0.171875s user + 0.234375s system = 0.406250s CPU (6.3%)

RUN-1004 : used memory is 201 MB, reserved memory is 634 MB, peak memory is 581 MB
GUI-1001 : Downloading succeeded!
HDL-1007 : analyze verilog file al_ip/i2s_tx.v
RUN-1001 : reset_run syn_1 phy_1.
GUI-6001 WARNING: File C:/Users/lyw15/Desktop/4S20/es8388/TD/ES8388_Runs/phy_1/ES8388.bit does not exist!
RUN-1001 : launch_runs syn_1 phy_1  -jobs 6.
RUN-1001 : syn_1: run complete.
RUN-1001 : phy_1: run complete.
RUN-1001 : open_run phy_1.
RUN-1002 : start command "import_db C:/Users/lyw15/Desktop/4S20/es8388/TD/ES8388_Runs/phy_1/ES8388_pr.db"
RUN-1001 : Importing database generated by Tang Dynasty, V5.6.71036.
RUN-1001 : Database version number 46146.
RUN-1001 : Import flow parameters
PHY-1001 : Generate detailed routing grids ...
PHY-1001 : Processed IO instance I2S_DATA_syn_4 with INV attribute.
PHY-1001 : Processed IO instance I2S_LRCLK_syn_4 with INV attribute.
PHY-1001 : Processed IO instance aud_dacdat_syn_4 with INV attribute.
PHY-1001 : Processed IO instance aud_dacdat_1_syn_4 with INV attribute.
PHY-1001 : Generate nets ...
PHY-1001 : clock net I2S_BCLK_syn_6 will be merged with clock I2S_BCLK_dup_3
PHY-1001 : clock net aud_bclk_syn_4 will be merged with clock aud_bclk_dup_1
PHY-1001 : clock net aud_bclk_1_syn_4 will be merged with clock aud_bclk_1_dup_1
PHY-1001 : net aud_mclk_dup_1 will be routed on clock mesh
PHY-1001 : net aud_mclk_1_dup_1 will be routed on clock mesh
PHY-1001 : clock net ilaclk_dup_1 will be merged with clock u_pll_clk/clk0_buf
PHY-1001 : clock net ilaclk_1_dup_1 will be merged with clock u1_pll_clk/clk0_buf
PHY-1001 : net sys_clk_dup_1 will be routed on clock mesh
PHY-1001 : clock net u_es8388_ctrl/u_es8388_config/u_i2c_dri/dri_clk_syn_4 will be merged with clock u_es8388_ctrl/u_es8388_config/u_i2c_dri/dri_clk
PHY-1001 : clock net u1_es8388_ctrl/u_es8388_config/u_i2c_dri/dri_clk_syn_4 will be merged with clock u1_es8388_ctrl/u_es8388_config/u_i2c_dri/dri_clk
PHY-1001 : eco open net = 0
PHY-1001 : 8 feed throughs used by 7 nets
RUN-1001 : Import IO constraints
RUN-1001 : Import Inst constraints
RUN-1001 : Import design success TD_VERSION=5.6.71036 , DB_VERSION=46146
RUN-1003 : finish command "import_db C:/Users/lyw15/Desktop/4S20/es8388/TD/ES8388_Runs/phy_1/ES8388_pr.db" in  1.155931s wall, 0.703125s user + 0.531250s system = 1.234375s CPU (106.8%)

RUN-1004 : used memory is 496 MB, reserved memory is 657 MB, peak memory is 581 MB
RUN-1001 : reset_run syn_1 phy_1.
RUN-1001 : launch_runs syn_1 phy_1  -jobs 6.
RUN-1001 : syn_1: run complete.
RUN-1001 : phy_1: run complete.
RUN-1001 : open_run phy_1.
RUN-1002 : start command "import_db C:/Users/lyw15/Desktop/4S20/es8388/TD/ES8388_Runs/phy_1/ES8388_pr.db"
RUN-1001 : Importing database generated by Tang Dynasty, V5.6.71036.
RUN-1001 : Database version number 46146.
RUN-1001 : Import flow parameters
PHY-1001 : Generate detailed routing grids ...
PHY-1001 : Processed IO instance I2S_DATA_syn_4 with INV attribute.
PHY-1001 : Processed IO instance I2S_LRCLK_syn_4 with INV attribute.
PHY-1001 : Processed IO instance aud_dacdat_syn_4 with INV attribute.
PHY-1001 : Processed IO instance aud_dacdat_1_syn_4 with INV attribute.
PHY-1001 : Generate nets ...
PHY-1001 : clock net I2S_BCLK_syn_6 will be merged with clock I2S_BCLK_dup_3
PHY-1001 : clock net aud_bclk_syn_4 will be merged with clock aud_bclk_dup_1
PHY-1001 : clock net aud_bclk_1_syn_4 will be merged with clock aud_bclk_1_dup_1
PHY-1001 : net aud_mclk_dup_1 will be routed on clock mesh
PHY-1001 : net aud_mclk_1_dup_1 will be routed on clock mesh
PHY-1001 : clock net ilaclk_dup_1 will be merged with clock u_pll_clk/clk0_buf
PHY-1001 : clock net ilaclk_1_dup_1 will be merged with clock u1_pll_clk/clk0_buf
PHY-1001 : net sys_clk_dup_1 will be routed on clock mesh
PHY-1001 : clock net u_es8388_ctrl/u_es8388_config/u_i2c_dri/dri_clk_syn_4 will be merged with clock u_es8388_ctrl/u_es8388_config/u_i2c_dri/dri_clk
PHY-1001 : clock net u1_es8388_ctrl/u_es8388_config/u_i2c_dri/dri_clk_syn_4 will be merged with clock u1_es8388_ctrl/u_es8388_config/u_i2c_dri/dri_clk
PHY-1001 : eco open net = 0
PHY-1001 : 8 feed throughs used by 7 nets
RUN-1001 : Import IO constraints
RUN-1001 : Import Inst constraints
RUN-1001 : Import design success TD_VERSION=5.6.71036 , DB_VERSION=46146
RUN-1002 : start command "download -bit ES8388_Runs\phy_1\ES8388.bit -mode jtag -spd 7 -sec 64 -cable 0"
PRG-2014 : Chip validation success: EAGLE_S20_BG256
RUN-1002 : start command "bit_to_vec -chip EAGLE_S20_BG256 -m jtag_burst -freq 4 -bit ES8388_Runs/phy_1/ES8388.bit"
RUN-1002 : start command "program -cable 0 -mode svf -spd 7 -p"
RUN-1003 : finish command "program -cable 0 -mode svf -spd 7 -p" in  6.277808s wall, 0.187500s user + 0.421875s system = 0.609375s CPU (9.7%)

RUN-1004 : used memory is 518 MB, reserved memory is 664 MB, peak memory is 581 MB
RUN-1003 : finish command "download -bit ES8388_Runs\phy_1\ES8388.bit -mode jtag -spd 7 -sec 64 -cable 0" in  6.482043s wall, 0.234375s user + 0.468750s system = 0.703125s CPU (10.8%)

RUN-1004 : used memory is 518 MB, reserved memory is 664 MB, peak memory is 581 MB
GUI-1001 : Downloading succeeded!
HDL-1007 : analyze verilog file al_ip/i2s_tx.v
HDL-1007 : analyze verilog file al_ip/i2s_tx.v
HDL-1007 : analyze verilog file ../RTL/audio_speak.v
RUN-1001 : reset_run syn_1 phy_1.
GUI-6001 WARNING: File C:/Users/lyw15/Desktop/4S20/es8388/TD/ES8388_Runs/phy_1/ES8388.bit does not exist!
RUN-1001 : launch_runs syn_1 phy_1  -jobs 6.
RUN-1001 : syn_1: run complete.
RUN-1001 : phy_1: run complete.
RUN-1001 : open_run phy_1.
RUN-1002 : start command "import_db C:/Users/lyw15/Desktop/4S20/es8388/TD/ES8388_Runs/phy_1/ES8388_pr.db"
RUN-1001 : Importing database generated by Tang Dynasty, V5.6.71036.
RUN-1001 : Database version number 46146.
RUN-1001 : Import flow parameters
PHY-1001 : Generate detailed routing grids ...
PHY-1001 : Processed IO instance I2S_DATA_syn_4 with INV attribute.
PHY-1001 : Processed IO instance I2S_LRCLK_syn_4 with INV attribute.
PHY-1001 : Processed IO instance aud_dacdat_syn_4 with INV attribute.
PHY-1001 : Processed IO instance aud_dacdat_1_syn_4 with INV attribute.
PHY-1001 : Generate nets ...
PHY-1001 : clock net I2S_BCLK_syn_6 will be merged with clock I2S_BCLK_dup_3
PHY-1001 : clock net aud_bclk_syn_4 will be merged with clock aud_bclk_dup_1
PHY-1001 : clock net aud_bclk_1_syn_4 will be merged with clock aud_bclk_1_dup_1
PHY-1001 : net aud_mclk_dup_1 will be routed on clock mesh
PHY-1001 : net aud_mclk_1_dup_1 will be routed on clock mesh
PHY-1001 : clock net ilaclk_dup_1 will be merged with clock u_pll_clk/clk0_buf
PHY-1001 : clock net ilaclk_1_dup_1 will be merged with clock u1_pll_clk/clk0_buf
PHY-1001 : net sys_clk_dup_1 will be routed on clock mesh
PHY-1001 : clock net u_es8388_ctrl/u_es8388_config/u_i2c_dri/dri_clk_syn_4 will be merged with clock u_es8388_ctrl/u_es8388_config/u_i2c_dri/dri_clk
PHY-1001 : clock net u1_es8388_ctrl/u_es8388_config/u_i2c_dri/dri_clk_syn_4 will be merged with clock u1_es8388_ctrl/u_es8388_config/u_i2c_dri/dri_clk
PHY-1001 : eco open net = 0
PHY-1001 : 9 feed throughs used by 9 nets
RUN-1001 : Import IO constraints
RUN-1001 : Import Inst constraints
RUN-1001 : Import design success TD_VERSION=5.6.71036 , DB_VERSION=46146
RUN-1002 : start command "download -bit ES8388_Runs\phy_1\ES8388.bit -mode jtag -spd 7 -sec 64 -cable 0"
PRG-2014 : Chip validation success: EAGLE_S20_BG256
RUN-1002 : start command "bit_to_vec -chip EAGLE_S20_BG256 -m jtag_burst -freq 4 -bit ES8388_Runs/phy_1/ES8388.bit"
RUN-1002 : start command "program -cable 0 -mode svf -spd 7 -p"
RUN-1003 : finish command "program -cable 0 -mode svf -spd 7 -p" in  6.281673s wall, 0.109375s user + 0.609375s system = 0.718750s CPU (11.4%)

RUN-1004 : used memory is 513 MB, reserved memory is 669 MB, peak memory is 581 MB
RUN-1003 : finish command "download -bit ES8388_Runs\phy_1\ES8388.bit -mode jtag -spd 7 -sec 64 -cable 0" in  6.488750s wall, 0.187500s user + 0.656250s system = 0.843750s CPU (13.0%)

RUN-1004 : used memory is 513 MB, reserved memory is 669 MB, peak memory is 581 MB
GUI-1001 : Downloading succeeded!
HDL-1007 : analyze verilog file ../RTL/es8388_ctrl.v
HDL-1007 : analyze verilog file ../RTL/audio_speak.v
HDL-1007 : analyze verilog file ../RTL/es8388_config.v
HDL-1007 : analyze verilog file ../RTL/i2c_reg_cfg.v
HDL-1007 : analyze verilog file ../RTL/audio_receive.v
HDL-1007 : analyze verilog file ../RTL/audio_send.v
HDL-1007 : analyze verilog file al_ip/i2s_tx.v
HDL-1007 : analyze verilog file ../RTL/audio_speak.v
HDL-1007 : analyze verilog file al_ip/i2s_tx.v
HDL-1007 : analyze verilog file al_ip/i2s_tx.v
RUN-1001 : reset_run syn_1 phy_1.
GUI-6001 WARNING: File C:/Users/lyw15/Desktop/4S20/es8388/TD/ES8388_Runs/phy_1/ES8388.bit does not exist!
RUN-1001 : launch_runs syn_1 phy_1  -jobs 6.
RUN-1001 : syn_1: run complete.
RUN-1001 : phy_1: run complete.
RUN-1001 : open_run phy_1.
RUN-1002 : start command "import_db C:/Users/lyw15/Desktop/4S20/es8388/TD/ES8388_Runs/phy_1/ES8388_pr.db"
RUN-1001 : Importing database generated by Tang Dynasty, V5.6.71036.
RUN-1001 : Database version number 46146.
RUN-1001 : Import flow parameters
PHY-1001 : Generate detailed routing grids ...
PHY-1001 : Processed IO instance I2S_DATA_syn_4 with INV attribute.
PHY-1001 : Processed IO instance aud_dacdat_syn_4 with INV attribute.
PHY-1001 : Processed IO instance aud_dacdat_1_syn_4 with INV attribute.
PHY-1001 : Generate nets ...
PHY-1001 : clock net I2S_BCLK_syn_6 will be merged with clock I2S_BCLK_dup_3
PHY-1001 : clock net aud_bclk_syn_4 will be merged with clock aud_bclk_dup_1
PHY-1001 : clock net aud_bclk_1_syn_4 will be merged with clock aud_bclk_1_dup_1
PHY-1001 : net aud_mclk_dup_1 will be routed on clock mesh
PHY-1001 : net aud_mclk_1_dup_1 will be routed on clock mesh
PHY-1001 : clock net ilaclk_dup_1 will be merged with clock u_pll_clk/clk0_buf
PHY-1001 : clock net ilaclk_1_dup_1 will be merged with clock u1_pll_clk/clk0_buf
PHY-1001 : net sys_clk_dup_1 will be routed on clock mesh
PHY-1001 : clock net u_es8388_ctrl/u_es8388_config/u_i2c_dri/dri_clk_syn_4 will be merged with clock u_es8388_ctrl/u_es8388_config/u_i2c_dri/dri_clk
PHY-1001 : clock net u1_es8388_ctrl/u_es8388_config/u_i2c_dri/dri_clk_syn_4 will be merged with clock u1_es8388_ctrl/u_es8388_config/u_i2c_dri/dri_clk
PHY-1001 : eco open net = 0
PHY-1001 : 18 feed throughs used by 18 nets
RUN-1001 : Import IO constraints
RUN-1001 : Import Inst constraints
RUN-1001 : Import design success TD_VERSION=5.6.71036 , DB_VERSION=46146
RUN-1003 : finish command "import_db C:/Users/lyw15/Desktop/4S20/es8388/TD/ES8388_Runs/phy_1/ES8388_pr.db" in  1.581615s wall, 0.656250s user + 0.500000s system = 1.156250s CPU (73.1%)

RUN-1004 : used memory is 499 MB, reserved memory is 676 MB, peak memory is 581 MB
RUN-1002 : start command "download -bit ES8388_Runs\phy_1\ES8388.bit -mode jtag -spd 7 -sec 64 -cable 0"
PRG-2014 : Chip validation success: EAGLE_S20_BG256
RUN-1002 : start command "bit_to_vec -chip EAGLE_S20_BG256 -m jtag_burst -freq 4 -bit ES8388_Runs/phy_1/ES8388.bit"
RUN-1002 : start command "program -cable 0 -mode svf -spd 7 -p"
RUN-1003 : finish command "program -cable 0 -mode svf -spd 7 -p" in  6.278181s wall, 0.171875s user + 0.468750s system = 0.640625s CPU (10.2%)

RUN-1004 : used memory is 514 MB, reserved memory is 678 MB, peak memory is 581 MB
RUN-1003 : finish command "download -bit ES8388_Runs\phy_1\ES8388.bit -mode jtag -spd 7 -sec 64 -cable 0" in  6.483923s wall, 0.218750s user + 0.531250s system = 0.750000s CPU (11.6%)

RUN-1004 : used memory is 514 MB, reserved memory is 678 MB, peak memory is 581 MB
GUI-1001 : Downloading succeeded!
RUN-1001 : Print Global Property
RUN-1001 : ---------------------------------------------------------------
RUN-1001 :        Parameters        |  Settings  |  Default Values  |  Note  
RUN-1001 : ---------------------------------------------------------------
RUN-1001 :          message         |  standard  |     standard     |        
RUN-1001 :   mixed_pack_place_flow  |     on     |        on        |        
RUN-1001 :        qor_monitor       |    off     |       off        |        
RUN-1001 :        syn_ip_flow       |    off     |       off        |        
RUN-1001 :          thread          |    auto    |       auto       |        
RUN-1001 : ---------------------------------------------------------------
RUN-1001 : Print Design Property
RUN-1001 : --------------------------------------------------------------
RUN-1001 :        Parameters       |  Settings  |  Default Values  |  Note  
RUN-1001 : --------------------------------------------------------------
RUN-1001 :   default_reg_initial   |    auto    |       auto       |        
RUN-1001 :        infer_add        |     on     |        on        |        
RUN-1001 :        infer_fsm        |    off     |       off        |        
RUN-1001 :        infer_mult       |     on     |        on        |        
RUN-1001 :        infer_ram        |     on     |        on        |        
RUN-1001 :        infer_reg        |     on     |        on        |        
RUN-1001 :   infer_reg_init_value  |     on     |        on        |        
RUN-1001 :        infer_rom        |     on     |        on        |        
RUN-1001 :      infer_shifter      |     on     |        on        |        
RUN-1001 : --------------------------------------------------------------
RUN-1001 : Print Rtl Property
RUN-1001 : --------------------------------------------------------------
RUN-1001 :        Parameters       |  Settings  |  Default Values  |  Note  
RUN-1001 : --------------------------------------------------------------
RUN-1001 :       compress_add      |   ripple   |      ripple      |        
RUN-1001 :        elf_sload        |    off     |       off        |        
RUN-1001 :       fix_undriven      |     0      |        0         |        
RUN-1001 :         flatten         |    off     |       off        |        
RUN-1001 :       gate_sharing      |     on     |        on        |        
RUN-1001 :    hdl_warning_level    |   normal   |      normal      |        
RUN-1001 :   impl_internal_tribuf  |     on     |        on        |        
RUN-1001 :      impl_set_reset     |     on     |        on        |        
RUN-1001 :        infer_gsr        |    off     |       off        |        
RUN-1001 :      keep_hierarchy     |    auto    |       auto       |        
RUN-1001 :        max_fanout       |    9999    |       9999       |        
RUN-1001 :      max_oh2bin_len     |     10     |        10        |        
RUN-1001 :       merge_equal       |     on     |        on        |        
RUN-1001 :       merge_equiv       |     on     |        on        |        
RUN-1001 :        merge_mux        |    off     |       off        |        
RUN-1001 :     min_control_set     |     8      |        8         |        
RUN-1001 :      min_ripple_len     |    auto    |       auto       |        
RUN-1001 :       oh2bin_ratio      |    0.08    |       0.08       |        
RUN-1001 :     opt_adder_fanout    |     on     |        on        |        
RUN-1001 :        opt_arith        |     on     |        on        |        
RUN-1001 :       opt_big_gate      |    off     |       off        |        
RUN-1001 :        opt_const        |     on     |        on        |        
RUN-1001 :      opt_const_mult     |     on     |        on        |        
RUN-1001 :       opt_lessthan      |     on     |        on        |        
RUN-1001 :         opt_mux         |    off     |       off        |        
RUN-1001 :         opt_ram         |    high    |       high       |        
RUN-1001 :      rtl_sim_model      |    off     |       off        |        
RUN-1001 :         seq_syn         |     on     |        on        |        
RUN-1001 : --------------------------------------------------------------
HDL-1007 : analyze verilog file al_ip/direction.v
HDL-1007 : analyze verilog file al_ip/direction.v
Oops! 'Signal Segmentation Violation' raised. The backtrace:
[bt] (4)_chkstk
[bt] (5)RtlWow64GetCurrentCpuArea
[bt] (6)KiUserExceptionDispatcher
[bt] (7)QTextLine::naturalTextRect
[bt] (8)QPlainTextEdit::ensureCursorVisible
[bt] (9)QPlainTextEdit::ensureCursorVisible
[bt] (10)QPlainTextEdit::ensureCursorVisible
[bt] (11)QWidgetTextControl::setTextCursor
[bt] (14)QWidget::event
[bt] (15)QFrame::event
[bt] (16)QAbstractScrollArea::event
[bt] (17)QApplicationPrivate::notify_helper
[bt] (18)QApplication::notify
[bt] (19)QCoreApplication::notifyInternal2
[bt] (20)QSizePolicy::QSizePolicy
[bt] (21)QApplicationPrivate::notify_helper
[bt] (22)QApplication::notify
[bt] (23)QCoreApplication::notifyInternal2
[bt] (24)QGuiApplicationPrivate::processKeyEvent
[bt] (25)QWindowSystemInterface::sendWindowSystemEvents
[bt] (26)QEventDispatcherWin32::processEvents
[bt] (27)CallWindowProcW
[bt] (28)IsWindowUnicode
[bt] (29)QEventDispatcherWin32::processEvents
[bt] (30)qt_plugin_query_metadata
[bt] (31)QEventLoop::exec
[bt] (32)QCoreApplication::exec
[bt] (36)BaseThreadInitThunk
[bt] (37)RtlUserThreadStart

